timestamp,ecg,0_x,0_y,0_z,1_x,1_y,1_z,2_x,2_y,2_z,3_x,3_y,3_z,4_x,4_y,4_z,5_x,5_y,5_z,6_x,6_y,6_z,7_x,7_y,7_z,8_x,8_y,8_z,9_x,9_y,9_z,10_x,10_y,10_z,11_x,11_y,11_z,12_x,12_y,12_z,13_x,13_y,13_z,14_x,14_y,14_z,15_x,15_y,15_z,16_x,16_y,16_z,17_x,17_y,17_z,18_x,18_y,18_z,19_x,19_y,19_z,20_x,20_y,20_z,21_x,21_y,21_z,22_x,22_y,22_z,23_x,23_y,23_z,24_x,24_y,24_z,25_x,25_y,25_z,26_x,26_y,26_z,27_x,27_y,27_z,28_x,28_y,28_z,29_x,29_y,29_z,30_x,30_y,30_z,31_x,31_y,31_z,32_x,32_y,32_z,time_sec,label
1761586130.8376627,0,0.8687373399734497,0.5462759733200073,-0.0176135841757059,0.8689337968826294,0.5331261157989502,-0.0310476478189229,0.8711825609207153,0.5307056903839111,-0.0311170164495706,0.8735977411270142,0.527951717376709,-0.0312196109443902,0.8654463887214661,0.5366135239601135,-0.007659375667572,0.8649675250053406,0.5370675325393677,-0.0076528689824044,0.8646003007888794,0.5374059081077576,-0.0077470811083912,0.8884008526802063,0.5191440582275391,-0.0534959323704242,0.8742109537124634,0.5323851108551025,0.0506624467670917,0.879787266254425,0.5503882169723511,-0.0228480249643325,0.8755914568901062,0.553434431552887,0.0072293989360332,0.9382911920547484,0.5540478229522705,-0.0891357287764549,0.8854257464408875,0.5930098295211792,0.1064117103815078,0.947184443473816,0.6479677557945251,-0.1127911359071731,0.883455753326416,0.6760143637657166,0.0619566328823566,0.8759191632270813,0.6260392665863037,-0.0465984754264354,0.8715065121650696,0.6559668779373169,-0.0845678597688674,0.859220027923584,0.6191062927246094,-0.0504508204758167,0.8570511937141418,0.6502783298492432,-0.1041858047246933,0.8571893572807312,0.6085142493247986,-0.0431751310825347,0.8591231107711792,0.6513401865959167,-0.1052552238106727,0.8627570867538452,0.6111574172973633,-0.0385985150933265,0.8641082048416138,0.6499848961830139,-0.0911532267928123,0.9489482641220092,0.747985303401947,-0.0494144149124622,0.9139477014541626,0.7531211972236633,0.0495683923363685,0.9306133985519408,0.8696592450141907,-0.0331988111138343,0.9065914154052734,0.8741174936294556,0.0518849678337574,0.920267939567566,0.990824580192566,0.0400547347962856,0.9164549708366394,0.986717164516449,0.1017704159021377,0.9251735806465148,1.009077548980713,0.0449637845158577,0.9262909889221193,1.0011931657791138,0.1042918711900711,0.8975969552993774,1.030364990234375,-0.0096340449526906,0.8995343446731567,1.0290418863296509,0.0479111336171627,0.0,neutro
1761586130.8900914,0,0.8687655329704285,0.5462756752967834,-0.0116710811853408,0.868942141532898,0.5334627032279968,-0.0279426164925098,0.8711755871772766,0.5311114192008972,-0.0280192755162715,0.8735357522964478,0.5284243822097778,-0.028122866526246,0.8655656576156616,0.5366936326026917,-0.0027829888276755,0.8651677966117859,0.537079930305481,-0.0027351507451385,0.8648850321769714,0.5373987555503845,-0.0028134821914136,0.8878110647201538,0.5194042921066284,-0.0565056689083576,0.8750628232955933,0.5322458744049072,0.0525264330208301,0.8798157572746277,0.5503854751586914,-0.0198625810444355,0.8758737444877625,0.5533839464187622,0.0125671820715069,0.9382942914962769,0.553123414516449,-0.0931565910577774,0.8893803358078003,0.588958203792572,0.1085308045148849,0.945202648639679,0.6479701399803162,-0.1201093941926956,0.8853907585144043,0.670830488204956,0.0559217445552349,0.8761118650436401,0.62617027759552,-0.0600104816257953,0.86888587474823,0.643415093421936,-0.1039805188775062,0.8594253659248352,0.6196382641792297,-0.0669396817684173,0.8551522493362427,0.6377578377723694,-0.1237227469682693,0.8577240705490112,0.60909503698349,-0.0580133311450481,0.8550225496292114,0.6283162236213684,-0.1275353729724884,0.8631826639175415,0.611540675163269,-0.0516672357916832,0.8619260787963867,0.6293331384658813,-0.1121255755424499,0.9442849159240724,0.7490140795707703,-0.0527833811938762,0.9132110476493835,0.7535255551338196,0.0530007481575012,0.9160683751106262,0.8781628012657166,-0.0347539596259593,0.9057241678237916,0.8741578459739685,0.065775454044342,0.9157699346542358,1.0018917322158811,0.0169155709445476,0.91596782207489,0.9920487999916076,0.1021958440542221,0.9215010404586792,1.02280592918396,0.0184685941785573,0.9261634945869446,1.0082013607025146,0.1042741909623146,0.8917173147201538,1.0369828939437866,-0.0396457538008689,0.896893322467804,1.032290816307068,0.0481319315731525,0.0524287223815918,neutro
1761586130.9367187,0,0.8688057065010071,0.5462340116500854,-0.0003403617301955,0.8689839243888855,0.5334730744361877,-0.0171690508723258,0.8711892366409302,0.53114914894104,-0.0172499492764472,0.8735364079475403,0.5284802317619324,-0.0173523779958486,0.8657139539718628,0.5366430282592773,0.0091309202834963,0.8653756976127625,0.5369674563407898,0.0091832103207707,0.8651421666145325,0.5372274518013,0.0091076418757438,0.8875554800033569,0.519477128982544,-0.0506092384457588,0.8755097389221191,0.5321071743965149,0.0662121623754501,0.879833996295929,0.5503843426704407,-0.0090278191491961,0.8759902119636536,0.5533674359321594,0.0248745772987604,0.9386622309684752,0.5530012845993042,-0.0899713411927223,0.8902941942214966,0.585915744304657,0.1227378696203231,0.9444252848625184,0.6482075452804565,-0.1276690512895584,0.8865169286727905,0.6675885915756226,0.0725051611661911,0.8762818574905396,0.6265611052513123,-0.0878412052989006,0.8673410415649414,0.6392707824707031,-0.0818265676498413,0.8596665263175964,0.6201639175415039,-0.0986666530370712,0.8533121943473816,0.6331664323806763,-0.0995061919093132,0.8580196499824524,0.6095687747001648,-0.0871290042996406,0.8525382280349731,0.6225795149803162,-0.1077607050538063,0.8634294271469116,0.6122304201126099,-0.078910581767559,0.8596164584159851,0.6236636638641357,-0.0916796028614044,0.9422656893730164,0.7507162094116211,-0.0565079823136329,0.9113378524780272,0.7541924118995667,0.0567379295825958,0.9134899377822876,0.8826349973678589,-0.0379855707287788,0.9045374989509584,0.8757233023643494,0.0672101527452468,0.912958025932312,1.009806513786316,0.0042942017316818,0.9127156138420104,0.9983975887298584,0.100977137684822,0.9183247685432434,1.0309696197509766,0.0051700216718018,0.9230882525444032,1.0157761573791504,0.1019584313035011,0.8894733190536499,1.0443569421768188,-0.0532057285308837,0.8903018236160278,1.0369369983673096,0.0462552309036254,0.09905600547790527,neutro
1761586130.9827666,0,0.868864893913269,0.5461633205413818,-0.003834820818156,0.8691385984420776,0.5334717631340027,-0.0197170861065387,0.8713248372077942,0.5311596989631653,-0.0197946056723594,0.8736552000045776,0.5285202264785767,-0.0198983512818813,0.8659309148788452,0.5365925431251526,0.0057198535650968,0.8656191825866699,0.5368692874908447,0.0057616820558905,0.8654044270515442,0.5370874404907227,0.0056836167350411,0.887558102607727,0.5196272134780884,-0.0522344186902046,0.8762960433959961,0.5319414138793945,0.0633639544248581,0.8798801302909851,0.5503526329994202,-0.011587762273848,0.8761175274848938,0.5533713698387146,0.0214559212327003,0.9390700459480286,0.5530055165290833,-0.0954752787947654,0.8914254307746887,0.5850337147712708,0.1227155923843383,0.9434785842895508,0.6483287811279297,-0.1431505978107452,0.8870169520378113,0.6651229858398438,0.0800038501620292,0.8761609792709351,0.626641035079956,-0.1076739802956581,0.859638512134552,0.6408287286758423,-0.0662862434983253,0.859222412109375,0.6201655268669128,-0.1180829256772995,0.8512887954711914,0.6349102854728699,-0.0826855227351188,0.8575142621994019,0.6096673607826233,-0.1077119261026382,0.8507049679756165,0.6251516938209534,-0.0914596244692802,0.8629345893859863,0.6124662160873413,-0.099032312631607,0.8582512736320496,0.6257091164588928,-0.0762417465448379,0.9412320852279664,0.7511523962020874,-0.0601458065211772,0.9102028608322144,0.7546190619468689,0.0603226795792579,0.911810576915741,0.8831342458724976,-0.0413263291120529,0.9029944539070128,0.8759366273880005,0.0733210891485214,0.9116653203964232,1.0108038187026978,-0.0062271659262478,0.9124352335929872,0.9981936812400818,0.1009231582283973,0.91782808303833,1.0322163105010986,-0.0057104416191577,0.9230681657791138,1.015903115272522,0.1015467494726181,0.8862711787223816,1.045493721961975,-0.0632218495011329,0.8841174244880676,1.0105465650558472,0.0471067391335964,0.14510393142700195,neutro
1761586131.0300572,0,0.8691158294677734,0.5456305742263794,-0.0029438715428113,0.8694936633110046,0.533204972743988,-0.0191358476877212,0.8716956973075867,0.5309724807739258,-0.0192116294056177,0.8740867376327515,0.5283769369125366,-0.019308004528284,0.8662441968917847,0.5362017750740051,0.0069940774701535,0.8659080266952515,0.5364121794700623,0.0070431195199489,0.8656700253486633,0.5365923047065735,0.0069791264832019,0.887600302696228,0.5196258425712585,-0.0511329285800457,0.8767024874687195,0.5315837264060974,0.0660791546106338,0.8801040649414062,0.550081193447113,-0.0107172112911939,0.8763386011123657,0.5532005429267883,0.0228906441479921,0.9391722679138184,0.552801251411438,-0.0949646010994911,0.8920825719833374,0.5835440754890442,0.127351701259613,0.9430605173110962,0.648332953453064,-0.1381781548261642,0.8871853947639465,0.6642149686813354,0.0827520713210105,0.8749173283576965,0.6266041398048401,-0.0921774432063102,0.8565198183059692,0.6426958441734314,-0.0659171491861343,0.8578065633773804,0.6197986006736755,-0.1009780541062355,0.8495329022407532,0.6336901783943176,-0.082622230052948,0.856056809425354,0.6094505190849304,-0.0907085090875625,0.8488093614578247,0.6222817897796631,-0.0906450599431991,0.8612664341926575,0.6122670769691467,-0.0832359492778778,0.8563929796218872,0.6225094199180603,-0.0756858065724372,0.9390729069709778,0.751212477684021,-0.0604188553988933,0.9091960191726683,0.7546654343605042,0.0605738684535026,0.912180244922638,0.8833469152450562,-0.0440531522035598,0.8998532295227051,0.875943124294281,0.0706725269556045,0.910110354423523,1.0116922855377195,-0.0125810923054814,0.9108940958976746,0.999066948890686,0.0955579131841659,0.915950894355774,1.0336410999298096,-0.0123498309403657,0.921662986278534,1.0171210765838623,0.0953066572546958,0.8859825134277344,1.0454856157302856,-0.0694752633571624,0.8841449618339539,1.0272212028503418,0.0431332439184188,0.19239449501037598,neutro
1761586131.0768862,0,0.8728588819503784,0.541121244430542,-0.0501456931233406,0.8743752241134644,0.5281589031219482,-0.0599230341613292,0.8772073984146118,0.5252860188484192,-0.0600090697407722,0.8799830675125122,0.5223768353462219,-0.0601135678589344,0.8689051866531372,0.5325557589530945,-0.0382831543684005,0.8677629232406616,0.5332707166671753,-0.0382285565137863,0.8668026924133301,0.5339836478233337,-0.0382767058908939,0.8918083310127258,0.5170553922653198,-0.0556555278599262,0.8766721487045288,0.5310513973236084,0.0424602963030338,0.8832669258117676,0.5457048416137695,-0.0439189001917839,0.8780524134635925,0.5496107339859009,-0.0161573104560375,0.9391692876815796,0.5528282523155212,-0.0947095528244972,0.8922221064567566,0.5830721259117126,0.1266621947288513,0.9431206583976746,0.6485983729362488,-0.1626364886760711,0.8874063491821289,0.6631839275360107,0.085507720708847,0.8752123117446899,0.6266201734542847,-0.1720248162746429,0.8586403727531433,0.6353040933609009,-0.0683315023779869,0.857827365398407,0.62028568983078,-0.1869111955165863,0.848000705242157,0.6301426291465759,-0.0842557176947593,0.8560749888420105,0.6096457242965698,-0.1739603728055954,0.8471305966377258,0.6199569702148438,-0.0915203392505645,0.8613162040710449,0.6125099062919617,-0.1631750166416168,0.8548756837844849,0.6208528280258179,-0.0776695162057876,0.9375783801078796,0.751602053642273,-0.0628372207283973,0.9071351885795592,0.7546495795249939,0.063003122806549,0.9099888801574708,0.8834119439125061,-0.0562583208084106,0.900296688079834,0.8747959136962891,0.0762150958180427,0.9071304202079772,1.0113136768341064,-0.0288961343467235,0.9111801385879515,0.9982069730758668,0.1002777814865112,0.9139448404312134,1.03197181224823,-0.0289593189954757,0.92180997133255,1.0159703493118286,0.0997726842761039,0.8803545236587524,1.0484439134597778,-0.093899592757225,0.8850264549255371,1.0323703289031982,0.0477941893041133,0.23922348022460938,neutro
1761586131.123309,0,0.8756203651428223,0.5372578501701355,-0.0673800110816955,0.8779048919677734,0.5242875218391418,-0.0757184699177742,0.8809115290641785,0.5212453603744507,-0.0758175775408744,0.883948802947998,0.5182899236679077,-0.0759316608309745,0.8709152340888977,0.5293596386909485,-0.0550831258296966,0.8691713213920593,0.5304027199745178,-0.0550242252647876,0.8676162958145142,0.5314810276031494,-0.0550784952938556,0.8949081301689148,0.5154876708984375,-0.0601807162165641,0.8761876225471497,0.5303733944892883,0.0316189751029014,0.8857547044754028,0.5423352718353271,-0.0574232339859008,0.8794519305229187,0.546688973903656,-0.0310036875307559,0.9391686320304872,0.5528042316436768,-0.0948005840182304,0.892055869102478,0.5826593637466431,0.1282946467399597,0.9431445002555848,0.6486965417861938,-0.1691078841686248,0.8873351216316223,0.663067638874054,0.0918552353978157,0.8757492899894714,0.6268227696418762,-0.1900694072246551,0.8598185777664185,0.6369612216949463,-0.0666698962450027,0.8580160140991211,0.6215758919715881,-0.2070015966892242,0.8476775288581848,0.6289567947387695,-0.0821479111909866,0.856118381023407,0.6104175448417664,-0.1949144601821899,0.8466562032699585,0.6200053691864014,-0.0903535708785057,0.8613901138305664,0.6132180094718933,-0.1817905902862548,0.854569137096405,0.6221887469291687,-0.0764512419700622,0.9363398551940918,0.7528573870658875,-0.0630306825041771,0.9048336148262024,0.754694938659668,0.0632064193487167,0.9102541208267212,0.8847224712371826,-0.0578450448811054,0.9004467129707336,0.8752908706665039,0.0733182430267334,0.9056748151779176,1.0095406770706177,-0.0192204099148511,0.9123781323432922,0.999862015247345,0.0994406044483184,0.91444331407547,1.031578540802002,-0.0183202512562274,0.9233738780021667,1.0184279680252075,0.0990733131766319,0.8805526494979858,1.0506500005722046,-0.0855189263820648,0.8862096071243286,1.0386408567428589,0.0441310182213783,0.2856462001800537,neutro
1761586131.1705709,0,0.8769695162773132,0.5349858999252319,-0.0669421777129173,0.8796569108963013,0.5221859216690063,-0.0749436244368553,0.882630467414856,0.5193003416061401,-0.0750360935926437,0.8858512043952942,0.5163275003433228,-0.0751488283276557,0.8720723390579224,0.5271719098091125,-0.0547640807926654,0.8700637817382812,0.5283349752426147,-0.0547116510570049,0.868186354637146,0.5296151041984558,-0.0547748990356922,0.8968251347541809,0.5147019624710083,-0.0594854280352592,0.8759379386901855,0.5297324061393738,0.0316215232014656,0.8872284889221191,0.5404411554336548,-0.0564663186669349,0.8803150057792664,0.5451301336288452,-0.0306474771350622,0.9392808079719543,0.5527986884117126,-0.0942615941166877,0.8918954133987427,0.5824829339981079,0.1299078613519668,0.9432001113891602,0.648578941822052,-0.1651296317577362,0.8872668147087097,0.6601139903068542,0.0869608670473098,0.8757675290107727,0.627118706703186,-0.1763306260108947,0.8604715466499329,0.6361597180366516,-0.0802385210990905,0.8580398559570312,0.6221147179603577,-0.1916664093732834,0.8481415510177612,0.6286426186561584,-0.0967474579811096,0.8561150431632996,0.6110244989395142,-0.1807482093572616,0.8472768068313599,0.6203696727752686,-0.1042806878685951,0.8613874316215515,0.613937497138977,-0.1683288663625717,0.854742169380188,0.6223264932632446,-0.0900885909795761,0.9363343119621276,0.7544111609458923,-0.0633768886327743,0.9047042727470398,0.7550762891769409,0.0635761469602584,0.910581111907959,0.8856658339500427,-0.0616725459694862,0.9006312489509583,0.8753040432929993,0.0743083357810974,0.9042851328849792,1.0088692903518677,-0.0323097333312034,0.9112229347229004,1.0023218393325806,0.0985620617866516,0.914615035057068,1.0345947742462158,-0.0325865671038627,0.9221595525741576,1.0220444202423096,0.0979392006993293,0.8787473440170288,1.0546972751617432,-0.1012150272727012,0.8829547762870789,1.042501449584961,0.0423821881413459,0.33290815353393555,neutro
1761586131.216719,0,0.8777292966842651,0.5331512689590454,-0.0678929537534713,0.8803738355636597,0.5203638672828674,-0.0756523013114929,0.8833219408988953,0.5174384713172913,-0.0757566019892692,0.8865984082221985,0.5144779682159424,-0.0758615434169769,0.872564435005188,0.5255900025367737,-0.0555144064128398,0.8704649806022644,0.5268667340278625,-0.0554645955562591,0.8684423565864563,0.5283073782920837,-0.0555218569934368,0.8977112770080566,0.5136528611183167,-0.0617200545966625,0.8756952285766602,0.5290851593017578,0.028335440903902,0.8882796168327332,0.5386894941329956,-0.0589432530105114,0.8810234069824219,0.5438084006309509,-0.0329096093773841,0.9397713541984558,0.5527935028076172,-0.0942768231034278,0.8918697237968445,0.5827255845069885,0.1270418763160705,0.9432465434074402,0.6485964059829712,-0.1732986867427826,0.8870118856430054,0.6609761714935303,0.1231987327337265,0.8757737874984741,0.6271432638168335,-0.2080327719449997,0.8535674214363098,0.6399386525154114,0.0187303852289915,0.8579913377761841,0.6222228407859802,-0.2260107696056366,0.8478823900222778,0.6298583149909973,0.0093602128326892,0.8560840487480164,0.6111546754837036,-0.2146224975585937,0.8469340205192566,0.6221559047698975,-0.0025036381557583,0.8613017797470093,0.614046037197113,-0.2007294595241546,0.8539789915084839,0.623022735118866,0.0088274022564291,0.9362956881523132,0.7542639374732971,-0.062684915959835,0.9032084345817566,0.7550192475318909,0.0628771185874939,0.9110882878303528,0.8850142359733582,-0.0666361153125763,0.9009777307510376,0.8711938261985779,0.0734696388244628,0.9032901525497437,1.005399465560913,-0.0416955575346946,0.9128469228744508,0.9981238842010498,0.0965481251478195,0.9132862091064452,1.0330822467803955,-0.0422389023005962,0.9237302541732788,1.017611384391785,0.0963363945484161,0.8788735270500183,1.0537760257720947,-0.1125558242201805,0.8863040208816528,1.0424071550369265,0.0409529879689216,0.3790562152862549,neutro
1761586131.26259,0,0.8784136772155762,0.5320815443992615,-0.0806802660226821,0.880980372428894,0.5191740393638611,-0.0885030180215835,0.8839495778083801,0.5164719223976135,-0.0885933637619018,0.8874003291130066,0.5135571360588074,-0.0886946767568588,0.8730983734130859,0.5243932604789734,-0.0680632218718528,0.8709704279899597,0.525745153427124,-0.0680182725191116,0.8688682317733765,0.527229905128479,-0.0680840536952018,0.8985455632209778,0.5129231214523315,-0.0698176175355911,0.8756674528121948,0.528229832649231,0.0207061078399419,0.8890742063522339,0.5378782749176025,-0.069762572646141,0.8816516995429993,0.5431505441665649,-0.0435674488544464,0.939842402935028,0.5527791976928711,-0.1013689413666725,0.8917893171310425,0.5828847885131836,0.1259865164756775,0.9432264566421508,0.6486107110977173,-0.1809681802988052,0.8868502378463745,0.6613645553588867,0.1058043837547302,0.87577885389328,0.6271329522132874,-0.2078312933444976,0.8528572916984558,0.6384201049804688,-0.0231570564210414,0.8579925298690796,0.6226004362106323,-0.2255102843046188,0.8471189737319946,0.63014155626297,-0.0393964871764183,0.85600745677948,0.6113345623016357,-0.2141917049884796,0.8468493223190308,0.622140645980835,-0.0460063517093658,0.8611360788345337,0.6140353679656982,-0.1999623775482177,0.8540679216384888,0.6238042116165161,-0.0317318998277187,0.9364161491394044,0.7552698850631714,-0.0637276917695999,0.9037378430366516,0.7557529807090759,0.0639222338795661,0.9110738635063172,0.8864091038703918,-0.0645592287182807,0.9025834798812866,0.8714753985404968,0.0776853635907173,0.9038092494010924,1.0031484365463257,-0.0271920748054981,0.9139937162399292,0.9983512163162231,0.1114906668663024,0.913324236869812,1.0329874753952026,-0.0265478398650884,0.9247276186943054,1.0176283121109009,0.1123617142438888,0.8781485557556152,1.0528589487075806,-0.0935825183987617,0.8868134617805481,1.041068434715271,0.0566774122416973,0.4249272346496582,neutro
1761586131.3087602,0,0.8789052963256836,0.5307212471961975,-0.1085304766893386,0.8814818263053894,0.51795893907547,-0.1146773472428321,0.8844809532165527,0.5153318643569946,-0.1147525757551193,0.8880346417427063,0.5125249624252319,-0.1148492693901062,0.8735078573226929,0.5231490135192871,-0.0947276800870895,0.8713330030441284,0.5245304107666016,-0.0946855917572975,0.8691601753234863,0.5260789394378662,-0.0947636216878891,0.8991033434867859,0.5122631192207336,-0.0876161903142929,0.8755947351455688,0.5275261402130127,0.001489607268013,0.8896843791007996,0.5367511510848999,-0.0945588871836662,0.8820018768310547,0.5420328974723816,-0.0688733533024787,0.9399207234382628,0.552763819694519,-0.1133815646171569,0.8917096257209778,0.5829527378082275,0.1119143590331077,0.9432433247566224,0.6488958597183228,-0.1976289451122284,0.8871262669563293,0.6614295244216919,0.1016957908868789,0.8759169578552246,0.6272419095039368,-0.2426852732896804,0.8563051223754883,0.6389676928520203,-0.0325625464320182,0.8580909967422485,0.6229615807533264,-0.2637488842010498,0.8476992845535278,0.6306465268135071,-0.0458812490105629,0.8560638427734375,0.6115332245826721,-0.2529272437095642,0.8476259112358093,0.6228362321853638,-0.0553925745189189,0.8611536026000977,0.6141635775566101,-0.2357766926288604,0.8542014956474304,0.6244713664054871,-0.0418774113059043,0.9361435770988464,0.7575488686561584,-0.0641115084290504,0.904120147228241,0.7572634220123291,0.0643185526132583,0.9111486673355104,0.8882001042366028,-0.0637524798512458,0.9046530723571776,0.8715589046478271,0.0876887291669845,0.9040485620498656,1.0020976066589355,-0.0227336734533309,0.9186677932739258,0.996367573738098,0.1384960711002349,0.9134595990180968,1.0325298309326172,-0.0224781706929206,0.9294289350509644,1.0150340795516968,0.1406949758529663,0.8781163096427917,1.0527949333190918,-0.0864999219775199,0.893322765827179,1.039801836013794,0.0849210023880004,0.471097469329834,neutro
1761586131.357075,0,0.8794004321098328,0.5297585725784302,-0.0991316884756088,0.8819419741630554,0.5169722437858582,-0.1051649898290634,0.8850365877151489,0.514349102973938,-0.1052452474832534,0.8886278867721558,0.5116735696792603,-0.1053392142057418,0.8738095164299011,0.5221034288406372,-0.0855148583650589,0.8715775609016418,0.5233995318412781,-0.0854620486497879,0.8693432807922363,0.5248764753341675,-0.0855244845151901,0.8995672464370728,0.5116928219795227,-0.0817076489329338,0.8754252195358276,0.5265557169914246,0.0071972636505961,0.890117347240448,0.5361598134040833,-0.0862555280327797,0.8822299838066101,0.5411393642425537,-0.0608385801315307,0.9399371147155762,0.5527158975601196,-0.1092853099107742,0.891625702381134,0.5830219388008118,0.1112033277750015,0.9432204365730286,0.6495158076286316,-0.1881671845912933,0.8871058225631714,0.6669952869415283,0.0866841077804565,0.875902533531189,0.6273043751716614,-0.2269486486911773,0.8588760495185852,0.6393279433250427,-0.0766810774803161,0.8580878376960754,0.6229648590087891,-0.2466980516910553,0.8486149907112122,0.6309862732887268,-0.0933749005198478,0.8560676574707031,0.6115477085113525,-0.2345690429210662,0.8478549718856812,0.622926652431488,-0.1024988144636154,0.861147403717041,0.6141589879989624,-0.2191562950611114,0.854363739490509,0.6247726678848267,-0.0864632651209831,0.93600195646286,0.7576693296432495,-0.0636843889951706,0.9041617512702942,0.7575057744979858,0.0638877898454666,0.9110523462295532,0.8880394697189331,-0.069481149315834,0.9061881303787231,0.8716124296188354,0.0852856189012527,0.9041665196418762,1.0020512342453003,-0.0265772305428981,0.9190494418144226,0.9964223504066468,0.1338011026382446,0.91359281539917,1.0320613384246826,-0.0257512591779232,0.9296427965164183,1.014973759651184,0.1359018385410308,0.8781675100326538,1.0539085865020752,-0.0951230227947235,0.8948270082473755,1.0396604537963867,0.080722838640213,0.5194122791290283,neutro
1761586131.4039874,0,0.881439208984375,0.5271337032318115,-0.1081506162881851,0.8838226199150085,0.5141869783401489,-0.1106032729148864,0.8872058987617493,0.5116968750953674,-0.1106917113065719,0.8905856013298035,0.5093981027603149,-0.1107925400137901,0.8753329515457153,0.5200572609901428,-0.0922969803214073,0.8727896809577942,0.5214787125587463,-0.0922344103455543,0.8704138994216919,0.5228512287139893,-0.0922919139266014,0.901650607585907,0.5104991793632507,-0.0782093033194542,0.8754281997680664,0.5251873731613159,0.0066472627222537,0.8918668627738953,0.5344505906105042,-0.0918126925826072,0.8831601142883301,0.539303183555603,-0.0680159702897071,0.9400142431259156,0.5527070760726929,-0.1074515357613563,0.8910158276557922,0.5830788016319275,0.1120525375008583,0.9440162777900696,0.6495046019554138,-0.1991850435733795,0.8867908716201782,0.668269157409668,0.1210704818367958,0.876879870891571,0.6274171471595764,-0.2757226526737213,0.8593646287918091,0.6485164165496826,0.0017993561923503,0.8582872152328491,0.6232880353927612,-0.3011112213134765,0.8486711382865906,0.6349579691886902,-0.0088116582483053,0.8563238382339478,0.6118581295013428,-0.2882778346538543,0.8479092717170715,0.6257280707359314,-0.0234218053519725,0.8613671064376831,0.6143845319747925,-0.2688345909118652,0.8545588254928589,0.62870192527771,-0.0088470820337533,0.9359698295593262,0.7574825286865234,-0.0637372285127639,0.9041022062301636,0.7574953436851501,0.0639421790838241,0.9107602834701538,0.8877637386322021,-0.0783016756176948,0.906324565410614,0.8711709380149841,0.0826123729348182,0.9036911129951476,1.0022099018096924,-0.0351379550993442,0.919414520263672,0.9966719150543212,0.1303690373897552,0.9128060340881348,1.0318477153778076,-0.0339215099811553,0.9299357533454896,1.0150175094604492,0.1323889940977096,0.8769596219062805,1.056697130203247,-0.1068378686904907,0.8963901400566101,1.040642261505127,0.0745821222662925,0.5663247108459473,neutro
1761586131.4498923,0,0.8825238943099976,0.525063693523407,-0.1240459457039833,0.8848180770874023,0.5123913884162903,-0.1249600052833557,0.8882859945297241,0.5100443363189697,-0.1250480264425277,0.8915458917617798,0.507972776889801,-0.1251471638679504,0.876244843006134,0.5185649394989014,-0.1074368208646774,0.8735164403915405,0.5200871825218201,-0.1073750481009483,0.8710556030273438,0.5214324593544006,-0.1074379831552505,0.9028465151786804,0.5096924304962158,-0.0843292400240898,0.8754259943962097,0.5242265462875366,-0.004428784828633,0.8927239179611206,0.53287273645401,-0.1057145223021507,0.8836383819580078,0.5376695990562439,-0.0828173980116844,0.9402649998664856,0.5527015328407288,-0.1072173863649368,0.8903441429138184,0.5831364393234253,0.1035185828804969,0.9447342157363892,0.6494197249412537,-0.2080667912960052,0.8866975903511047,0.668308675289154,0.1331182420253753,0.8776777982711792,0.6274421215057373,-0.2949985563755035,0.860813319683075,0.6559189558029175,0.0363081470131874,0.8587087392807007,0.623437225818634,-0.3221944570541382,0.8497151136398315,0.6484683752059937,0.0274207834154367,0.8568207621574402,0.6120356321334839,-0.3099542558193207,0.8479728698730469,0.6333766579627991,0.0103363702073693,0.8618658781051636,0.614501953125,-0.2889513969421386,0.8551421165466309,0.6376723647117615,0.0253032445907592,0.9360116720199584,0.7574568390846252,-0.0637033283710479,0.9040139317512512,0.7574651837348938,0.0639152377843856,0.910953402519226,0.8875138163566589,-0.0770110338926315,0.906328022480011,0.8708000779151917,0.0735668912529945,0.9036752581596376,1.0021063089370728,-0.0340860188007354,0.9193885922431946,0.9945856928825378,0.1270688623189926,0.912453830242157,1.027246594429016,-0.0293275658041238,0.9281505346298218,0.991572380065918,0.1292888820171356,0.8774797320365906,1.0559215545654297,-0.0985567569732666,0.8975452184677124,1.040255427360535,0.0706971138715744,0.612229585647583,neutro
1761586131.4960449,0,0.8827307820320129,0.5247069001197815,-0.106084369122982,0.8849425315856934,0.5120626091957092,-0.1096295565366745,0.8884577751159668,0.5096353888511658,-0.1097176223993301,0.8917204737663269,0.5075170993804932,-0.1098193302750587,0.8764646649360657,0.5182717442512512,-0.0907289013266563,0.8737901449203491,0.5197603702545166,-0.0906697958707809,0.8713799715042114,0.5210745334625244,-0.0907271057367324,0.9032596349716188,0.5092338919639587,-0.0830356776714325,0.8754645586013794,0.5238073468208313,0.0045559732243418,0.8930400013923645,0.5324069857597351,-0.0912218913435936,0.8838799595832825,0.5371698141098022,-0.0666913837194442,0.9404991269111632,0.5526886582374573,-0.1061254516243934,0.8902219533920288,0.5830804109573364,0.112609289586544,0.9452191591262816,0.6493991613388062,-0.1973675787448883,0.8867416381835938,0.6682388782501221,0.1264279186725616,0.878088116645813,0.6274051070213318,-0.2568891644477844,0.8612319827079773,0.6554682850837708,-0.0228840671479702,0.859002411365509,0.6234171390533447,-0.2798985838890075,0.8497794270515442,0.6449949741363525,-0.0368218980729579,0.8572168350219727,0.6120269894599915,-0.2671442329883575,0.8480890989303589,0.63135826587677,-0.0508254282176494,0.8621988296508789,0.6144648790359497,-0.2495142966508865,0.8552045822143555,0.637403666973114,-0.0341883189976215,0.9361075162887572,0.7573158144950867,-0.0646675825119018,0.9041121602058412,0.7574506402015686,0.0648812353610992,0.910864531993866,0.8878012895584106,-0.0798990055918693,0.906279683113098,0.870884120464325,0.0781213417649269,0.9038637280464172,1.0025805234909058,-0.0431265160441398,0.9197279214859008,0.99625962972641,0.1257806122303009,0.9123096466064452,1.0291966199874878,-0.041856549680233,0.9293821454048156,1.0052138566970823,0.1275987476110458,0.8761669993400574,1.0575108528137207,-0.11309065669775,0.8971951603889465,1.0413089990615845,0.0699876695871353,0.6583821773529053,neutro
1761586131.5409513,0,0.8828592300415039,0.523769736289978,-0.1033108457922935,0.8849418759346008,0.5112945437431335,-0.1064773425459861,0.8884280920028687,0.5088627338409424,-0.1065605133771896,0.8916851282119751,0.506766676902771,-0.1066604703664779,0.8765673637390137,0.5176963210105896,-0.0878029316663742,0.8739044070243835,0.519241988658905,-0.0877370983362197,0.8715198636054993,0.5205827355384827,-0.0877996906638145,0.9034355878829956,0.5085397958755493,-0.0824779272079467,0.8754787445068359,0.5234062671661377,0.0082369074225425,0.8932085037231445,0.5316885709762573,-0.0881387814879417,0.884067714214325,0.5364611148834229,-0.063932254910469,0.9406803250312804,0.5526840090751648,-0.1052812114357948,0.8897010684013367,0.5830914378166199,0.1137912273406982,0.9457745552062988,0.6493988037109375,-0.1934516876935959,0.8862317800521851,0.6714838147163391,0.1168044060468673,0.8788625001907349,0.6274029612541199,-0.2572456002235412,0.855202317237854,0.65398770570755,-0.025660702958703,0.8590636253356934,0.6232461929321289,-0.280880868434906,0.8489767909049988,0.6444758176803589,-0.0392906479537487,0.8573237657546997,0.6117841601371765,-0.2679142951965332,0.8475837707519531,0.6310268640518188,-0.0525184571743011,0.862387478351593,0.6142129898071289,-0.2498594224452972,0.8551387786865234,0.6373370885848999,-0.0356227830052375,0.9361783862113952,0.7572677135467529,-0.064962700009346,0.9038044810295104,0.7571478486061096,0.0651679039001464,0.9102999567985536,0.888152539730072,-0.0782156437635421,0.9062411189079284,0.8709611296653748,0.0819884240627288,0.9035043716430664,1.0029127597808838,-0.0421606265008449,0.9196499586105348,0.9965305924415588,0.1283893585205078,0.9115872383117676,1.030848741531372,-0.0415596514940261,0.9292615652084352,1.0096585750579834,0.1300446391105651,0.873566746711731,1.059125542640686,-0.1147708147764206,0.8966968655586243,1.041263222694397,0.0725596398115158,0.7032885551452637,neutro
1761586131.587873,0,0.8831893801689148,0.5228419303894043,-0.1160087212920188,0.8852302432060242,0.5104241967201233,-0.1181500330567359,0.8887019157409668,0.5080475807189941,-0.1182308197021484,0.8918794393539429,0.5060417652130127,-0.11833306401968,0.8768572807312012,0.5169898867607117,-0.100247286260128,0.8741135597229004,0.518636167049408,-0.1001831069588661,0.8717098236083984,0.5200167894363403,-0.1002666801214218,0.9036151170730592,0.5079982876777649,-0.0829930752515792,0.8754776120185852,0.5229589939117432,0.0001678326225373,0.8934205770492554,0.5309454202651978,-0.0986897647380828,0.8842377662658691,0.5357576608657837,-0.0754648968577385,0.9407577514648438,0.5526771545410156,-0.1065601706504821,0.8889821171760559,0.5831137299537659,0.1099991053342819,0.9464502334594728,0.649203360080719,-0.2097418755292892,0.8857930898666382,0.6733070611953735,0.1276643127202987,0.8793138265609741,0.6273152828216553,-0.3028474450111389,0.8535221815109253,0.6539542078971863,0.009352215565741,0.859076976776123,0.623166024684906,-0.331111192703247,0.8485974073410034,0.6429542899131775,-0.0017670271918177,0.8573741912841797,0.6117666959762573,-0.3194367587566376,0.8468770980834961,0.6302639842033386,-0.0175606105476617,0.8624241948127747,0.614071786403656,-0.2968571186065674,0.8546613454818726,0.6354230642318726,-0.0015005286550149,0.9362021684646606,0.7571971416473389,-0.0648596584796905,0.90361750125885,0.7571321129798889,0.0650667250156402,0.9103032946586608,0.8881472945213318,-0.0761767923831939,0.9064534306526184,0.8710247278213501,0.0844804123044014,0.9033430218696594,1.0029292106628418,-0.0345807783305645,0.9195855259895324,0.9962606430053712,0.1444999724626541,0.910679042339325,1.031548261642456,-0.0333874821662902,0.929214358329773,1.01014244556427,0.1472322046756744,0.8716882467269897,1.058867573738098,-0.1073691248893737,0.8966601490974426,1.0408247709274292,0.0845290571451187,0.7502102851867676,neutro
1761586131.6332412,0,0.8836021423339844,0.5221040844917297,-0.1137250661849975,0.8857060670852661,0.5095536708831787,-0.1155894994735717,0.8891727328300476,0.5072597861289978,-0.1156740561127662,0.8922837376594543,0.5053470730781555,-0.1157751306891441,0.8771846890449524,0.5161749720573425,-0.0975971072912216,0.8743079304695129,0.5179265141487122,-0.0975303947925567,0.8718560338020325,0.5193429589271545,-0.0975892096757888,0.9039677381515504,0.5075491666793823,-0.0811205729842186,0.8754509091377258,0.5225360989570618,0.0030848626047372,0.893656849861145,0.5304744243621826,-0.096205934882164,0.8843684196472168,0.5352017879486084,-0.0728931948542594,0.9407553672790528,0.552623450756073,-0.1050811409950256,0.8887656927108765,0.5830840468406677,0.1111377105116844,0.9471290707588196,0.6490625143051147,-0.2016663253307342,0.8857007026672363,0.6739282608032227,0.1180672273039817,0.8797548413276672,0.6272993087768555,-0.2714570164680481,0.857742428779602,0.652006208896637,-0.034146524965763,0.8593007922172546,0.6230486035346985,-0.2959478497505188,0.8486393690109253,0.6408838033676147,-0.0487874113023281,0.8577132225036621,0.6116800904273987,-0.2836078405380249,0.8468647003173828,0.6295062303543091,-0.0614083595573902,0.8628960847854614,0.6139729619026184,-0.2644664645195007,0.8546624183654785,0.634029746055603,-0.0446177646517753,0.9362163543701172,0.7571685314178467,-0.0649370923638343,0.903723418712616,0.7570916414260864,0.0651439130306243,0.910375714302063,0.8880602121353149,-0.0756429582834243,0.9071758985519408,0.8712726831436157,0.082470566034317,0.903442680835724,1.0030231475830078,-0.0334692820906639,0.9194856882095336,0.9989726543426514,0.1296865940093994,0.9108126759529114,1.0324522256851196,-0.0323414206504821,0.929343044757843,1.0162546634674072,0.1307394802570343,0.8724478483200073,1.058917999267578,-0.1051333770155906,0.8964152336120605,1.0426472425460815,0.0688510611653328,0.7955784797668457,neutro
1761586131.680621,0,0.8840800523757935,0.5207968354225159,-0.1082948222756385,0.8861700296401978,0.508111834526062,-0.1111562997102737,0.8895822763442993,0.5059493780136108,-0.1112411245703697,0.8926679491996765,0.5041520595550537,-0.1113423481583595,0.8775235414505005,0.515004575252533,-0.0926525443792343,0.874508261680603,0.5170179009437561,-0.0925894603133201,0.8720097541809082,0.518579363822937,-0.0926480442285537,0.9043763875961304,0.5065524578094482,-0.0761091560125351,0.8754259347915649,0.5220395922660828,0.0037674158811569,0.8940607905387878,0.5296725034713745,-0.0924161523580551,0.8846384286880493,0.534346342086792,-0.0684191659092903,0.94084894657135,0.5524917244911194,-0.0994098260998725,0.8887632489204407,0.5829115509986877,0.1160388365387916,0.947994589805603,0.648840069770813,-0.1880911737680435,0.8858062028884888,0.6737668514251709,0.0997133180499076,0.8809041976928711,0.6272943019866943,-0.2524453103542328,0.8599792718887329,0.6510038375854492,-0.0720227062702179,0.8603930473327637,0.6230118274688721,-0.2758671343326568,0.8487082719802856,0.6393388509750366,-0.0894191786646843,0.8589159250259399,0.611676812171936,-0.2631132304668426,0.8470228910446167,0.6290387511253357,-0.0992043390870094,0.8643299341201782,0.6139689683914185,-0.2445475310087204,0.8546960949897766,0.6330662369728088,-0.0822208672761917,0.9367822408676147,0.756611168384552,-0.0645140334963798,0.9037629961967468,0.7565293908119202,0.0647199600934982,0.9108318090438844,0.8873993754386902,-0.0750220865011215,0.9070504307746888,0.8710281848907471,0.075980931520462,0.9034656286239624,1.0030027627944946,-0.0322024151682853,0.9182486534118652,0.9907432794570924,0.1143494099378585,0.9108424186706544,1.0324225425720217,-0.031339306384325,0.929408848285675,1.0168001651763916,0.1150755137205123,0.8730648756027222,1.058757185935974,-0.1033193096518516,0.8966172933578491,1.0428394079208374,0.0538003966212272,0.8429582118988037,neutro
1761586131.7264416,0,0.8845580816268921,0.5200113654136658,-0.1125623807311058,0.8865795135498047,0.5073449611663818,-0.1141013950109481,0.8899086713790894,0.5052172541618347,-0.1142051368951797,0.8929974436759949,0.5034282803535461,-0.1143164634704589,0.8778618574142456,0.5143765211105347,-0.0962987393140792,0.8747941851615906,0.5164897441864014,-0.0962363332509994,0.8722489476203918,0.5181252360343933,-0.0962865501642227,0.9045845866203308,0.5058547854423523,-0.0759057253599166,0.8754250407218933,0.5217160582542419,0.0041978992521762,0.8944088816642761,0.5289222002029419,-0.0946454405784607,0.8849170804023743,0.5335522294044495,-0.0715026706457138,0.9408642053604126,0.5523330569267273,-0.0992583483457565,0.8887165784835815,0.5828748941421509,0.1163677796721458,0.9494258165359496,0.6487758755683899,-0.1872395873069763,0.8860882520675659,0.6737192869186401,0.100455418229103,0.8822565078735352,0.6272977590560913,-0.2518409788608551,0.8607476949691772,0.6508570909500122,-0.0577015876770019,0.8623916506767273,0.6230016350746155,-0.2754630744457245,0.8489192724227905,0.6389697194099426,-0.0731690898537635,0.8609129786491394,0.6116859316825867,-0.2630836367607116,0.8471823930740356,0.6289728879928589,-0.0842724367976188,0.8665046691894531,0.6140071153640747,-0.2442797124385833,0.8547323942184448,0.6329401731491089,-0.0680054649710655,0.9368654489517212,0.7565012574195862,-0.0645286738872528,0.9038087725639344,0.7564538717269897,0.0647374391555786,0.911551833152771,0.8873733878135681,-0.0753406211733818,0.9070329666137696,0.8710629940032959,0.0756509900093078,0.9035900235176086,1.0031874179840088,-0.031250424683094,0.9185417890548706,0.995354950428009,0.1156275868415832,0.9117925763130188,1.0328092575073242,-0.0302805807441473,0.9295252561569214,1.017991542816162,0.1165546327829361,0.87482088804245,1.0584840774536133,-0.1034621447324752,0.8964788317680359,1.0430214405059814,0.056467730551958,0.8887789249420166,neutro
1761586131.7737715,0,0.8855303525924683,0.5184720754623413,-0.1314501613378524,0.8874461054801941,0.5058039426803589,-0.1296201199293136,0.8905767202377319,0.5039023160934448,-0.1297062188386917,0.893659234046936,0.5022071003913879,-0.1298196613788604,0.8784306645393372,0.5127540826797485,-0.1149151548743248,0.8751769065856934,0.5151325464248657,-0.1148446947336196,0.8724634051322937,0.5170150399208069,-0.1149140745401382,0.9045991897583008,0.505135178565979,-0.0774410218000412,0.8751877546310425,0.5213125944137573,-0.0101402318105101,0.8948476910591125,0.5279354453086853,-0.1085387617349624,0.8851819038391113,0.5323964953422546,-0.0896496176719665,0.9403613805770874,0.5515746474266052,-0.0986365303397178,0.8880422711372375,0.5825526714324951,0.1055301204323768,0.9544873237609864,0.6475054621696472,-0.1866033375263214,0.8862582445144653,0.6718761920928955,0.0809855684638023,0.8855304718017578,0.6274574995040894,-0.2618864178657532,0.8611689805984497,0.6498381495475769,-0.0956861302256584,0.866258442401886,0.6233421564102173,-0.2873118221759796,0.8512123823165894,0.6387625932693481,-0.1139918342232704,0.8642932176589966,0.612545907497406,-0.2754596173763275,0.8488556146621704,0.628911554813385,-0.1250788271427154,0.870154857635498,0.6147403717041016,-0.2548616528511047,0.8557804822921753,0.6328657269477844,-0.1058254241943359,0.9377795457839966,0.755236804485321,-0.0642295703291893,0.904855251312256,0.7557042241096497,0.0644590258598327,0.9138383865356444,0.8866708874702454,-0.0827920958399772,0.9119577407836914,0.8703066110610962,0.0779053643345832,0.9105563163757324,1.005717158317566,-0.0428181216120719,0.92495995759964,0.991944432258606,0.1405547857284546,0.9189249277114868,1.0300288200378418,-0.0425994060933589,0.9383941888809204,0.9888492226600648,0.1430899798870086,0.8815396428108215,1.0578495264053345,-0.1239051967859268,0.9036833643913268,1.037129521369934,0.0788164287805557,0.9361088275909424,neutro
1761586131.8206706,0,0.8863622546195984,0.5173713564872742,-0.1217899471521377,0.887832760810852,0.5048433542251587,-0.1228190809488296,0.8907796144485474,0.5029979944229126,-0.1228978782892227,0.8938047289848328,0.5012614130973816,-0.1229932904243469,0.8787710070610046,0.5119878053665161,-0.1056316643953323,0.8754750490188599,0.5145580768585205,-0.1055660620331764,0.8726239204406738,0.5166236758232117,-0.1056295484304428,0.9044842720031738,0.5044066309928894,-0.0647277310490608,0.8750016093254089,0.5212392210960388,-0.0084486315026879,0.8954564929008484,0.5269336104393005,-0.1032325029373169,0.8856231570243835,0.5316582918167114,-0.0809972807765007,0.9401907920837402,0.5508900284767151,-0.0836384370923042,0.8876334428787231,0.5825496912002563,0.1153159365057945,0.9567824602127076,0.6465631127357483,-0.1594240963459015,0.8870369791984558,0.6718431711196899,0.1147828847169876,0.8865538835525513,0.627457320690155,-0.2231497764587402,0.8611596822738647,0.6498528122901917,-0.0371567420661449,0.8669082522392273,0.6233344674110413,-0.2468117922544479,0.851965606212616,0.639143168926239,-0.0545420534908771,0.8648149371147156,0.6126209497451782,-0.2361691892147064,0.8491501808166504,0.6290150880813599,-0.0694761052727699,0.8707796931266785,0.6147871613502502,-0.2163190841674804,0.8560888171195984,0.6326773762702942,-0.0486426204442977,0.9392660856246948,0.7513970732688904,-0.0642119944095611,0.9048805236816406,0.7546607255935669,0.0644435361027717,0.916202187538147,0.8841519951820374,-0.0919774025678634,0.912351131439209,0.8690091371536255,0.0698412209749221,0.9200240969657898,1.009912610054016,-0.0545209050178527,0.9258664846420288,0.9921366572380066,0.1350117623805999,0.9294415712356568,1.0301802158355713,-0.054586075246334,0.937915027141571,0.9842830896377563,0.1380225419998169,0.8877113461494446,1.058714747428894,-0.1424074918031692,0.9037092328071594,1.0370405912399292,0.0659677609801292,0.9830079078674316,neutro
1761586131.8696856,0,0.8866216540336609,0.5164779424667358,-0.1213845983147621,0.8878761529922485,0.5040856599807739,-0.1204703673720359,0.8907394409179688,0.5022514462471008,-0.1205552592873573,0.8937403559684753,0.5004984140396118,-0.1206664219498634,0.8788924217224121,0.511304497718811,-0.1044538393616676,0.8755992650985718,0.5139565467834473,-0.1043893918395042,0.8726752400398254,0.5161243081092834,-0.104447603225708,0.9043883085250854,0.5036981105804443,-0.0652461498975753,0.8748641014099121,0.5209513306617737,-0.003912812564522,0.8957749605178833,0.5261086225509644,-0.1004760041832923,0.8858734369277954,0.5309678912162781,-0.0797130540013313,0.9400623440742492,0.5500008463859558,-0.0854316800832748,0.8876385688781738,0.582114040851593,0.1183324828743934,0.957810401916504,0.6455954909324646,-0.1648233085870742,0.8870667219161987,0.6692235469818115,0.1191444545984268,0.8870676755905151,0.6273899078369141,-0.2273770123720169,0.861210823059082,0.6507187485694885,-0.0311981383711099,0.8673111796379089,0.6232437491416931,-0.2509518563747406,0.8522394299507141,0.6391273736953735,-0.0472978800535202,0.865256130695343,0.6126967668533325,-0.2399406880140304,0.8494892120361328,0.6292245984077454,-0.0622623190283775,0.8713674545288086,0.6148374676704407,-0.2203857153654098,0.8562275767326355,0.6326583027839661,-0.0425358302891254,0.94025456905365,0.7494508624076843,-0.0646011233329773,0.906301200389862,0.7536304593086243,0.0648432448506355,0.9168715476989746,0.8822718262672424,-0.0877503752708435,0.9141236543655396,0.8688317537307739,0.0746646001935005,0.925059974193573,1.0113354921340942,-0.052956499159336,0.927403450012207,0.9921997785568236,0.1362192183732986,0.9350796937942504,1.0301892757415771,-0.0532509200274944,0.938032329082489,0.9829983115196228,0.1383746862411499,0.8928309679031372,1.058954119682312,-0.1392477601766586,0.9029932022094728,1.014412760734558,0.0702026933431625,1.0320229530334473,neutro
1761586131.915826,0,0.8865493535995483,0.5160973072052002,-0.1101313233375549,0.8878622055053711,0.503394365310669,-0.107345663011074,0.890730082988739,0.5015676617622375,-0.1074373498558998,0.893809974193573,0.4998230636119842,-0.1075780391693115,0.8789113759994507,0.5105010867118835,-0.0916326791048049,0.8756406903266907,0.5131533145904541,-0.0915517508983612,0.8726750612258911,0.5153936743736267,-0.0915827676653862,0.9043790698051452,0.5031348466873169,-0.0549363270401954,0.8747038841247559,0.520347535610199,0.0147213190793991,0.8958075642585754,0.5257300138473511,-0.0876261442899704,0.8858648538589478,0.530494213104248,-0.0672412663698196,0.940050721168518,0.54929119348526,-0.0805559828877449,0.8877070546150208,0.5819675326347351,0.1344210505485534,0.958765983581543,0.6452378034591675,-0.1618777364492416,0.8888784646987915,0.6692408919334412,0.1288313120603561,0.8875317573547363,0.6275206208229065,-0.2196724414825439,0.8612082600593567,0.6578435897827148,-0.0261730458587408,0.8678857088088989,0.6234862208366394,-0.2433301508426666,0.85393887758255,0.643520712852478,-0.0430059991776943,0.8658562898635864,0.6132641434669495,-0.2304356098175048,0.8499013185501099,0.6333416700363159,-0.0582553520798683,0.871902346611023,0.6151840090751648,-0.2118388414382934,0.8566869497299194,0.6368247866630554,-0.0380535647273063,0.940655529499054,0.7488553524017334,-0.0665253549814224,0.9069170951843262,0.7533656358718872,0.0667562633752822,0.9176170229911804,0.882358729839325,-0.0910876765847206,0.914375901222229,0.8688650131225586,0.0733113959431648,0.9278407096862792,1.016787886619568,-0.057297833263874,0.9266603589057922,0.997445821762085,0.1284038126468658,0.939855694770813,1.0335206985473633,-0.0571772567927837,0.9373492002487184,1.0108318328857422,0.1302603185176849,0.8917933702468872,1.06561017036438,-0.1411516368389129,0.9024454355239868,1.034873604774475,0.0638244897127151,1.0781633853912354,neutro
1761586131.9616745,0,0.8866405487060547,0.5152205228805542,-0.1003194451332092,0.8879294395446777,0.5024445056915283,-0.0984334275126457,0.8908249139785767,0.5006055235862732,-0.0985389053821563,0.8940345048904419,0.4988931715488434,-0.0986844971776008,0.878991425037384,0.509495198726654,-0.0827496945858001,0.8757867813110352,0.5120642781257629,-0.0826784521341323,0.8727419972419739,0.514351487159729,-0.082696720957756,0.904451549053192,0.5023342967033386,-0.0508904829621315,0.8747011423110962,0.5193477869033813,0.0203915257006883,0.8961212038993835,0.5245510339736938,-0.0792625844478607,0.8859346508979797,0.5294705629348755,-0.0589949563145637,0.9400083422660828,0.5483385920524597,-0.0805705413222312,0.8879749178886414,0.5809179544448853,0.1387370973825454,0.9587319493293762,0.6441184878349304,-0.1515452563762664,0.891278862953186,0.6678768992424011,0.1245894581079483,0.8873543739318848,0.6275243163108826,-0.1836360692977905,0.8666775822639465,0.6562082171440125,-0.0299509204924106,0.8678545951843262,0.6235512495040894,-0.2023216485977172,0.8577354550361633,0.6430220007896423,-0.0452542044222354,0.8660320043563843,0.6133428812026978,-0.1897734254598617,0.8542472124099731,0.6332741975784302,-0.0607279352843761,0.8719335794448853,0.615197479724884,-0.1749172657728195,0.8597834706306458,0.6363412141799927,-0.0414967462420463,0.9412315487861632,0.7484942674636841,-0.0682892426848411,0.9080654978752136,0.7529261708259583,0.0684935003519058,0.9189841151237488,0.8813549876213074,-0.0901592522859573,0.9139008522033693,0.8677776455879211,0.0763169378042221,0.9346392750740052,1.015730619430542,-0.0524875000119209,0.926789939403534,0.9943207502365112,0.1333135217428207,0.947624683380127,1.033397912979126,-0.0522821322083473,0.9375783205032348,1.0100033283233645,0.1360327452421188,0.8958813548088074,1.064821481704712,-0.1362532973289489,0.9022238850593568,1.010529398918152,0.0761849135160446,1.124011754989624,neutro
1761586132.008106,0,0.8867347836494446,0.5142804980278015,-0.0963449031114578,0.8881776928901672,0.501461923122406,-0.0947782546281814,0.8911978602409363,0.4997090101242065,-0.0948924869298935,0.8946269750595093,0.4981016218662262,-0.0950404405593872,0.8792421221733093,0.5081625580787659,-0.0788223221898078,0.8762152791023254,0.5105612277984619,-0.0787496492266655,0.8730610013008118,0.5128651261329651,-0.0787536203861236,0.904991626739502,0.5017281770706177,-0.0490142591297626,0.8747543096542358,0.517873227596283,0.0238045547157526,0.8963583707809448,0.5236501097679138,-0.0759227126836776,0.8859505653381348,0.5284518003463745,-0.0552735552191734,0.9399736523628236,0.5477005243301392,-0.0801285281777381,0.8882958292961121,0.5797926187515259,0.1425204873085022,0.9585463404655457,0.643439531326294,-0.1402848213911056,0.891250491142273,0.6669395565986633,0.1303638815879821,0.8871009945869446,0.6275213360786438,-0.1633649319410324,0.8678597211837769,0.6564132571220398,-0.024798784404993,0.8677943348884583,0.6238223314285278,-0.1820347309112548,0.8594668507575989,0.6473705172538757,-0.0413590036332607,0.8661022186279297,0.6135269403457642,-0.1701976954936981,0.8552193641662598,0.637844443321228,-0.0561103746294975,0.8718694448471069,0.6152296662330627,-0.1548527032136917,0.8609309196472168,0.6397167444229126,-0.0366865545511245,0.9412503242492676,0.7477918267250061,-0.0706165581941604,0.9087114334106444,0.7519116997718811,0.0707778707146644,0.9208313226699828,0.8798506855964661,-0.0777483806014061,0.9135839343070984,0.8666020035743713,0.0854695811867713,0.9444416165351868,1.0151675939559937,-0.0400634706020355,0.9275575876235962,0.9835569858551024,0.1404455006122589,0.9577085375785828,1.0310156345367432,-0.0394269749522209,0.9409197568893432,1.0095258951187134,0.1432277262210846,0.9079556465148926,1.064495325088501,-0.1259876638650894,0.9021414518356324,1.0066028833389282,0.0860909447073936,1.1704432964324951,neutro
1761586132.0558958,0,0.8870126605033875,0.5130066275596619,-0.0974044278264045,0.8887587785720825,0.5004780292510986,-0.0970833376049995,0.8919636011123657,0.4988936185836792,-0.0971919745206832,0.8955373764038086,0.4973743855953216,-0.0973315387964248,0.8797904253005981,0.5066774487495422,-0.0805535987019538,0.8768755197525024,0.5089393854141235,-0.0804856568574905,0.8736783266067505,0.5111520290374756,-0.0805146843194961,0.9058693647384644,0.5012696385383606,-0.0513499565422534,0.8749622106552124,0.5162944793701172,0.0225514955818653,0.8967269062995911,0.5227029323577881,-0.0780148655176162,0.8860155344009399,0.5272487998008728,-0.0557138733565807,0.94011390209198,0.5460123419761658,-0.0816831067204475,0.8883031010627747,0.579092800617218,0.1383684575557708,0.9589446187019348,0.6424893736839294,-0.142380490899086,0.8912502527236938,0.6657033562660217,0.1264553964138031,0.8869938850402832,0.6274942755699158,-0.1696510016918182,0.8728877902030945,0.6605936288833618,-0.0273302048444747,0.8677689433097839,0.6239227056503296,-0.1890275031328201,0.8626589775085449,0.6542167663574219,-0.0437833219766616,0.8661848902702332,0.6135779023170471,-0.1755991876125335,0.8571521043777466,0.6436116099357605,-0.058112196624279,0.8718501925468445,0.6152297258377075,-0.1607459783554077,0.863207995891571,0.6448954939842224,-0.0389491245150566,0.9412935972213744,0.7462978363037109,-0.0713916271924972,0.9089916944503784,0.7507115602493286,0.071518525481224,0.9234587550163268,0.8783249258995056,-0.069852665066719,0.9139500856399536,0.8661066889762878,0.0845873430371284,0.9504321217536926,1.0108968019485474,-0.0327608436346054,0.9286429286003112,0.9806444048881532,0.1306478828191757,0.9637853503227234,1.0248637199401855,-0.0321034044027328,0.947229504585266,1.009217619895935,0.1319446861743927,0.916067898273468,1.061154007911682,-0.1163327321410179,0.901903510093689,1.0054055452346802,0.0776596814393997,1.2182331085205078,neutro
1761586132.105047,0,0.8883438110351562,0.5126458406448364,-0.1043092459440231,0.8915942907333374,0.4997632801532745,-0.1018513813614845,0.8952543139457703,0.4981994032859802,-0.1019757241010665,0.8992169499397278,0.4968562722206116,-0.1021255850791931,0.8825730085372925,0.5051239132881165,-0.0890044867992401,0.8794892430305481,0.5071230530738831,-0.0889285504817962,0.8767956495285034,0.5089934468269348,-0.0889363139867782,0.9093815684318542,0.5009299516677856,-0.0517610535025596,0.8786234855651855,0.5137611627578735,0.0073350956663489,0.8984196782112122,0.5223015546798706,-0.0832286402583122,0.8869724273681641,0.5265442132949829,-0.0656970962882042,0.941897988319397,0.5460987091064453,-0.0791538655757904,0.8883055448532104,0.5785335898399353,0.1131257787346839,0.9596072435379028,0.6425485014915466,-0.1312192380428314,0.8906015157699585,0.6678761839866638,0.1081278771162033,0.8875077366828918,0.6274753212928772,-0.1732843071222305,0.8715923428535461,0.6661879420280457,-0.032681904733181,0.8685033917427063,0.6246378421783447,-0.1951282769441604,0.8616944551467896,0.6715575456619263,-0.0530347004532814,0.8667478561401367,0.614558219909668,-0.1856456995010376,0.8566136360168457,0.6498761773109436,-0.0742808207869529,0.872287929058075,0.615619957447052,-0.1670022904872894,0.8624531030654907,0.6517279148101807,-0.0479341894388198,0.9434306025505066,0.7464293241500854,-0.0628508254885673,0.9089263677597046,0.7508708834648132,0.0629851967096328,0.9402756690979004,0.8785501718521118,-0.0682664513587951,0.9139013290405272,0.8672595620155334,0.0859404951333999,0.9705287218093872,1.003026247024536,-0.0127930594608187,0.9285492897033693,0.9820090532302856,0.1648276597261428,0.9876132011413574,1.0240521430969238,-0.0119829466566443,0.9467375874519348,1.0122644901275637,0.1689386069774627,0.9475487470626832,1.0616244077682495,-0.1118426099419593,0.9010087251663208,1.0305569171905518,0.1000037193298339,1.2673842906951904,neutro
1761586132.1502273,0,0.8896832466125488,0.5116527676582336,-0.1061125844717025,0.8935009241104126,0.4985636174678802,-0.1021312475204467,0.8973168134689331,0.4970667064189911,-0.102260872721672,0.901384174823761,0.495926946401596,-0.102418914437294,0.8846548795700073,0.5034677386283875,-0.0914270505309104,0.8814690709114075,0.5054044127464294,-0.0913508757948875,0.8786913156509399,0.5073254704475403,-0.0913455486297607,0.9112282991409302,0.5003550052642822,-0.0520402491092681,0.8802886009216309,0.5123002529144287,0.0028315405361354,0.900117039680481,0.5214945077896118,-0.0835634842514991,0.8879356384277344,0.5255078077316284,-0.0686573982238769,0.94350403547287,0.5461218953132629,-0.0669720023870468,0.8872330784797668,0.5785695314407349,0.1039360165596008,0.9604350328445436,0.6424769163131714,-0.1090848892927169,0.888319194316864,0.6694278120994568,0.1005058288574218,0.888810932636261,0.6273751854896545,-0.1464902758598327,0.8707265853881836,0.6751859188079834,-0.0329856872558593,0.8703681230545044,0.6250358819961548,-0.1683264374732971,0.8629233241081238,0.6842550039291382,-0.0545967742800712,0.8683285713195801,0.6153225302696228,-0.1598675549030304,0.8565704226493835,0.6603010892868042,-0.0766202136874198,0.8735781908035278,0.6159583330154419,-0.1408869922161102,0.8633060455322266,0.6605064868927002,-0.048566959798336,0.9448369145393372,0.7447144985198975,-0.0557496137917041,0.9074371457099916,0.7507483959197998,0.0559297613799572,0.9473189115524292,0.8775228261947632,-0.0624073445796966,0.91380774974823,0.867881178855896,0.0851782709360122,0.978364109992981,0.9946607947349548,-0.0021100917365401,0.9284703135490416,0.9831759929656982,0.1604473292827606,0.9856572151184082,1.0023109912872314,-0.0015365253202617,0.9449220895767212,1.0137709379196167,0.163862869143486,0.959250807762146,1.059484362602234,-0.1046905145049095,0.90088951587677,1.0363657474517822,0.0933440178632736,1.3125646114349365,neutro
1761586132.1962156,0,0.8911222219467163,0.5102154016494751,-0.126923531293869,0.8953512907028198,0.4969295263290405,-0.1214467138051986,0.8992565870285034,0.4957050085067749,-0.1215628981590271,0.9034479856491088,0.4947104454040527,-0.1217066869139671,0.8864515423774719,0.5012660622596741,-0.1120382323861122,0.8836060762405396,0.5030422806739807,-0.1119710952043533,0.8806840181350708,0.5049678683280945,-0.1119495034217834,0.912806510925293,0.4995287358760834,-0.0619563944637775,0.8821280598640442,0.5106114149093628,-0.015912402421236,0.9018147587776184,0.5206992030143738,-0.1021487563848495,0.8891111612319946,0.5242529511451721,-0.0891526788473129,0.945148468017578,0.5461636781692505,-0.0697987601161003,0.8863300085067749,0.578607439994812,0.0877551063895225,0.9626978039741516,0.6429907083511353,-0.1100469455122947,0.886527419090271,0.6698898077011108,0.0696628242731094,0.8910139203071594,0.6272896528244019,-0.1504294872283935,0.8702910542488098,0.6680198311805725,-0.0895121246576309,0.8729225397109985,0.6250285506248474,-0.1723016798496246,0.862457275390625,0.6816526651382446,-0.1147698163986206,0.8712133169174194,0.6153346300125122,-0.163583755493164,0.8583049774169922,0.6509914994239807,-0.1333100646734237,0.8763630986213684,0.6159586310386658,-0.1447171866893768,0.8657004237174988,0.6478094458580017,-0.1038103476166725,0.9456356167793274,0.7432849407196045,-0.0511054471135139,0.906235694885254,0.7500644326210022,0.0513265542685985,0.9499750137329102,0.8750592470169067,-0.0619788952171802,0.91392719745636,0.867980420589447,0.0743525326251983,0.9800990223884584,0.988159716129303,0.0147456200793385,0.928266704082489,0.9839168190956116,0.1535380035638809,0.9849743843078612,0.9926614165306092,0.0165782906115055,0.9403226971626282,0.9965591430664062,0.1564800441265106,0.9638559222221376,1.047738790512085,-0.086305521428585,0.9020013809204102,1.0352845191955566,0.0827274024486541,1.3585529327392578,neutro
1761586132.243816,0,0.8934329748153687,0.5096120834350586,-0.1361165344715118,0.8977065086364746,0.4963971972465515,-0.1304149180650711,0.9016842842102052,0.4953097403049469,-0.1305304020643234,0.905676245689392,0.4943599998950958,-0.1306703090667724,0.8884785771369934,0.5004895925521851,-0.1207211837172508,0.8862183690071106,0.5021423697471619,-0.1206448823213577,0.8835375905036926,0.5039546489715576,-0.1206161379814148,0.914644718170166,0.4995337426662445,-0.0691226720809936,0.8843962550163269,0.5101140737533569,-0.0225578304380178,0.9040996432304382,0.5204315781593323,-0.1109840869903564,0.890931248664856,0.523949146270752,-0.0976641029119491,0.947296977043152,0.5467649102210999,-0.0721864402294159,0.8857684135437012,0.5788316130638123,0.0829877704381942,0.9654630422592164,0.6431912183761597,-0.1194024682044982,0.8854508399963379,0.6711785197257996,0.0660872459411621,0.8942820429801941,0.626896858215332,-0.1630947887897491,0.8701456785202026,0.6620792746543884,-0.0943567901849746,0.8756895065307617,0.6250190138816833,-0.1853745132684707,0.8620268106460571,0.6736043691635132,-0.1194698214530944,0.8739520311355591,0.6153421401977539,-0.1760565936565399,0.8580543398857117,0.6486368775367737,-0.1381472647190094,0.8793071508407593,0.6159549951553345,-0.1572064459323883,0.8656134605407715,0.6436918377876282,-0.1088324412703514,0.9475075602531432,0.7430838942527771,-0.0482628643512725,0.9060127139091492,0.7501040101051331,0.048517357558012,0.9524381756782532,0.8720657229423523,-0.0514455512166023,0.914108395576477,0.8680076599121094,0.0717376172542572,0.9840928316116332,0.9843627214431764,0.0288589894771575,0.928221881389618,0.9838873744010924,0.151348739862442,0.9859079122543336,0.9894031882286072,0.030550267547369,0.9383578300476074,0.9899689555168152,0.1541902869939804,0.9722232818603516,1.036117672920227,-0.072737343609333,0.9059280157089232,1.0171549320220947,0.0804973915219307,1.4061532020568848,neutro
1761586132.289503,0,0.8958035707473755,0.5087020397186279,-0.1383301317691803,0.9002677798271179,0.495674729347229,-0.1322308182716369,0.9044397473335266,0.4946417808532715,-0.1323522627353668,0.9081379771232604,0.4937714040279388,-0.1324938833713531,0.8905009031295776,0.4992816746234894,-0.1223277822136879,0.8883737325668335,0.5006971955299377,-0.122243657708168,0.8862200975418091,0.5023426413536072,-0.122214674949646,0.9166424870491028,0.4992180168628692,-0.069387249648571,0.8866968154907227,0.5091955661773682,-0.0213319137692451,0.9062430262565612,0.5200513005256653,-0.1124229207634925,0.8929025530815125,0.5232263207435608,-0.0988283902406692,0.9499284029006958,0.5473955869674683,-0.0714657604694366,0.8858130574226379,0.5788565278053284,0.0862358510494232,0.9681317210197448,0.6436262726783752,-0.1235092505812645,0.8850083351135254,0.6726991534233093,0.0743661895394325,0.8968807458877563,0.6267088055610657,-0.1777251362800598,0.8688547015190125,0.6696130633354187,-0.0871466845273971,0.8772435188293457,0.6251279711723328,-0.2067312449216842,0.8610340356826782,0.6771920919418335,-0.1132871285080909,0.8756245374679565,0.6153450608253479,-0.198508933186531,0.8578221201896667,0.6541578769683838,-0.134899765253067,0.881007194519043,0.6159273386001587,-0.1737960577011108,0.8651545643806458,0.644137978553772,-0.1026444062590599,0.9496472477912904,0.7432988286018372,-0.048274241387844,0.9061237573623656,0.7501960396766663,0.0485463067889213,0.95418119430542,0.8724752068519592,-0.0539955906569957,0.9141295552253724,0.8691690564155579,0.0680739432573318,0.9858263731002808,0.9863372445106506,0.0247436948120594,0.926916003227234,0.9849499464035034,0.1478508412837982,0.9880415797233582,0.9912166595458984,0.0262139476835727,0.9363528490066528,0.9903494119644164,0.1501040905714035,0.9732831716537476,1.039636492729187,-0.0786978378891944,0.9057275056838988,1.0284459590911863,0.0668526291847229,1.4518404006958008,neutro
1761586132.3379102,0,0.8974754214286804,0.5083520412445068,-0.1843354403972625,0.9020276069641112,0.4953558146953583,-0.1779222041368484,0.9062551259994508,0.4942592978477478,-0.1780490428209304,0.9099330902099608,0.4933474659919739,-0.1781700551509857,0.8921874761581421,0.4988134801387787,-0.167452797293663,0.8900618553161621,0.5001434087753296,-0.1673659086227417,0.8883194923400879,0.5017033815383911,-0.1673678457736969,0.918668270111084,0.4988274276256561,-0.1092383861541748,0.8893119692802429,0.5084322690963745,-0.0581075474619865,0.9078952670097352,0.5197504162788391,-0.1562452018260955,0.8947908282279968,0.522773027420044,-0.1416834890842437,0.9525386691093444,0.5485514998435974,-0.0993230268359184,0.8871783018112183,0.5788441896438599,0.0577653758227825,0.9708698391914368,0.6443063020706177,-0.1725846379995346,0.8850383758544922,0.6731544733047485,0.0659580528736114,0.9020224809646606,0.6266066431999207,-0.2811679542064667,0.8674286603927612,0.6747146248817444,-0.0971667319536209,0.8823006749153137,0.6259037256240845,-0.3135475814342499,0.8594020009040833,0.6829912662506104,-0.1218219771981239,0.8806973695755005,0.6156964898109436,-0.3058830499649048,0.8544244766235352,0.671201765537262,-0.1487105190753936,0.8857173919677734,0.6159600019454956,-0.2776492238044739,0.8612312078475952,0.6663302183151245,-0.1142923459410667,0.9508536458015442,0.7440944910049438,-0.0484096147119998,0.906362533569336,0.7508739829063416,0.0486529693007469,0.9550393223762512,0.872756838798523,-0.0541772954165935,0.9146771430969238,0.8698589205741882,0.0697560831904411,0.9838000535964966,0.9868740439414978,0.0239909570664167,0.9267765283584596,0.984639286994934,0.159258633852005,0.9865415692329408,0.991625964641571,0.0250623729079961,0.9357208013534546,0.9880200624465942,0.1624201089143753,0.967768371105194,1.0392355918884275,-0.0817440524697303,0.9053035974502563,1.0281586647033691,0.0791222304105758,1.5002474784851074,neutro
1761586132.3835156,0,0.9003323316574097,0.5083487033843994,-0.1881572604179382,0.9051562547683716,0.4952572286128998,-0.1826769411563873,0.9092427492141724,0.4941597878932953,-0.1827936321496963,0.9130218625068665,0.4932698607444763,-0.1829169988632202,0.8950244188308716,0.4986387491226196,-0.1732493191957473,0.8924930691719055,0.4998689293861389,-0.1731724441051483,0.8907721638679504,0.5012942552566528,-0.1731937825679779,0.9214065670967102,0.4987119734287262,-0.1154047474265098,0.8916667103767395,0.5077980756759644,-0.0691164210438728,0.9105105400085448,0.5197151303291321,-0.1602289825677871,0.8974666595458984,0.5226268172264099,-0.1470801383256912,0.955674946308136,0.5495103597640991,-0.1021879538893699,0.8878062963485718,0.5785657167434692,0.041794441640377,0.972538948059082,0.6460737586021423,-0.1713803708553314,0.885053277015686,0.6737813353538513,0.0248740054666996,0.90580016374588,0.6264427304267883,-0.2785024046897888,0.8698679804801941,0.6693220138549805,-0.1628279983997345,0.8858871459960938,0.6258953213691711,-0.3088903427124023,0.8640850186347961,0.6768563389778137,-0.1928469836711883,0.8849669694900513,0.615678071975708,-0.3038410544395447,0.865541934967041,0.6532889008522034,-0.2122417688369751,0.8897534608840942,0.6158374547958374,-0.27570641040802,0.8705477714538574,0.6502826809883118,-0.1770946681499481,0.9531493186950684,0.7452544569969177,-0.045523501932621,0.9067460298538208,0.751288652420044,0.0457759276032447,0.9573066830635072,0.8745724558830261,-0.0558196492493152,0.9161876440048218,0.8706756234169006,0.0930674374103546,0.9824914932250975,0.9877850413322448,0.0081437639892101,0.9266414642333984,0.9826971888542176,0.2071251422166824,0.9846180081367492,0.9944096207618712,0.0050525995902717,0.9357239603996276,0.9851853847503662,0.21310755610466,0.963597297668457,1.04008686542511,-0.1145517081022262,0.9068889617919922,1.0109095573425293,0.1339448988437652,1.5458528995513916,neutro
1761586132.430791,0,0.903075098991394,0.5076280236244202,-0.2015988528728485,0.9081982374191284,0.4944254755973816,-0.1951090991497039,0.9120197296142578,0.4934276640415191,-0.195203959941864,0.9158776998519896,0.4925276935100555,-0.195309966802597,0.8988536596298218,0.4973817467689514,-0.1871858835220337,0.8961880803108215,0.4983974695205688,-0.1871189326047897,0.8940874934196472,0.499537855386734,-0.187166541814804,0.92432963848114,0.4979914128780365,-0.1211856603622436,0.8957898020744324,0.505896806716919,-0.0815433859825134,0.912779688835144,0.5191138386726379,-0.1710962355136871,0.9006363749504089,0.5215837359428406,-0.159984678030014,0.958877682685852,0.5509817600250244,-0.1005337238311767,0.8883204460144043,0.577621340751648,0.0272787753492593,0.97709321975708,0.6475878357887268,-0.1735301613807678,0.8830965161323547,0.6751927733421326,-0.0084977047517895,0.9117535352706908,0.6268921494483948,-0.3073544502258301,0.8783507347106934,0.6618731021881104,-0.217624694108963,0.8909682035446167,0.6270519495010376,-0.3421670794486999,0.8738614916801453,0.6589215993881226,-0.2531790733337402,0.8902586698532104,0.6168359518051147,-0.3379896283149719,0.874057948589325,0.6445740461349487,-0.2685549855232239,0.8952189683914185,0.6165440678596497,-0.3057282269001007,0.8783998489379883,0.6434577703475952,-0.2299216240644455,0.954598307609558,0.7453652024269104,-0.043558694422245,0.9069942235946656,0.751298725605011,0.0438134111464023,0.9578124284744264,0.8753591179847717,-0.0682219043374061,0.9175841212272644,0.8711798787117004,0.1000409871339798,0.9801883697509766,0.9891382455825806,0.0024128521326929,0.9268301129341124,0.9812764525413512,0.2386600226163864,0.9822691082954408,0.995925784111023,-0.0006607926916331,0.935734748840332,0.9844560027122498,0.2467486411333084,0.9611438512802124,1.0473793745040894,-0.1277872025966644,0.9102717638015748,1.0081279277801514,0.1597644537687301,1.5931282043457031,neutro
1761586132.479026,0,0.9181821942329408,0.5013144612312317,-0.1934830844402313,0.9239177703857422,0.4887076616287231,-0.1852849870920181,0.9277912974357604,0.4883677065372467,-0.1853766143321991,0.9309555292129515,0.4882530570030212,-0.1854900866746902,0.9152957797050476,0.490381121635437,-0.1782538443803787,0.911921203136444,0.4911993443965912,-0.1782191097736358,0.9090693593025208,0.4921777546405792,-0.1782922744750976,0.939721703529358,0.4952903389930725,-0.1075493916869163,0.9076980352401732,0.4991888999938965,-0.0717076659202575,0.9243399500846864,0.5147784948348999,-0.1615713834762573,0.9126759767532348,0.5154410600662231,-0.1520238220691681,0.9684396982192992,0.5511937737464905,-0.0977609828114509,0.8937195539474487,0.5714137554168701,0.0341731309890747,0.9947301149368286,0.6469488739967346,-0.1737729907035827,0.883399486541748,0.6684877872467041,-0.0130295110866427,0.9255080223083496,0.6271763443946838,-0.3003662824630737,0.8833948969841003,0.6559169888496399,-0.2271697521209716,0.9058416485786438,0.6286735534667969,-0.3366178870201111,0.8804737329483032,0.6567748785018921,-0.2614958882331848,0.903239607810974,0.6180409789085388,-0.330485075712204,0.8779734373092651,0.6443054676055908,-0.2769307196140289,0.9086337089538574,0.6170404553413391,-0.2980405986309051,0.8842768669128418,0.6420680284500122,-0.2394057214260101,0.9652244448661804,0.7492162585258484,-0.0438798852264881,0.9163010716438292,0.7516791820526123,0.0441776178777217,0.9636483192443848,0.8841582536697388,-0.0659763365983963,0.9197089076042176,0.8762539625167847,0.0947494432330131,0.9839209318161012,1.0066850185394287,0.0365395583212375,0.9263888597488404,0.9840233325958252,0.2248051911592483,0.9896356463432312,1.0231988430023191,0.0395734049379825,0.939538598060608,1.01351797580719,0.2321182489395141,0.9643781781196594,1.055356740951538,-0.0724518746137619,0.9095160365104676,1.0325578451156616,0.1428643316030502,1.6413633823394775,neutro
1761586132.5251272,0,0.9240229725837708,0.4983604848384857,-0.2162531912326812,0.9300565719604492,0.4859737455844879,-0.2062291651964187,0.9339497685432434,0.485845535993576,-0.2062833756208419,0.9370843768119812,0.4860631823539734,-0.2063736021518707,0.921411633491516,0.4870712161064148,-0.2009777575731277,0.9181013107299804,0.4877950847148895,-0.2009480744600296,0.915057361125946,0.4886857867240906,-0.2010380774736404,0.9456313252449036,0.4937225580215454,-0.1179143562912941,0.913233757019043,0.4962241947650909,-0.0912648290395736,0.9298403859138488,0.5120323896408081,-0.1810680776834488,0.9179787635803224,0.5122031569480896,-0.1738713234663009,0.9739505052566528,0.5512902736663818,-0.0962844640016555,0.8958871960639954,0.5691605806350708,0.0093388333916664,0.9992983937263488,0.6469406485557556,-0.173805832862854,0.8834534883499146,0.668199896812439,-0.0599642284214496,0.9322832822799684,0.6272931694984436,-0.3125057816505432,0.8916138410568237,0.6478065252304077,-0.2891477048397064,0.9130748510360718,0.6286779046058655,-0.3498758673667907,0.892451286315918,0.6469682455062866,-0.3295084536075592,0.9107534289360046,0.6182116866111755,-0.3465058207511902,0.8925844430923462,0.6371244788169861,-0.3374047875404358,0.9163209795951844,0.6171122789382935,-0.3118576109409332,0.8947860598564148,0.6358883380889893,-0.2982447147369385,0.9684778451919556,0.7510959506034851,-0.0427310764789581,0.918836772441864,0.7516855001449585,0.0430412031710147,0.9663418531417848,0.8876582384109497,-0.0648140013217926,0.9212406873703004,0.8765133619308472,0.1141609996557235,0.9850146174430848,1.006280779838562,0.0497564598917961,0.9263957142829896,0.9828720688819884,0.2884233593940735,0.9913944005966188,1.0227267742156982,0.053112905472517,0.93795907497406,0.9947935342788696,0.2991086840629577,0.965360939502716,1.0550205707550049,-0.068416841328144,0.908218264579773,1.0154244899749756,0.203022688627243,1.6874644756317139,neutro
1761586132.5742588,0,0.9291172027587892,0.4959381818771362,-0.2361392974853515,0.935166835784912,0.4840545654296875,-0.2253141105175018,0.9389778971672058,0.4839717745780945,-0.2253343611955642,0.9420747756958008,0.4843423962593078,-0.225397914648056,0.9263212084770204,0.4850332140922546,-0.2216289341449737,0.9229001998901368,0.4857891201972961,-0.2216205596923828,0.9196140170097352,0.4866890609264374,-0.2217251360416412,0.950408935546875,0.4925990104675293,-0.1327020823955536,0.9170626401901244,0.4948333501815796,-0.1136813312768936,0.9347979426383972,0.5099093317985535,-0.1996389925479889,0.9227215051651,0.5102296471595764,-0.1945330947637558,0.9782272577285768,0.5517953038215637,-0.1010508313775062,0.8980790972709656,0.5681399703025818,-0.0190308652818202,1.001465916633606,0.6487261652946472,-0.1770006865262985,0.8836061358451843,0.6680302023887634,-0.099719151854515,0.9389990568161012,0.6278520822525024,-0.320639044046402,0.8992082476615906,0.6423217058181763,-0.3246172964572906,0.920458436012268,0.62896728515625,-0.3575639724731445,0.9040952920913696,0.6396545171737671,-0.3650154769420624,0.918364405632019,0.618496298789978,-0.3547471761703491,0.904313862323761,0.6306923031806946,-0.36711186170578,0.9237496256828308,0.6173454523086548,-0.3204178214073181,0.9050713777542114,0.6300610303878784,-0.3305030167102813,0.9719861149787904,0.752180814743042,-0.040866270661354,0.9211058616638184,0.7517043948173523,0.0411723665893077,0.9691675901412964,0.8893166184425354,-0.0640310496091842,0.9224544763565063,0.8762564063072205,0.1404059529304504,0.986112415790558,1.005354642868042,0.0533190555870533,0.9264496564865112,0.9791863560676576,0.3440472185611725,0.9920101165771484,1.0213559865951538,0.0566782429814338,0.9364680051803588,0.9862052202224731,0.3576872050762176,0.968862235546112,1.0548970699310305,-0.0673468708992004,0.9078794717788696,1.005735158920288,0.262602299451828,1.7365961074829102,neutro
1761586132.6215167,0,0.9335644841194152,0.4936079382896423,-0.2474052459001541,0.939663290977478,0.4822004437446594,-0.2369598895311355,0.943295955657959,0.4821503758430481,-0.2369811832904815,0.9463768005371094,0.4825843870639801,-0.2370443046092987,0.9305045008659364,0.4831806123256683,-0.2335017025470733,0.9269067645072936,0.483982652425766,-0.2335086613893509,0.9234325289726256,0.4849129021167755,-0.2336146384477615,0.9548867344856262,0.4911627471446991,-0.144386425614357,0.9205397367477416,0.4933450520038605,-0.1262900978326797,0.9393904805183412,0.5079795718193054,-0.2104895412921905,0.9271162748336792,0.5083501935005188,-0.2055322825908661,0.9827516674995422,0.5520814061164856,-0.1053752154111862,0.8997640609741211,0.5669938921928406,-0.0381106659770011,1.0036262273788452,0.653838574886322,-0.1823440045118332,0.8834859132766724,0.6671797037124634,-0.1252713650465011,0.9451025724411012,0.6290673017501831,-0.3324160277843475,0.908793807029724,0.6361460089683533,-0.3367337882518768,0.9265731573104858,0.6294929385185242,-0.3694216907024383,0.91639244556427,0.6329230666160583,-0.3748674988746643,0.9250874519348145,0.6185817718505859,-0.3644388318061828,0.9163970947265624,0.6241225600242615,-0.3721816539764404,0.930213749408722,0.6175361275672913,-0.3314618468284607,0.9159291982650756,0.6245171427726746,-0.3394162952899933,0.9764775037765504,0.7525306344032288,-0.0362114496529102,0.9231358766555786,0.7516651749610901,0.0364643931388855,0.9729960560798644,0.8911121487617493,-0.0646160691976547,0.9239708781242372,0.8766462802886963,0.1273238211870193,0.985634446144104,1.0078891515731812,0.066469058394432,0.9269517064094543,0.9792458415031432,0.3320742547512054,0.990009605884552,1.0245115756988523,0.0720933824777603,0.9416316747665404,0.9972142577171326,0.3472618460655212,0.973828911781311,1.0564666986465454,-0.0491955503821373,0.909753441810608,1.0074878931045532,0.2494563609361648,1.7838540077209473,neutro
1761586132.666863,0,0.9383594393730164,0.4934358298778534,-0.2730225324630737,0.9448682069778442,0.4817323982715606,-0.2625742852687835,0.9481559991836548,0.4817259907722473,-0.262595534324646,0.951345443725586,0.4820662438869476,-0.2626722455024719,0.9357670545578004,0.4829398989677429,-0.2595714628696441,0.9321337938308716,0.4838066399097442,-0.2595856785774231,0.9287071228027344,0.4848673641681671,-0.2596888840198517,0.9597323536872864,0.4904671907424927,-0.1659874767065048,0.9261366128921508,0.4929033815860748,-0.1497801393270492,0.9442488551139832,0.5076081156730652,-0.2342114001512527,0.9324530363082886,0.5080421566963196,-0.2298578023910522,0.9856818914413452,0.5526512861251831,-0.1151602119207382,0.902370810508728,0.5648874044418335,-0.0578180626034736,1.0015358924865725,0.656990647315979,-0.1937758475542068,0.8851569890975952,0.6652679443359375,-0.141180008649826,0.953143298625946,0.6308034062385559,-0.3624132871627807,0.911898136138916,0.6369034647941589,-0.3612352013587951,0.934564471244812,0.6300389766693115,-0.401593267917633,0.9201782941818236,0.632841944694519,-0.4020660519599914,0.9330094456672668,0.6186645030975342,-0.399641215801239,0.9193456768989564,0.6238632202148438,-0.4010617733001709,0.9377915263175964,0.617816150188446,-0.3632974326610565,0.9186277389526368,0.6245090961456299,-0.3646042346954345,0.9789746403694152,0.752385675907135,-0.0319319330155849,0.9257159233093262,0.750878095626831,0.0321399047970771,0.9772208333015442,0.8923638463020325,-0.0706716179847717,0.9247976541519164,0.8778848648071289,0.1200138181447982,0.9886382818222046,1.0083609819412231,0.0603125281631946,0.927660584449768,0.978722333908081,0.3543896377086639,0.991401195526123,1.024967074394226,0.0656051486730575,0.9413335919380188,0.9873552918434144,0.3730750977993011,0.9800559878349304,1.0570842027664185,-0.0582331493496894,0.9132624864578248,1.013360619544983,0.27949920296669,1.829200267791748,neutro
1761586132.7132509,0,0.9432790875434875,0.4937299787998199,-0.2686511278152466,0.9498006105422974,0.4814675748348236,-0.2585742771625519,0.9529112577438354,0.4814131557941437,-0.2585970461368561,0.9562738537788392,0.4816080629825592,-0.2586759626865387,0.940762996673584,0.4829981923103332,-0.255744606256485,0.9373008608818054,0.4838682413101196,-0.2557540535926819,0.9338838458061218,0.4849444627761841,-0.2558528780937195,0.964647114276886,0.489717960357666,-0.1632326990365982,0.9316693544387816,0.4924748837947845,-0.1483002007007599,0.9493718147277832,0.5075815916061401,-0.2302097380161285,0.9380915760993958,0.5081522464752197,-0.2261742651462555,0.9896291494369508,0.5530536770820618,-0.1108515709638595,0.9056119918823242,0.5631018280982971,-0.0576736629009246,1.0067403316497805,0.6573352813720703,-0.1856756210327148,0.8875126838684082,0.664928138256073,-0.1354589760303497,0.9592652320861816,0.631769061088562,-0.3536914885044098,0.9182923436164856,0.6369728446006775,-0.3463824689388275,0.9421433210372924,0.6310367584228516,-0.3936636745929718,0.92744243144989,0.6330873370170593,-0.3855478465557098,0.9406555891036988,0.6186445951461792,-0.3911385834217071,0.9271185994148254,0.622575581073761,-0.3846763968467712,0.9447028040885924,0.6178502440452576,-0.3545750677585602,0.925938606262207,0.6233230829238892,-0.3491684794425964,0.9819777607917786,0.752272367477417,-0.0285290442407131,0.9293934106826782,0.7503848671913147,0.0287394132465124,0.9829219579696656,0.8936655521392822,-0.0716135054826736,0.9254730939865112,0.8786296248435974,0.1163365691900253,0.9921075701713562,1.0092542171478271,0.0628535598516464,0.9277774691581726,0.9791002869606018,0.33335080742836,0.9931195378303528,1.0262528657913208,0.0686434060335159,0.9403177499771118,0.9859281778335572,0.3501443266868591,0.9874385595321656,1.0574148893356323,-0.0529018156230449,0.9124541282653807,1.0098947286605835,0.2531308829784393,1.8755881786346436,neutro
1761586132.7589684,0,0.9490855932235718,0.4930536150932312,-0.2678006887435913,0.9552854299545288,0.4809231460094452,-0.2572503387928009,0.9582773447036744,0.4809006750583648,-0.2572802901268005,0.9618375897407532,0.4809373319149017,-0.2573468387126922,0.9460598230361938,0.4823460280895233,-0.2548213899135589,0.9426345825195312,0.4831108748912811,-0.2548521161079407,0.938937485218048,0.4841248095035553,-0.2549545466899872,0.9695935249328612,0.4889097213745117,-0.1618102490901947,0.9355969429016112,0.4921637177467346,-0.1483897119760513,0.9551019668579102,0.5067200660705566,-0.2293983697891235,0.9436694979667664,0.5073567032814026,-0.2257485389709472,0.9952212572097778,0.5533539056777954,-0.1080647855997085,0.9088686108589172,0.5630655884742737,-0.0623735859990119,1.0136475563049316,0.6578328609466553,-0.1833500266075134,0.8918816447257996,0.6634578704833984,-0.1386648118495941,0.9654942750930786,0.6321869492530823,-0.3448611199855804,0.926766872406006,0.6373252272605896,-0.3397569060325622,0.9492776989936828,0.6318233013153076,-0.3837561011314392,0.9364696741104126,0.6340961456298828,-0.3781740963459015,0.947290539741516,0.6186397671699524,-0.3810636401176452,0.9361628293991088,0.6229181289672852,-0.376797616481781,0.9508333206176758,0.6179095506668091,-0.3455700874328613,0.934118926525116,0.6236155033111572,-0.3419228792190552,0.9877274632453918,0.7524255514144897,-0.0248093120753765,0.934599995613098,0.7502683997154236,0.0249963551759719,0.9869821667671204,0.8939876556396484,-0.0712019950151443,0.9259740710258484,0.8816664814949036,0.1085219755768776,0.998132824897766,1.0102808475494385,0.0769468322396278,0.9294227361679076,0.9792994856834412,0.308388888835907,0.997783660888672,1.0272151231765747,0.0840474218130111,0.940165400505066,0.98609858751297,0.323419451713562,0.9954258799552916,1.0584475994110107,-0.0355778262019157,0.916308045387268,1.0330361127853394,0.224263310432434,1.9213056564331055,neutro
1761586132.8059106,0,0.9520190954208374,0.4933392703533172,-0.2728716731071472,0.9587006568908693,0.4809098243713379,-0.2628774642944336,0.9618834257125854,0.4807972908020019,-0.262887954711914,0.9657052755355836,0.4807148873806,-0.2629517912864685,0.9492053985595704,0.4823269546031952,-0.2609600722789764,0.9457942247390748,0.4829719662666321,-0.2609895169734955,0.942221462726593,0.4838700294494629,-0.2611004412174225,0.9742422103881836,0.4883802235126495,-0.1679178774356842,0.9396260976791382,0.4915126860141754,-0.1579424142837524,0.958124041557312,0.5067635178565979,-0.2345809638500213,0.946595311164856,0.5074678063392639,-0.23190438747406,0.9976373910903932,0.5534055829048157,-0.1073906794190406,0.912184715270996,0.5617300868034363,-0.071983128786087,1.0179316997528076,0.6603874564170837,-0.1791461259126663,0.895346462726593,0.661520779132843,-0.1385983228683471,0.9697757959365844,0.6322699785232544,-0.3387612700462341,0.9297286868095398,0.6385526657104492,-0.3328849971294403,0.9546537399291992,0.6319578886032104,-0.3764272630214691,0.9400309324264526,0.6354552507400513,-0.3693406879901886,0.9529396295547484,0.6186490654945374,-0.3727679550647735,0.939855456352234,0.6239191293716431,-0.3676799237728119,0.9564371109008788,0.6179584860801697,-0.3390613198280334,0.937832236289978,0.6244329810142517,-0.334431529045105,0.9886202812194824,0.7522466778755188,-0.0209637694060802,0.9366543889045716,0.7489373087882996,0.0211597364395856,0.987571895122528,0.893893301486969,-0.063146635890007,0.9264720678329468,0.8812352418899536,0.1057173013687133,0.9991976618766784,1.009880542755127,0.0807970613241195,0.9309785962104796,0.9790319204330444,0.3061620593070984,0.9987202882766724,1.0265198945999146,0.0876239091157913,0.940003514289856,0.9850197434425354,0.3213925957679748,0.9989421963691713,1.056929588317871,-0.0286510102450847,0.9177948236465454,1.0147377252578735,0.2201569080352783,1.968247890472412,neutro
1761586132.8513374,0,0.9698721170425416,0.4921274483203888,-0.2543608248233795,0.9778813123703004,0.480630487203598,-0.2475079596042633,0.9817615747451782,0.4808659553527832,-0.247528001666069,0.9854607582092284,0.4810376465320587,-0.2476289570331573,0.9663642644882202,0.4810468852519989,-0.2414007633924484,0.9627560377120972,0.4813771843910217,-0.241403192281723,0.9595097303390504,0.4819015264511108,-0.2414909303188324,0.9914509654045104,0.4885790050029754,-0.142628937959671,0.9567230343818665,0.489388644695282,-0.1366575956344604,0.9756594896316528,0.5064514875411987,-0.2199613600969314,0.9633687138557434,0.5062070488929749,-0.2130322903394699,1.0181381702423096,0.5586017966270447,-0.0722294673323631,0.925815761089325,0.5598445534706116,-0.0567375421524047,1.0284578800201416,0.6636807322502136,-0.1491211354732513,0.907500386238098,0.6613649725914001,-0.1287420988082885,0.9918107986450196,0.6322261095046997,-0.3353686332702636,0.9496742486953736,0.6389492154121399,-0.3132781684398651,0.9812660217285156,0.6319354772567749,-0.3742699027061462,0.964097023010254,0.636336088180542,-0.3502655625343323,0.9802316427230836,0.6185756921768188,-0.3711028695106506,0.965177357196808,0.6247066855430603,-0.34807088971138,0.9819797277450562,0.6179511547088623,-0.3370489478111267,0.9621042013168336,0.6249524354934692,-0.3146533071994781,0.995175838470459,0.7524407505989075,-0.0116917500272393,0.9436126947402954,0.7481174468994141,0.0118090221658349,0.9883597493171692,0.8951007127761841,-0.0562866628170013,0.9262796640396118,0.8833449482917786,-0.0065374798141419,0.9951851963996888,1.009384274482727,0.1387470364570617,0.9329635500907898,0.979098379611969,0.1939828991889953,0.9874238967895508,1.0255762338638306,0.1514470726251602,0.9402891397476196,0.9848307371139526,0.209378644824028,0.9913522601127625,1.0573488473892212,0.0385507605969905,0.9178692102432252,1.013477087020874,0.0980420038104057,2.013674736022949,neutro
1761586132.8981712,0,0.97787743806839,0.4911672174930572,-0.257145494222641,0.9840179681777954,0.4801205396652221,-0.2433723211288452,0.9877867698669434,0.4804430305957794,-0.2434315234422683,0.9913174510002136,0.4807691574096679,-0.2435106933116912,0.9733818769454956,0.4802212119102478,-0.241963118314743,0.969611644744873,0.4804583489894867,-0.2419920712709427,0.966023087501526,0.4808453023433685,-0.2420930564403534,0.9962869882583618,0.4884901940822601,-0.1407648175954818,0.9608237147331238,0.48903289437294,-0.1350741684436798,0.9834617376327516,0.5064286589622498,-0.2174377143383026,0.9717482328414916,0.505746603012085,-0.2157383263111114,1.0263255834579468,0.5617020726203918,-0.069837175309658,0.9301813840866088,0.5599673986434937,-0.0645090416073799,1.035826325416565,0.6635735630989075,-0.145027220249176,0.9103028178215028,0.6616648435592651,-0.1390890777111053,0.9996085166931152,0.632942795753479,-0.3410030007362366,0.9568467140197754,0.6391680836677551,-0.3202445805072784,0.9888914823532104,0.632300615310669,-0.3816370964050293,0.9709477424621582,0.6368971467018127,-0.3583518862724304,0.9877114295959472,0.6185750961303711,-0.3803951144218445,0.9725261926651,0.6252763867378235,-0.3538533747196197,0.9888544082641602,0.6184929013252258,-0.3440296053886413,0.9693946838378906,0.6254396438598633,-0.3200794756412506,1.0001609325408936,0.7572147846221924,-0.0106800282374024,0.9483205080032348,0.7493102550506592,0.0108231455087661,0.9897902607917786,0.8998316526412964,-0.0557285174727439,0.9261856079101562,0.8855379819869995,0.0052314507775008,0.993638515472412,1.017253041267395,0.1271943598985672,0.9369952082633972,0.9791734218597412,0.2153889834880828,0.9867674112319946,1.0337401628494265,0.1380375921726226,0.9431215524673462,0.98487651348114,0.2315851747989654,0.991913914680481,1.0633479356765747,0.0198947507888078,0.9261647462844848,1.047260046005249,0.1205048710107803,2.0605084896087646,neutro
1761586132.9430175,0,0.9838812947273254,0.4903781712055206,-0.2897680699825287,0.9891563653945924,0.479275494813919,-0.2731692194938659,0.9927376508712769,0.4795731008052826,-0.2732468247413635,0.9959875345230104,0.4799096882343292,-0.273332417011261,0.9788954854011536,0.4791573286056518,-0.2740631699562073,0.9747995138168336,0.4793843030929565,-0.2741088271141052,0.9705642461776732,0.4796808958053589,-0.2741888165473938,1.0001814365386963,0.4877245128154754,-0.1588357388973236,0.96402108669281,0.4882994592189789,-0.1622771173715591,0.98922461271286,0.5061194896697998,-0.2456007301807403,0.9776671528816224,0.5053607821464539,-0.2466389685869217,1.0288503170013428,0.5663568377494812,-0.0774795785546302,0.9327167272567748,0.5605849623680115,-0.0835637003183364,1.0322635173797607,0.6731433868408203,-0.144575297832489,0.9132667779922484,0.6617138385772705,-0.1519202142953872,1.0067065954208374,0.6388603448867798,-0.3401578366756439,0.9620984792709352,0.6393317580223083,-0.3424861133098602,0.9974181056022644,0.6357786655426025,-0.3801460266113281,0.9768522381782532,0.6371741890907288,-0.3814207911491394,0.9984365701675416,0.6205722689628601,-0.3843478560447693,0.977620244026184,0.6256030797958374,-0.3792690932750702,0.9983170628547668,0.6209042072296143,-0.3452611267566681,0.9743595123291016,0.6257760524749756,-0.3436422049999237,0.9979246258735656,0.7572122812271118,-0.0086071658879518,0.949081540107727,0.7507005333900452,0.0087571749463677,0.989431381225586,0.9017032980918884,-0.0626243948936462,0.927506148815155,0.891336977481842,0.0172084476798772,0.9941285848617554,1.0228452682495115,0.1224915534257888,0.9418037533760072,0.980224311351776,0.2358364760875702,0.9872085452079772,1.039293885231018,0.1338143944740295,0.9491113424301147,0.9851511120796204,0.2509505152702331,0.9976999163627625,1.0699350833892822,0.0105463359504938,0.9313806295394896,1.0562406778335571,0.1413967013359069,2.1053547859191895,neutro
1761586132.990417,0,0.9873167872428894,0.4897899329662323,-0.3004566431045532,0.993036925792694,0.4786622822284698,-0.2828187346458435,0.9964664578437804,0.4791339039802551,-0.282895416021347,0.9996967315673828,0.479647547006607,-0.2829871773719787,0.9829894304275512,0.4780822098255157,-0.284484714269638,0.978913962841034,0.4781947135925293,-0.2845413088798523,0.9747737646102904,0.4784011542797088,-0.2846513390541076,1.0025866031646729,0.487757533788681,-0.1627508550882339,0.9677281379699708,0.4872699379920959,-0.1690958887338638,0.9916183352470398,0.5058971047401428,-0.2537010908126831,0.9800090789794922,0.5049561858177185,-0.2557078599929809,1.0300556421279907,0.5669174194335938,-0.0741007551550865,0.935042679309845,0.5604168772697449,-0.0928190797567367,1.0342521667480469,0.6705005168914795,-0.1164769530296325,0.9150750041007996,0.6619119644165039,-0.1603105366230011,1.0158590078353882,0.6408349871635437,-0.294740229845047,0.9652367830276488,0.6412638425827026,-0.341561883687973,1.0094295740127563,0.637107789516449,-0.3294909596443176,0.9798521995544434,0.6402003169059753,-0.3786347508430481,1.012341856956482,0.6222714185714722,-0.3344987034797668,0.9809306859970092,0.6265012621879578,-0.376354306936264,1.010769605636597,0.6236003041267395,-0.3002240359783172,0.9770914316177368,0.6267401576042175,-0.3419620394706726,1.0006039142608645,0.7605330944061279,-0.0038480386137962,0.9508037567138672,0.7522739171981812,0.0039749438874423,0.9976292848587036,0.9100818037986756,-0.0582073330879211,0.9301778674125672,0.894210159778595,0.0100205494090914,0.9934473037719728,1.025713324546814,0.1553612351417541,0.9431215524673462,0.9840268492698668,0.2360107451677322,0.987125039100647,1.0413575172424316,0.1692438870668411,0.9489294290542604,0.987910270690918,0.2533515393733978,0.9967122077941896,1.0738239288330078,0.0483452156186103,0.9358844757080078,1.060929775238037,0.1346611380577087,2.152754306793213,neutro
1761586133.036791,0,0.9925553202629088,0.4895004034042358,-0.2884245216846466,0.9973322153091432,0.4784668982028961,-0.270482987165451,1.0005295276641846,0.4790407121181488,-0.2705599069595337,1.0035210847854614,0.4796337485313415,-0.2706459164619446,0.987919807434082,0.4773229956626892,-0.2732792496681213,0.984066367149353,0.4772787988185882,-0.2733407020568847,0.9800840616226196,0.4772996604442596,-0.2734752297401428,1.004266381263733,0.4876183569431305,-0.1571848541498184,0.9718644022941588,0.4859138429164886,-0.1600344479084015,0.9964886903762816,0.5058244466781616,-0.2411529123783111,0.9850773811340332,0.5045573115348816,-0.244342640042305,1.0313055515289309,0.5663978457450867,-0.0484117232263088,0.9370025396347046,0.5596570372581482,-0.0917768627405166,1.0388429164886477,0.6652783155441284,-0.0735182166099548,0.9150828123092652,0.6619694828987122,-0.1651969999074936,1.022953987121582,0.6404466032981873,-0.2396751195192337,0.9667484164237976,0.6416030526161194,-0.3384583592414856,1.0169203281402588,0.6378362774848938,-0.2728249430656433,0.9839462041854858,0.640887439250946,-0.3747765123844147,1.0188467502593994,0.6235849857330322,-0.2780643999576568,0.9849511981010436,0.6266336441040039,-0.3730877339839935,1.0172200202941897,0.6247014403343201,-0.2454412877559662,0.9808503985404968,0.6268888711929321,-0.3386825621128082,1.0028973817825315,0.7615631818771362,0.0028807842172682,0.9519330263137816,0.754707396030426,-0.0027214051224291,1.002387762069702,0.9121478796005248,-0.0356240645051002,0.9360492825508118,0.9001554250717163,0.0104638999328017,0.9960811734199524,1.0274535417556765,0.1658902764320373,0.9454902410507202,0.9899322986602784,0.2061128914356231,0.9889482259750366,1.0437829494476318,0.1779826134443283,0.9533768892288208,1.0260616540908811,0.2205538749694824,1.0040969848632812,1.0739119052886963,0.0568637624382972,0.9445204734802246,1.0663731098175049,0.089704692363739,2.1991283893585205,neutro
1761586133.0831804,0,0.9976119995117188,0.4893733561038971,-0.2441547214984893,1.001988410949707,0.4785564839839935,-0.2239798307418823,1.0048707723617554,0.4791615903377533,-0.2240771055221557,1.007351636886597,0.4797426164150238,-0.2241555452346801,0.9928535223007202,0.4768503606319427,-0.2330351322889328,0.9895742535591124,0.4764673113822937,-0.233121782541275,0.9857804179191588,0.4761374592781067,-0.233298659324646,1.0050407648086548,0.4874926209449768,-0.1004416197538375,0.9767942428588868,0.4835739433765411,-0.1394572556018829,0.9994020462036132,0.5054421424865723,-0.1953186839818954,0.9893244504928588,0.5030786991119385,-0.2070402801036834,1.0295140743255615,0.5662924647331238,-0.0063938735984265,0.9373072385787964,0.5577856302261353,-0.0779770761728286,1.0373542308807373,0.6624889373779297,-0.0354830957949161,0.9161220788955688,0.6616874933242798,-0.1521599292755127,1.0230863094329834,0.6410816311836243,-0.2102095782756805,0.9681317210197448,0.642335832118988,-0.320917934179306,1.017594814300537,0.6402653455734253,-0.2451591491699218,0.9855734705924988,0.6421436071395874,-0.3527241349220276,1.0190391540527344,0.6261959671974182,-0.2495447099208831,0.986843466758728,0.6270763874053955,-0.3512932658195495,1.0175117254257202,0.6267403960227966,-0.2162929475307464,0.9828901290893556,0.6269285082817078,-0.3183810114860534,1.0048853158950806,0.7611992955207825,0.0103907734155654,0.9550076723098756,0.7547282576560974,-0.010183610022068,1.008342981338501,0.9134482145309448,-0.0422069132328033,0.9462916254997252,0.9056664705276488,-0.0068300059065222,1.0032950639724731,1.0342700481414795,0.1369343250989914,0.948277473449707,0.999877393245697,0.1737798750400543,0.9958419799804688,1.0522446632385254,0.1468842923641204,0.9577423334121704,1.039783596992493,0.1865538507699966,1.0152056217193604,1.0777702331542969,0.026806166395545,0.953278660774231,1.07245671749115,0.0539373159408569,2.2455177307128906,neutro
1761586133.1315713,0,0.9981112480163574,0.489563375711441,-0.2343349903821945,1.0028449296951294,0.4786659777164459,-0.2146501094102859,1.005795121192932,0.4792268574237823,-0.2147469222545623,1.0083101987838743,0.4799594283103943,-0.2147987782955169,0.9935089945793152,0.4768370389938354,-0.2232387959957122,0.990260124206543,0.4762335419654846,-0.2233267575502395,0.9864917993545532,0.4757026731967926,-0.2235315144062042,1.0058056116104126,0.4875513315200805,-0.0912654772400856,0.9782272577285768,0.4827526807785034,-0.129573792219162,0.9995027780532836,0.5053371787071228,-0.1861173808574676,0.9898815155029296,0.5026859641075134,-0.1970406323671341,1.0295876264572144,0.565902054309845,0.0116564687341451,0.9392341375350952,0.5575879812240601,-0.0808447152376174,1.036802887916565,0.6540018916130066,0.032465111464262,0.9170987010002136,0.6613485217094421,-0.1497855931520462,1.0261061191558838,0.6628071665763855,-0.1020708233118057,0.9677394032478333,0.6447749733924866,-0.3034079372882843,1.0226693153381348,0.6748665571212769,-0.1303390264511108,0.9850638508796692,0.6445284485816956,-0.3353461325168609,1.0223759412765503,0.6629138588905334,-0.1436079442501068,0.986726462841034,0.6287574768066406,-0.3394825756549835,1.0206525325775146,0.6581412553787231,-0.1109825372695922,0.982812762260437,0.6281634569168091,-0.3036635816097259,1.0060265064239502,0.7604982852935791,0.0214407481253147,0.9577438235282898,0.7549097537994385,-0.0212307907640934,1.0034998655319214,0.9113566279411316,-0.0390527546405792,0.9561458826065063,0.9049861431121826,-0.016718441620469,1.0055404901504517,1.042296051979065,0.104654349386692,0.9529870748519896,1.00947904586792,0.1477166712284088,0.9979666471481324,1.06220281124115,0.1082862392067909,0.9601093530654908,1.0510255098342896,0.1580959558486938,1.0195703506469729,1.0836035013198853,-0.0213548000901937,0.9663017392158508,1.0795321464538574,0.020499188452959,2.2939085960388184,neutro
1761586133.1786313,0,1.0086363554000854,0.4896202385425567,-0.267950177192688,1.0107027292251587,0.4787758886814117,-0.2470758706331253,1.012464165687561,0.4793243110179901,-0.2471082657575607,1.0141236782073977,0.4800308048725128,-0.2471376210451126,1.0028557777404783,0.4770711362361908,-0.2594539523124695,0.9998035430908204,0.4765642285346985,-0.2595205008983612,0.9967962503433228,0.4761614799499511,-0.2597487568855285,1.0089858770370483,0.4870770275592804,-0.128977745771408,0.9897805452346802,0.4830604195594787,-0.1833780109882354,1.0072752237319946,0.5043867230415344,-0.2225480824708938,0.9986544847488404,0.5017617344856262,-0.2382778823375702,1.0338776111602783,0.5636962652206421,-0.0220950748771429,0.9502664804458618,0.5557778477668762,-0.1533287614583969,1.0397377014160156,0.6385701894760132,0.048887263983488,0.9221726655960084,0.6571359038352966,-0.1859764903783798,1.029017210006714,0.6371805667877197,0.0222956202924251,0.9791644811630248,0.6496516466140747,-0.2596224844455719,1.0244696140289309,0.6408557295799255,0.0102323377504944,0.9944717288017272,0.648851215839386,-0.2876923680305481,1.027300477027893,0.6305741667747498,0.0028556510806083,0.9965479969978333,0.6340673565864563,-0.2875980734825134,1.026190996170044,0.629368782043457,0.0174346826970577,0.9920247197151184,0.6330123543739319,-0.2581456005573272,1.0233465433120728,0.7534556984901428,0.0284256152808666,0.9718490839004515,0.7523977756500244,-0.0282544288784265,1.001417875289917,0.8724949955940247,0.0702652558684349,0.9826550483703612,0.8805742859840393,0.0028711217455565,1.006680965423584,0.96699196100235,0.3345493674278259,0.9846190214157104,0.9860480427742004,0.2253443747758865,0.999917209148407,0.9800739288330078,0.3560132384300232,0.9803924560546876,1.003248929977417,0.246176928281784,1.0169909000396729,1.0108351707458496,0.2744286656379699,0.997880756855011,1.0317468643188477,0.1382564306259155,2.340968608856201,neutro
1761586133.2243898,0,1.0111839771270752,0.4932701289653778,-0.2630311250686645,1.0122627019882202,0.4811422228813171,-0.2408208549022674,1.0137593746185305,0.4815651774406433,-0.2408422976732254,1.0152208805084229,0.4821561872959137,-0.240860104560852,1.0048558712005615,0.4793224632740021,-0.2544291019439697,1.0019657611846924,0.4786783456802368,-0.2544727027416229,0.9991380572319032,0.4782023131847381,-0.2546448707580566,1.0170605182647705,0.4878034591674804,-0.1261390745639801,0.9932347536087036,0.4834078848361969,-0.1822192519903183,1.0092313289642334,0.5053368210792542,-0.2181621044874191,1.0011098384857178,0.5031143426895142,-0.2311055213212967,1.0336532592773438,0.563630223274231,-0.0223003737628459,0.9538679122924804,0.5547680258750916,-0.1596195995807647,1.0386645793914795,0.639203667640686,0.0550585873425006,0.9271217584609984,0.6563631296157837,-0.2015879154205322,1.0202487707138062,0.6333689093589783,0.0381604917347431,0.9894939661026,0.6507921814918518,-0.261003315448761,1.0129555463790894,0.6358006000518799,0.0277280248701572,1.0031936168670654,0.6511458158493042,-0.2874258160591125,1.0158121585845947,0.6251676082611084,0.0246315188705921,1.003481149673462,0.6388852000236511,-0.2840801775455475,1.0160765647888184,0.6247278451919556,0.0351968258619308,0.9989612698554992,0.6358954310417175,-0.257974773645401,1.0254619121551514,0.7532886266708374,0.0340708084404468,0.975222945213318,0.7526516318321228,-0.0338995829224586,1.027980923652649,0.8717333078384399,0.0628531128168106,0.987750232219696,0.8785969018936157,-0.0006775328656658,1.0170999765396118,0.9754247069358826,0.2929655909538269,0.9956542253494264,0.986090123653412,0.2018229663372039,1.010912299156189,0.9899489283561708,0.3109586834907532,0.975782036781311,0.9827622175216676,0.2200963795185089,1.0280593633651731,1.0182141065597534,0.2266596108675003,1.012136697769165,1.031013011932373,0.1132747083902359,2.3867270946502686,neutro
1761586133.2715695,0,1.0145922899246216,0.4920001626014709,-0.2605897188186645,1.0153353214263916,0.4800329208374023,-0.2394274175167083,1.0167685747146606,0.4806141853332519,-0.2394483983516693,1.018186092376709,0.4813939332962036,-0.2394712418317794,1.0074269771575928,0.4781655371189117,-0.2521293461322784,1.004292607307434,0.4776655733585357,-0.2521852254867553,1.001315712928772,0.4774158298969269,-0.2523707151412964,1.0203269720077517,0.487521767616272,-0.1317379623651504,0.9951425790786744,0.4833229482173919,-0.1946215629577636,1.0120952129364014,0.5038541555404663,-0.2171977758407592,1.0030875205993652,0.5018517374992371,-0.2314946204423904,1.036109209060669,0.5635032057762146,-0.0344804599881172,0.955936074256897,0.5538396835327148,-0.173732653260231,1.038742184638977,0.6416568160057068,0.0254541132599115,0.9316073656082152,0.6557251811027527,-0.1926935613155365,1.0160832405090332,0.6392455697059631,0.007731388323009,0.993838667869568,0.652576744556427,-0.2076627910137176,1.0080115795135498,0.644521951675415,-0.0041834777221083,1.0043781995773315,0.66038578748703,-0.2278271913528442,1.0103251934051514,0.6321503520011902,-0.0069039603695273,1.007194757461548,0.6432346105575562,-0.2259255647659301,1.0109820365905762,0.6306165456771851,0.0046300026588141,1.0030479431152344,0.6382805109024048,-0.2043593376874923,1.0267345905303955,0.7506231069564819,0.0274779051542282,0.9773815870285034,0.7515751719474792,-0.0272701978683471,1.0278539657592771,0.8646664023399353,0.0454379096627235,0.9931416511535645,0.8726401925086975,0.0059640342369675,1.0125665664672852,0.9670695066452026,0.285182237625122,0.9872217178344728,0.971626341342926,0.23109832406044,1.0069987773895264,0.9801399111747742,0.3043730854988098,0.979783833026886,0.981531262397766,0.2514130175113678,1.020700216293335,1.0112413167953491,0.2223784476518631,0.995193600654602,1.0102486610412598,0.1511315256357193,2.4339067935943604,neutro
1761586133.3184354,0,1.0121418237686155,0.4937532544136047,-0.2466463297605514,1.0137282609939575,0.4808561503887176,-0.2255708426237106,1.0154788494110107,0.481320858001709,-0.2255983650684356,1.0172165632247925,0.4820002317428589,-0.2256143987178802,1.005924940109253,0.4791038930416107,-0.2379976511001587,1.0030511617660522,0.4785710275173187,-0.2380850315093994,1.0003546476364136,0.4783517718315124,-0.2383178025484085,1.023034930229187,0.4888317883014679,-0.1118993610143661,0.9954047203063964,0.4839654266834259,-0.1826596558094024,1.011106014251709,0.5040774345397949,-0.2024736106395721,1.0016485452651978,0.5030421614646912,-0.2185466587543487,1.0394163131713867,0.564768373966217,-0.0117991808801889,0.9586359262466432,0.553852915763855,-0.1428334414958953,1.0432419776916504,0.6417372226715088,0.0401795171201229,0.934424877166748,0.6560123562812805,-0.18631511926651,1.0207881927490234,0.6358181834220886,-0.0060841706581413,0.997006893157959,0.6550229787826538,-0.2424128949642181,1.0122252702713013,0.6391984820365906,-0.0206457711756229,1.0117449760437012,0.6598517894744873,-0.2682685852050781,1.016014814376831,0.6279183626174927,-0.0225929953157901,1.0160534381866455,0.6449117660522461,-0.2665548324584961,1.0166455507278442,0.6270331144332886,-0.0093743149191141,1.0077497959136963,0.6421449780464172,-0.2401872426271438,1.0288629531860352,0.7507155537605286,0.0329123474657535,0.9803259968757628,0.7516825795173645,-0.0327332057058811,1.0276609659194946,0.8721000552177429,0.0337140709161758,0.9981342554092408,0.8730698227882385,-0.0282921157777309,1.010514497756958,0.9795446991920472,0.2467911541461944,0.9907559156417848,0.9787501692771912,0.1550647914409637,1.0050818920135498,0.9938980937004088,0.2619821429252624,0.984110951423645,0.9912678599357604,0.1694813072681427,1.0187413692474363,1.0232338905334473,0.16877081990242,1.0028926134109497,1.0204647779464722,0.0519384555518627,2.4807727336883545,neutro
1761586133.36566,0,1.0157644748687744,0.4996145367622375,-0.1890632361173629,1.0169214010238647,0.4858256578445434,-0.1689847856760025,1.0184355974197388,0.4861396849155426,-0.1690329313278198,1.0198885202407837,0.4866411387920379,-0.1690198481082916,1.0094784498214722,0.483629435300827,-0.1862084716558456,1.0067204236984253,0.4825831353664398,-0.1863069087266922,1.0041322708129885,0.4818258285522461,-0.1864972412586212,1.0236642360687256,0.4902897775173187,-0.0591050274670124,0.999610722064972,0.4850459992885589,-0.1401761472225189,1.013932228088379,0.5076482892036438,-0.1462755501270294,1.005451798439026,0.5072677135467529,-0.1685833483934402,1.036141872406006,0.5650206208229065,0.0432045683264732,0.9610127210617064,0.5533899664878845,-0.140141874551773,1.0428659915924072,0.645909309387207,0.0821270570158958,0.9390565752983092,0.6560617685317993,-0.1829029768705368,1.021121621131897,0.6815276741981506,-0.0020024208351969,1.0029098987579346,0.6564934253692627,-0.1904701143503189,1.0155295133590698,0.6989933848381042,-0.0228489972651004,1.0189409255981443,0.6654285788536072,-0.2161129415035247,1.0175408124923706,0.6889678239822388,-0.0350973680615425,1.021887183189392,0.6462051272392273,-0.2150917053222656,1.017009973526001,0.6822680830955505,-0.0108343325555324,1.01444411277771,0.6442294716835022,-0.1872713565826416,1.0274235010147097,0.7505183815956116,0.0581775717437267,0.981359362602234,0.7512696385383606,-0.0579993836581707,1.032599687576294,0.8697742223739624,0.0638909861445427,1.004185914993286,0.8755272626876831,-0.0504171960055828,1.0062228441238403,0.9722030758857728,0.2733985185623169,0.990834891796112,0.9802485704421996,0.1215730160474777,0.9948278665542604,0.9857827425003052,0.2888249158859253,0.9814859628677368,0.9928783178329468,0.1348685920238495,1.0176503658294678,1.0164333581924438,0.2112338542938232,1.011565089225769,1.0234709978103638,0.0253657288849353,2.5279972553253174,neutro
1761586133.411659,0,1.020301103591919,0.5058601498603821,-0.1346144676208496,1.0240271091461182,0.489540547132492,-0.1215400844812393,1.0254284143447876,0.4898552298545837,-0.1215678080916404,1.026859164237976,0.4902875125408172,-0.1215365305542945,1.0127224922180176,0.4888243973255157,-0.1405613124370575,1.01006019115448,0.4870980381965637,-0.1405998766422271,1.007750153541565,0.4855921566486358,-0.140733391046524,1.0217558145523071,0.4935972392559051,-0.0404194965958595,1.0014568567276,0.4865785539150238,-0.1264933347702026,1.0234144926071167,0.5152674913406372,-0.1015181690454483,1.0086090564727783,0.5113441348075867,-0.126096174120903,1.0300716161727903,0.5649506449699402,0.0357843674719333,0.9635890126228333,0.553555428981781,-0.1370244920253753,1.025572657585144,0.6469355225563049,0.0429939553141593,0.9425209164619446,0.6562938094139099,-0.1777682155370712,1.019503474235535,0.6807376742362976,-0.0534710995852947,1.0049737691879272,0.6594145894050598,-0.182162806391716,1.0166723728179932,0.695698082447052,-0.0754522457718849,1.0243713855743408,0.6641063094139099,-0.2026233375072479,1.0190277099609375,0.685448944568634,-0.0820124596357345,1.0241858959197998,0.6479530334472656,-0.2010751515626907,1.017313003540039,0.680320143699646,-0.0590260103344917,1.0144975185394287,0.647487998008728,-0.178628385066986,1.0262343883514404,0.7474806308746338,0.0570595264434814,0.9844595193862916,0.7506960034370422,-0.0569471828639507,1.0298774242401123,0.8527383804321289,0.1186676993966102,0.9996324777603148,0.8631322383880615,-0.0259167440235614,0.9856715202331544,0.9498141407966614,0.2550083994865417,0.9850146174430848,0.9558948874473572,0.1084169968962669,0.971194863319397,0.9622761011123656,0.2652207911014557,0.9700161218643188,0.9678621888160706,0.1176470145583152,0.9882352948188782,0.9748870134353638,0.2058885991573333,0.9933661222457886,0.9827598333358764,0.0339562445878982,2.5739963054656982,neutro
1761586133.4585693,0,1.0206860303878784,0.5064923167228699,-0.1268699020147323,1.0247710943222046,0.4898220598697662,-0.1143986210227012,1.026159405708313,0.4900846779346466,-0.1144397854804992,1.0275723934173584,0.4904489815235138,-0.1144174337387085,1.0135828256607056,0.4895961582660675,-0.1334393918514251,1.011193871498108,0.4879408478736877,-0.133485734462738,1.0092411041259766,0.4865567088127136,-0.1336133331060409,1.0208638906478882,0.4939913153648376,-0.0359016880393028,1.0033568143844604,0.4870742857456207,-0.1216698065400123,1.025101900100708,0.5162452459335327,-0.0945424363017082,1.0096741914749146,0.5125064253807068,-0.1190168485045433,1.0241851806640625,0.5639155507087708,0.0429464764893054,0.968471884727478,0.5536346435546875,-0.1344102025032043,1.0172470808029177,0.6469525098800659,0.0429307259619236,0.9483588337898254,0.6563511490821838,-0.1640571057796478,1.0253452062606812,0.6804448366165161,-0.0666971877217292,1.0063966512680054,0.6586719155311584,-0.167760282754898,1.0284738540649414,0.6956847906112671,-0.0888354331254959,1.025327444076538,0.6633321046829224,-0.186606228351593,1.031447172164917,0.687005341053009,-0.091153897345066,1.0287007093429563,0.6467822194099426,-0.1871136575937271,1.0278348922729492,0.6819612979888916,-0.0715693607926368,1.0208520889282229,0.646117091178894,-0.1650736182928085,1.0233466625213623,0.745530903339386,0.0613059476017952,0.9891923069953918,0.7502514719963074,-0.0612311288714408,1.0267062187194824,0.8511587381362915,0.1298533082008361,1.002087116241455,0.860477864742279,-0.0188944600522518,0.9836863279342652,0.9480356574058532,0.2489498108625412,0.9818109273910522,0.9499096274375916,0.0968613848090171,0.9683351516723632,0.9594480991363524,0.2572351396083832,0.9661884307861328,0.9678761959075928,0.1052214279770851,0.9851354360580444,0.9666936993598938,0.2010748088359832,0.9893671870231628,0.9744767546653748,0.0260703470557928,2.6209065914154053,neutro
1761586133.5049093,0,0.0,0.0,0.0,0.0,0.0,0.0,0.0,0.0,0.0,0.0,0.0,0.0,0.0,0.0,0.0,0.0,0.0,0.0,0.0,0.0,0.0,0.0,0.0,0.0,0.0,0.0,0.0,0.0,0.0,0.0,0.0,0.0,0.0,0.0,0.0,0.0,0.0,0.0,0.0,0.0,0.0,0.0,0.0,0.0,0.0,0.0,0.0,0.0,0.0,0.0,0.0,0.0,0.0,0.0,0.0,0.0,0.0,0.0,0.0,0.0,0.0,0.0,0.0,0.0,0.0,0.0,0.0,0.0,0.0,0.0,0.0,0.0,0.0,0.0,0.0,0.0,0.0,0.0,0.0,0.0,0.0,0.0,0.0,0.0,0.0,0.0,0.0,0.0,0.0,0.0,0.0,0.0,0.0,0.0,0.0,0.0,0.0,0.0,0.0,2.6672465801239014,neutro
1761586133.567271,0,0.5790932774543762,0.4810945391654968,0.1090409532189369,0.5735611319541931,0.4666374325752258,0.0821146965026855,0.5699263215065002,0.4660574197769165,0.0820867270231247,0.5661605596542358,0.4656649529933929,0.0819853842258453,0.582192599773407,0.4669455587863922,0.0758068189024925,0.5845991373062134,0.4665320217609405,0.0758213549852371,0.5871519446372986,0.4661292135715484,0.0757191330194473,0.556882381439209,0.4697355926036834,-0.007118028588593,0.5863341689109802,0.4703145921230316,-0.0349855162203311,0.5738944411277771,0.4903245270252228,0.0847032740712165,0.5822322964668274,0.4914828240871429,0.0768322721123695,0.5014143586158752,0.551149308681488,0.0135112944990396,0.6066681146621704,0.5396102666854858,-0.116081915795803,0.479884922504425,0.6659323573112488,0.0884933248162269,0.6631874442100525,0.6545868515968323,-0.0693426728248596,0.4990791380405426,0.7355619072914124,0.2142464816570282,0.6786949634552002,0.754389226436615,0.0551028773188591,0.4996483922004699,0.7548252940177917,0.2382823675870895,0.6836215257644653,0.7849701046943665,0.0619591772556304,0.5060392022132874,0.7529088258743286,0.2320988625288009,0.6749480366706848,0.7818483710289001,0.0654489323496818,0.5069397687911987,0.7467862367630005,0.2154579609632492,0.6701943278312683,0.7729130983352661,0.059567779302597,0.5175070762634277,0.7767345905303955,0.0570975020527839,0.5819810032844543,0.7822214961051941,-0.0572720058262348,0.525330126285553,0.894262969493866,0.2357617318630218,0.5860705375671387,0.9433861970901488,0.0938323810696601,0.5179635286331177,1.0202934741973877,0.4125099182128906,0.5632556080818176,1.0846902132034302,0.2389382869005203,0.5112406611442566,1.0459176301956177,0.4301816523075104,0.5490148663520813,1.113755702972412,0.2555526494979858,0.5410093665122986,1.00062894821167,0.4361127912998199,0.5959335565567017,1.1026880741119385,0.227098673582077,2.7296082973480225,neutro
1761586133.6116142,0,0.5769036412239075,0.4808620810508728,0.1661270856857299,0.5723036527633667,0.4665722846984863,0.1328255832195282,0.5688251256942749,0.4659758806228637,0.132812350988388,0.565285325050354,0.4655704200267792,0.1327421814203262,0.5811631083488464,0.4669397175312042,0.1285150647163391,0.583872377872467,0.4665331840515136,0.1285178065299987,0.5867368578910828,0.4661498963832855,0.1284013241529464,0.5564360022544861,0.4697301089763641,0.0181337334215641,0.5863503217697144,0.4706000983715057,-0.0031751848291605,0.5718326568603516,0.4900824129581451,0.1325442641973495,0.5808252692222595,0.4914093315601349,0.1266102641820907,0.4987429976463318,0.5508783459663391,-0.0006263718241825,0.6090508103370667,0.5398666858673096,-0.073060043156147,0.474123865365982,0.668347954750061,0.0280505325645208,0.6640242338180542,0.6545699834823608,-0.0253323409706354,0.4837188720703125,0.7688478231430054,0.1240329518914222,0.6766229867935181,0.7571254372596741,0.1091731935739517,0.4859281480312347,0.7947606444358826,0.1396457105875015,0.6825514435768127,0.7866664528846741,0.1245641335844993,0.4914767146110534,0.7952116131782532,0.1383965164422989,0.6730465292930603,0.7839863300323486,0.1268534660339355,0.4914305806159973,0.7856675386428833,0.1262134909629821,0.6681179404258728,0.7749179005622864,0.1140446439385414,0.5177304148674011,0.7801167964935303,0.0318491905927658,0.5821987390518188,0.785295844078064,-0.0319084599614143,0.5253127813339233,0.930697500705719,0.1945256888866424,0.582709550857544,0.9665105938911438,0.0710019022226333,0.52057284116745,1.0509928464889526,0.358725905418396,0.5630972981452942,1.1260918378829956,0.1821974813938141,0.5182920098304749,1.0771026611328125,0.3748230338096618,0.5509608387947083,1.155125856399536,0.1939429640769958,0.5330938100814819,1.0666216611862185,0.3736299872398376,0.5867204070091248,1.151868224143982,0.1506640613079071,2.773951530456543,neutro
1761586133.6597788,0,0.5742393732070923,0.4769430458545685,0.1527072489261627,0.5700465440750122,0.463312953710556,0.1176723688840866,0.5666701793670654,0.4629438817501068,0.1176480203866958,0.5631840229034424,0.4627476036548614,0.117568053305149,0.5793773531913757,0.4636065363883972,0.116457425057888,0.5824292302131653,0.4633651077747345,0.1164638176560401,0.5857334136962891,0.4632351100444793,0.1163443475961685,0.5546422600746155,0.4683210253715515,-0.0052160946652293,0.5863739252090454,0.4696115255355835,-0.0102073093876242,0.5695217251777649,0.4871191680431366,0.1175892502069473,0.5794647336006165,0.4884706735610962,0.1152740716934204,0.4979932904243469,0.5506216883659363,-0.0616653934121131,0.6140888929367065,0.5408640503883362,-0.0641464367508888,0.4715662598609924,0.6691091656684875,-0.0364398583769798,0.6660493612289429,0.6556933522224426,-0.0090205436572432,0.4706620275974273,0.7794851064682007,0.0723804756999015,0.674837052822113,0.7605527639389038,0.12904654443264,0.471215158700943,0.806221604347229,0.0848700702190399,0.6813346147537231,0.7888233065605164,0.1484628319740295,0.4758926033973694,0.8071810603141785,0.087302379310131,0.6711326241493225,0.7861097455024719,0.146515816450119,0.4762850701808929,0.7975932359695435,0.0764597058296203,0.6662536263465881,0.7771368622779846,0.1320079118013382,0.5177192091941833,0.780748724937439,0.0025211179163306,0.5822109580039978,0.7863699793815613,-0.0025388118810951,0.524520754814148,0.9252212047576904,0.1690141558647155,0.5808588266372681,0.9658491015434264,0.1260039508342743,0.5211251974105835,1.052856683731079,0.3406440019607544,0.5593845248222351,1.116299033164978,0.2628779709339142,0.5215359330177307,1.080544352531433,0.3576968908309936,0.5508514046669006,1.1456352472305298,0.2775729894638061,0.5268757343292236,1.04864764213562,0.3539842963218689,0.5679135322570801,1.1376034021377563,0.2389841973781585,2.8221161365509033,neutro
1761586133.7059276,0,0.5711349248886108,0.4741311073303222,0.1699055731296539,0.5677007436752319,0.4607268571853637,0.1316018849611282,0.5645416378974915,0.4605965912342071,0.1315750777721405,0.5611504912376404,0.4606238007545471,0.1314955651760101,0.5768208503723145,0.4606528878211975,0.1332693547010421,0.5801065564155579,0.4604808390140533,0.1332724690437317,0.5835705995559692,0.4604776799678802,0.1331575214862823,0.5532544851303101,0.4673192799091339,-0.0019123656675219,0.5862990617752075,0.4686519801616668,0.0046218642964959,0.5668079257011414,0.4849195182323456,0.1304523199796676,0.5770936608314514,0.4860945343971252,0.1320397704839706,0.4976407885551452,0.5498574376106262,-0.0470891334116458,0.6163450479507446,0.5413138270378113,-0.0506364218890666,0.4710134863853454,0.6690886616706848,-0.0086200525984168,0.666693925857544,0.6562636494636536,0.0010507542174309,0.4696548879146576,0.7713842391967773,0.1117827296257019,0.6709432005882263,0.7627541422843933,0.1295448541641235,0.4697020947933197,0.7963672876358032,0.1277215331792831,0.6788172125816345,0.7900112271308899,0.1466239988803863,0.4753536581993103,0.7964602112770081,0.1277598440647125,0.6691048741340637,0.7870132923126221,0.146071657538414,0.4762000441551208,0.7875476479530334,0.115367904305458,0.664169430732727,0.7781381607055664,0.1327283680438995,0.5179309248924255,0.7807627320289612,0.0036526091862469,0.5819398760795593,0.7869269251823425,-0.0036389636807143,0.5241394639015198,0.935249388217926,0.162947341799736,0.5797358751296997,0.9679313898086548,0.1155501008033752,0.5216410160064697,1.0593825578689575,0.3275757431983948,0.5573426485061646,1.123057246208191,0.2367268055677414,0.5228780508041382,1.0871546268463137,0.3435320258140564,0.5504360198974609,1.152165174484253,0.2483323514461517,0.5213623046875,1.0704985857009888,0.3387698531150818,0.5659029483795166,1.145094394683838,0.2045472413301468,2.86826491355896,neutro
1761586133.752813,0,0.5681942701339722,0.4729179441928863,0.169573962688446,0.5650941133499146,0.4591931104660034,0.1305282711982727,0.5618871450424194,0.4591514766216278,0.1304938495159149,0.5583391189575195,0.4592585563659668,0.1304046362638473,0.5741626024246216,0.4587187767028808,0.1327273398637771,0.5775558352470398,0.4584014117717743,0.1327280700206756,0.5811507701873779,0.4582579731941223,0.1326026022434234,0.5507970452308655,0.4663977921009063,-0.002733115106821,0.5857517123222351,0.4673134684562683,0.0038557634688913,0.5638456344604492,0.4840012192726135,0.1292212158441543,0.5743932723999023,0.4852665364742279,0.1316248476505279,0.4971219003200531,0.549710214138031,-0.0517033450305461,0.6170547008514404,0.5412521958351135,-0.0544907450675964,0.4701652526855469,0.6694597005844116,-0.0172921419143676,0.6685799956321716,0.6566632986068726,0.0055393921211361,0.4668730795383453,0.773086667060852,0.1070593148469924,0.6679356098175049,0.768671452999115,0.1510219275951385,0.466639757156372,0.7987726926803589,0.124076560139656,0.6764729619026184,0.795087456703186,0.1713066399097442,0.4717616140842438,0.7988610863685608,0.1239998191595077,0.6668816804885864,0.7904804348945618,0.171544924378395,0.4727171063423157,0.7895277142524719,0.1108449846506118,0.661709189414978,0.7811736464500427,0.1548920720815658,0.5178760886192322,0.7809736132621765,0.007081841584295,0.5813602209091187,0.7877978086471558,-0.0070938020944595,0.521774411201477,0.9322004914283752,0.1724639385938644,0.5774491429328918,0.970170557498932,0.1145857349038124,0.5192142724990845,1.056069016456604,0.3375288546085357,0.5574959516525269,1.128262639045715,0.2121544778347015,0.5226802825927734,1.0837604999542236,0.3537648916244507,0.5505117774009705,1.1581121683120728,0.2232785671949386,0.5128167271614075,1.0667164325714111,0.3535204529762268,0.5688979625701904,1.1503065824508667,0.1833695322275161,2.9151504039764404,neutro
1761586133.7972715,0,0.565690815448761,0.4715723395347595,0.1668165624141693,0.5626444816589355,0.4578469693660736,0.1269977390766143,0.559356153011322,0.457928866147995,0.1269584000110626,0.5557132959365845,0.4581562280654907,0.126868188381195,0.5715826749801636,0.4569352865219116,0.1295714080333709,0.574914813041687,0.4564451277256012,0.1295726597309112,0.5785734057426453,0.45616415143013,0.1294459253549575,0.5484575033187866,0.4657121300697326,-0.0088328681886196,0.5850064754486084,0.4659793078899383,0.000583037151955,0.5614147186279297,0.4829191863536834,0.1258774846792221,0.5718674659729004,0.4842004477977752,0.1289120614528656,0.4967673718929291,0.5496800541877747,-0.0590599179267883,0.6184583902359009,0.5412413477897644,-0.0572533681988716,0.4682289659976959,0.6678491234779358,-0.0099365953356027,0.6696654558181763,0.656592071056366,0.0073140747845172,0.4662457406520843,0.7700121402740479,0.1283970177173614,0.6643132567405701,0.7688115835189819,0.1567150056362152,0.4658690094947815,0.7945896983146667,0.1474480330944061,0.6729680299758911,0.7973930239677429,0.1772944778203964,0.4717324674129486,0.7945887446403503,0.1457922011613845,0.6641651391983032,0.7916862368583679,0.1777205765247345,0.4729551374912262,0.7861364483833313,0.1317792236804962,0.6588383316993713,0.7816627025604248,0.1607221812009811,0.5178658366203308,0.7831099033355713,0.0068884058855473,0.5799099802970886,0.7913880944252014,-0.0069162980653345,0.5195909142494202,0.9291916489601136,0.1754347383975982,0.5744641423225403,0.9698674082756042,0.1128292232751846,0.5130594968795776,1.0538842678070068,0.3455960750579834,0.5577265024185181,1.1311489343643188,0.2167585343122482,0.5169051885604858,1.0821049213409424,0.3625968098640442,0.5508636832237244,1.1621782779693604,0.2295383214950561,0.5035216212272644,1.0615788698196411,0.365105003118515,0.5697914361953735,1.1503688097000122,0.1923217624425888,2.959608793258667,neutro
1761586133.844519,0,0.5599661469459534,0.4719396531581878,0.1679097265005111,0.555767834186554,0.4581696391105652,0.1272760778665542,0.5523006319999695,0.4581939876079559,0.1272267252206802,0.5485695004463196,0.4583739638328552,0.1271273791790008,0.5652337074279785,0.4573842883110046,0.1313804239034652,0.568356454372406,0.4569068849086761,0.1313789784908294,0.5716453194618225,0.4566210508346557,0.13124880194664,0.5426863431930542,0.4657483696937561,-0.0103725967928767,0.5794906616210938,0.4660388231277466,0.0054550105705857,0.5549339652061462,0.483106404542923,0.1263306140899658,0.5657401084899902,0.4843587279319763,0.1314371675252914,0.4957172870635986,0.5493425130844116,-0.0652453154325485,0.6182976365089417,0.5416594743728638,-0.0456659235060215,0.4675116539001465,0.6680102944374084,-0.0260992087423801,0.6690676212310791,0.65690678358078,0.0199789255857467,0.4627958238124847,0.7722880840301514,0.1191951632499694,0.6614924669265747,0.774186372756958,0.1752553880214691,0.4623297154903412,0.7974485754966736,0.1371407508850097,0.6680569052696228,0.803632378578186,0.1984824687242508,0.4676397442817688,0.7975629568099976,0.1381487399339676,0.6586267948150635,0.799543023109436,0.1990571916103363,0.4689410626888275,0.7884591221809387,0.1237472891807556,0.6532686352729797,0.7880119681358337,0.1791913360357284,0.5171383619308472,0.7852296829223633,0.0012743191327899,0.5784064531326294,0.7928831577301025,-0.0013281505089253,0.5153208374977112,0.9383810758590698,0.1618103682994842,0.5710136294364929,0.9738848805427552,0.1117145866155624,0.5077489018440247,1.0572853088378906,0.3308885991573334,0.5578786730766296,1.13287615776062,0.2183270901441574,0.5113040804862976,1.0860168933868408,0.3478162884712219,0.5514052510261536,1.1633530855178833,0.2307052314281463,0.4961948990821838,1.0652897357940674,0.3475152552127838,0.5692968368530273,1.151567816734314,0.1947460621595382,3.0068562030792236,neutro
1761586133.8935676,0,0.5566703677177429,0.4720819890499115,0.1960652619600296,0.5519723892211914,0.4583370089530945,0.1548415124416351,0.5483051538467407,0.4583384692668915,0.1547914892435073,0.54445880651474,0.4584882855415344,0.1546743810176849,0.561677098274231,0.4575802385807037,0.1603657454252243,0.5647854208946228,0.4570993483066559,0.1603744328022003,0.567911684513092,0.4568086266517639,0.160262256860733,0.5392764806747437,0.4657131731510162,0.0123634887859225,0.5756959915161133,0.4657701551914215,0.0382874757051467,0.5508229732513428,0.4831702411174774,0.1539244353771209,0.5623509287834167,0.4844596982002258,0.1612866669893264,0.494858831167221,0.5480656027793884,-0.0624290108680725,0.617935299873352,0.5416532754898071,-0.0183520670980215,0.4666536748409271,0.6649051308631897,0.0114131169393658,0.6665245294570923,0.6568572521209717,0.0408716723322868,0.4634241163730621,0.7478554248809814,0.2020401656627655,0.6584368944168091,0.775218665599823,0.182714506983757,0.4635927081108093,0.7685225009918213,0.226800799369812,0.6649689078330994,0.8055999279022217,0.2051509171724319,0.4696772694587707,0.7665250897407532,0.2294794619083404,0.6549433469772339,0.801815927028656,0.2075403481721878,0.4710345864295959,0.7586618661880493,0.2084246426820755,0.6489807367324829,0.7898845076560974,0.1873310804367065,0.5168677568435669,0.7849876880645752,-0.0025376942940056,0.5773285627365112,0.7925132513046265,0.0025248504243791,0.5138165354728699,0.9355655312538148,0.1299769878387451,0.5695391297340393,0.9751400351524352,0.108405627310276,0.5049884915351868,1.0601950883865356,0.2808566987514496,0.5584989190101624,1.1368788480758667,0.1983231455087661,0.5078004598617554,1.088531732559204,0.2958648800849914,0.5531883239746094,1.1667265892028809,0.2088273018598556,0.4939973354339599,1.0694384574890137,0.2971214354038238,0.5707171559333801,1.1567740440368652,0.1799242794513702,3.0559048652648926,neutro
1761586133.9375565,0,0.5542285442352295,0.4722638428211212,0.2090994864702224,0.54942387342453,0.4584989249706268,0.1671475172042846,0.5456973910331726,0.4584774374961853,0.1670970916748047,0.5419202446937561,0.458606094121933,0.1669829785823822,0.5592571496963501,0.4577994048595428,0.1721717566251754,0.5624274015426636,0.4573258459568023,0.1721700578927993,0.5655590295791626,0.4570351839065552,0.1720481663942337,0.537017822265625,0.4657403528690338,0.0230753775686025,0.5728291273117065,0.4658105969429016,0.0458928868174552,0.5478173494338989,0.4832758903503418,0.1665443927049636,0.5595039129257202,0.4845752716064453,0.1730085462331771,0.4929775595664978,0.5474215149879456,-0.0601825825870037,0.6177165508270264,0.541850745677948,-0.0121349468827247,0.4650710225105285,0.6644361019134521,0.0131890457123517,0.6616781949996948,0.6573737263679504,0.0492662601172924,0.4593715071678161,0.7487195730209351,0.1846629083156585,0.6532313823699951,0.7761690616607666,0.1982222944498062,0.459819883108139,0.7697523236274719,0.2068630456924438,0.6600589156150818,0.8069083094596863,0.2208064049482345,0.4666628837585449,0.7678750157356262,0.2085561454296112,0.6501895189285278,0.8033786416053772,0.2246969193220138,0.4678572118282318,0.759343147277832,0.1898876726627349,0.6428426504135132,0.7903720736503601,0.2033431977033615,0.5156919956207275,0.7862675786018372,-0.0031511043198406,0.5745677947998047,0.7930976152420044,0.0031226885039359,0.512572705745697,0.9464849829673768,0.1359781324863433,0.5672098398208618,0.9819771647453308,0.1072636693716049,0.5060118436813354,1.0698978900909424,0.2934355735778808,0.5588167905807495,1.1431632041931152,0.205543965101242,0.5082681775093079,1.0985954999923706,0.3092168867588043,0.5541693568229675,1.1727360486984253,0.21723672747612,0.4970515370368957,1.081265211105347,0.3081383109092712,0.5715665221214294,1.165142297744751,0.1862700879573822,3.099893808364868,neutro
1761586133.9839537,0,0.5505048632621765,0.4724040031433105,0.2345255315303802,0.5456516742706299,0.458624005317688,0.1919243037700653,0.5420079827308655,0.458575427532196,0.191874474287033,0.5384591817855835,0.4586681723594665,0.191758394241333,0.5556336641311646,0.4579639434814453,0.1974123418331146,0.5588908195495605,0.4574936330318451,0.1974042356014251,0.562187671661377,0.4572029411792755,0.1972728371620178,0.5340972542762756,0.4657652974128723,0.044322732836008,0.5694007277488708,0.4657880663871765,0.0696483105421066,0.5440196990966797,0.4833564460277557,0.1906458437442779,0.5558106899261475,0.4846726059913635,0.197971299290657,0.4906908869743347,0.54619961977005,-0.0264817960560321,0.6166242361068726,0.5419080257415771,0.0097332615405321,0.4628528654575348,0.6629093885421753,0.0183381494134664,0.6568734049797058,0.6583587527275085,0.0665565580129623,0.4586535394191742,0.7473607659339905,0.1784063279628753,0.6465604305267334,0.7764192819595337,0.2035371512174606,0.4597824513912201,0.7691134810447693,0.1984453052282333,0.6522563695907593,0.8077787756919861,0.2245454788208007,0.4669305682182312,0.7677050828933716,0.2006379067897796,0.6426763534545898,0.8035414814949036,0.228176474571228,0.4679133296012878,0.7591508626937866,0.1835039556026458,0.6354883313179016,0.7902958393096924,0.2083729058504104,0.5146560072898865,0.7860667109489441,-0.0048178900033235,0.5734277963638306,0.7928906083106995,0.0047929352149367,0.5106984376907349,0.9486868977546692,0.1123386248946189,0.5669426918029785,0.983372688293457,0.1069426909089088,0.5032998323440552,1.0772230625152588,0.2559351325035095,0.5589932203292847,1.145051121711731,0.2053407728672027,0.50560063123703,1.106224536895752,0.2701614499092102,0.5545445680618286,1.174376130104065,0.2168947458267212,0.4931730329990387,1.0886906385421753,0.2641124129295349,0.5719388723373413,1.1663897037506104,0.18637016415596,3.1462910175323486,neutro
1761586134.031448,0,0.5484145879745483,0.4725091755390167,0.2128784954547882,0.5437580347061157,0.4587038159370422,0.1708198487758636,0.5402845144271851,0.4586340487003326,0.1707828342914581,0.5368625521659851,0.4586995542049408,0.1706553101539611,0.553390383720398,0.4580877125263214,0.1771902292966842,0.5565236210823059,0.4576195776462555,0.1771976798772812,0.5597594380378723,0.4573206007480621,0.17708620429039,0.5321923494338989,0.4658054709434509,0.0310366954654455,0.5671992897987366,0.4658616781234741,0.0618263594806194,0.542199432849884,0.4833907186985016,0.1717705130577087,0.5533843636512756,0.4847382307052612,0.1810474544763565,0.4887941479682922,0.5450242161750793,-0.0248587075620889,0.6153532266616821,0.5427829623222351,0.0100404769182205,0.4616801142692566,0.6591166257858276,0.0938556939363479,0.6514073610305786,0.6592913866043091,0.0788696259260177,0.4632598459720611,0.6988623142242432,0.3357903659343719,0.6389817595481873,0.7772921323776245,0.2126306593418121,0.4690948128700256,0.711126983165741,0.3654648065567016,0.6445085406303406,0.808659553527832,0.2336258441209793,0.4794662594795227,0.7067353129386902,0.3682708144187927,0.634589672088623,0.8042917251586914,0.2332525551319122,0.4799644947052002,0.7024853229522705,0.3433384001255035,0.627509355545044,0.7909402847290039,0.2162769138813018,0.512392520904541,0.7847998738288879,-0.0121815651655197,0.5721055269241333,0.792235255241394,0.0122334035113453,0.5090174674987793,0.9504196047782898,0.0831198096275329,0.5643946528434753,0.9821840524673462,0.1068954914808273,0.5039249062538147,1.087404489517212,0.2318776845932006,0.5587368011474609,1.1420427560806274,0.2054769098758697,0.5060676336288452,1.11576247215271,0.2467764616012573,0.5544635057449341,1.1707613468170166,0.2175543755292892,0.4942851066589355,1.1023905277252195,0.2430165708065033,0.5691032409667969,1.1638540029525757,0.1977564394474029,3.1937851905822754,neutro
1761586134.0777428,0,0.5473631024360657,0.4725887477397918,0.2309631556272506,0.5430776476860046,0.458596259355545,0.1893583536148071,0.539814293384552,0.4585159718990326,0.189319223165512,0.5365370512008667,0.4585627317428589,0.1891960203647613,0.552033007144928,0.4580877721309662,0.194686934351921,0.5549423098564148,0.4576611816883087,0.1946858167648315,0.5579601526260376,0.4574037790298462,0.1945441961288452,0.5314573049545288,0.4658417999744415,0.0471915379166603,0.5647643208503723,0.4659940898418426,0.071104496717453,0.5413810014724731,0.483426958322525,0.1888798177242279,0.551594078540802,0.4848104119300842,0.1959547996520996,0.4859169423580169,0.5442497134208679,-0.0151093956083059,0.6108750700950623,0.5431632995605469,0.0177213512361049,0.4605380594730377,0.6598663926124573,0.0494520887732505,0.6468122601509094,0.6612290143966675,0.0578302554786205,0.4665994644165039,0.7048099637031555,0.169394388794899,0.6283748149871826,0.7767587304115295,0.1520648598670959,0.4734395444393158,0.7203595042228699,0.1783119738101959,0.635283350944519,0.8080779910087585,0.1627171039581298,0.4834145605564117,0.7201993465423584,0.1864753663539886,0.6236475706100464,0.8034861087799072,0.1612546890974044,0.4834398627281189,0.7165881991386414,0.174697607755661,0.617220938205719,0.7904739379882812,0.1528041213750839,0.5104479193687439,0.7829059362411499,-0.0150399329140782,0.5639948844909668,0.7926657795906067,0.0151995848864316,0.5075323581695557,0.948945164680481,0.0839666798710823,0.5615561008453369,0.9808610677719116,0.103971816599369,0.5028589963912964,1.0827088356018066,0.2394235581159591,0.5558732748031616,1.1407901048660278,0.2170890271663665,0.505133330821991,1.1101324558258057,0.254224956035614,0.5528469085693359,1.1679702997207642,0.2302268296480178,0.4937863945960998,1.0989819765090942,0.2347258627414703,0.5652254819869995,1.1609513759613037,0.196694940328598,3.2400801181793213,neutro
1761586134.1256363,0,0.5443459749221802,0.4722363352775574,0.2390375882387161,0.5404761433601379,0.4580326676368713,0.1993255913257599,0.5376082062721252,0.4578655362129211,0.1992778033018112,0.5346278548240662,0.4578034281730652,0.1991263926029205,0.5486751794815063,0.457726776599884,0.2031278312206268,0.5514143705368042,0.457363098859787,0.2031396627426147,0.5541757941246033,0.4571837782859802,0.2029969394207,0.5303077101707458,0.4655540883541107,0.0665109381079673,0.5601962208747864,0.465998113155365,0.0826395079493522,0.5391807556152344,0.4831843972206116,0.2003736943006515,0.5479153990745544,0.4846792817115783,0.2052019387483596,0.4855802059173584,0.5425737500190735,0.0116693219169974,0.6061623096466064,0.5431572794914246,0.0292434580624103,0.4600981771945953,0.6595183610916138,0.0577882640063762,0.6400617957115173,0.6619342565536499,0.0275882370769977,0.4919961094856262,0.7080779671669006,0.1743239760398864,0.617697536945343,0.7729299068450928,0.0222165770828723,0.4977309703826904,0.7256848812103271,0.1839514523744583,0.6233516335487366,0.8061292171478271,0.0178784169256687,0.5085402727127075,0.7202068567276001,0.189914658665657,0.612275242805481,0.7971685528755188,0.0187286306172609,0.5094361305236816,0.713965117931366,0.1791731417179107,0.6069318652153015,0.7852652668952942,0.0212929658591747,0.5106494426727295,0.7823204398155212,-0.0150018166750669,0.5566775798797607,0.7925673127174377,0.0152727831155061,0.5083280801773071,0.949515461921692,0.0696202591061592,0.5577068328857422,0.9801265001296996,0.0837979912757873,0.5035549402236938,1.0873219966888428,0.2454296797513961,0.5495969653129578,1.1397730112075806,0.2190668880939483,0.5055105686187744,1.1124523878097534,0.2613730430603027,0.5472184419631958,1.1650376319885254,0.2329782992601394,0.4958442151546478,1.109600067138672,0.2267779856920242,0.5583999752998352,1.1601924896240234,0.1822589039802551,3.287973642349243,neutro
1761586134.1718976,0,0.5377426147460938,0.4730948209762573,0.2475788295269012,0.5335096120834351,0.4594122469425201,0.2070028036832809,0.5305203199386597,0.4591446816921234,0.2069407254457473,0.5275226831436157,0.4589795470237732,0.2067968547344207,0.5420078039169312,0.4592250287532806,0.211697906255722,0.545097291469574,0.4588104486465454,0.2116515189409256,0.5482085347175598,0.4585291743278503,0.2114851474761963,0.5232718586921692,0.4660272896289825,0.0676505267620086,0.5547784566879272,0.4662584662437439,0.0880587324500083,0.5328250527381897,0.4835147559642792,0.2062481939792633,0.5419776439666748,0.4848596453666687,0.21236452460289,0.4783944487571716,0.5413005948066711,0.0062422528862953,0.6007863283157349,0.5455418229103088,0.0330742448568344,0.4530380666255951,0.6611790060997009,0.0061403699219226,0.618080735206604,0.6695350408554077,0.0955315828323364,0.4641932845115661,0.7587202787399292,0.0886851698160171,0.5855924487113953,0.7438269257545471,0.2408695220947265,0.465700089931488,0.78614342212677,0.0863493829965591,0.5811159610748291,0.7783008813858032,0.2595404088497162,0.4750068783760071,0.7821486592292786,0.0981084555387497,0.5718681216239929,0.7703104019165039,0.2573968768119812,0.4767225384712219,0.7712782025337219,0.0926591008901596,0.5703337788581848,0.7613622546195984,0.2412810772657394,0.4968278408050537,0.7829539179801941,-0.0067357919178903,0.5517162084579468,0.7922409176826477,0.0069335289299488,0.4963581562042236,0.948181688785553,0.0864145159721374,0.5538924932479858,0.971276044845581,0.1079479679465293,0.4863608479499817,1.077287197113037,0.34424489736557,0.5485886931419373,1.1117430925369265,0.3091983497142792,0.4867328703403473,1.097898006439209,0.3679956495761871,0.5446745157241821,1.1327654123306274,0.3309266567230224,0.4797185361385345,1.1006468534469604,0.3442493379116058,0.5608059763908386,1.1407018899917605,0.2889902889728546,3.3342349529266357,neutro
1761586134.2181022,0,0.5350714921951294,0.4729671776294708,0.2484528124332428,0.5309707522392273,0.4591968953609466,0.2114674150943756,0.5278717279434204,0.4589067101478576,0.2114158421754837,0.5247534513473511,0.4587288796901703,0.2112676203250885,0.5399806499481201,0.4590657353401184,0.2149072885513305,0.5432915091514587,0.4586726725101471,0.2148588001728058,0.5465441942214966,0.4584189653396606,0.214700698852539,0.5200127363204956,0.4658351838588714,0.0778194591403007,0.5531069040298462,0.4661770462989807,0.0921336859464645,0.5297467708587646,0.4833078384399414,0.2079353630542755,0.539563775062561,0.4845922589302063,0.2123373001813888,0.4744384288787842,0.5403239727020264,0.0077529205009341,0.5965572595596313,0.5470983982086182,0.042446531355381,0.4501829147338867,0.6646581888198853,0.0104852821677923,0.6093539595603943,0.6715887784957886,0.1199075728654861,0.4573785662651062,0.7696337103843689,0.1163350492715835,0.5775091648101807,0.7247095108032227,0.2851527333259582,0.4585399627685547,0.7985785007476807,0.1162379160523414,0.5815504789352417,0.7461808919906616,0.3077204823493957,0.4660142958164215,0.7943282723426819,0.1297133415937423,0.5729150772094727,0.7356690168380737,0.305723488330841,0.4677937924861908,0.783421516418457,0.1214828938245773,0.5703015327453613,0.7288119196891785,0.2864074110984802,0.4925386309623718,0.7833718061447144,-0.0069458843208849,0.5488183498382568,0.7911307215690613,0.0070770406164228,0.4933594167232513,0.94771409034729,0.0897952169179916,0.5503724813461304,0.9679939150810242,0.1100357919931411,0.48524871468544,1.0749059915542605,0.3243949711322784,0.5435185432434082,1.104422688484192,0.3058964610099792,0.4864002764225006,1.0940966606140137,0.345169723033905,0.5402262210845947,1.125821232795715,0.3269681930541992,0.4771265089511871,1.095172882080078,0.3315030336380005,0.5536704063415527,1.1333516836166382,0.2828752100467682,3.380439519882202,neutro
1761586134.2654572,0,0.5322157740592957,0.4729881882667541,0.2627292275428772,0.5284081697463989,0.4592064321041107,0.2255530357360839,0.5254662036895752,0.4589122235774994,0.2254997789859771,0.5224568843841553,0.4587171971797943,0.2253480404615402,0.5370374917984009,0.4591482281684875,0.2293067425489425,0.5402640700340271,0.4587926864624023,0.2292712032794952,0.5434766411781311,0.4585712850093841,0.2291151732206344,0.5178287029266357,0.4658238291740417,0.0905230641365051,0.550087571144104,0.4662460088729858,0.1061856523156166,0.5272746086120605,0.4832675755023956,0.2217601090669632,0.536251425743103,0.4846213161945343,0.2265854328870773,0.4713674485683441,0.5395098328590393,0.0148827042430639,0.5948197841644287,0.5486437678337097,0.0572104938328266,0.4481135308742523,0.6665951609611511,0.0122285559773445,0.6048577427864075,0.6734386682510376,0.1424959599971771,0.457526683807373,0.7666651010513306,0.1344960331916809,0.5707566738128662,0.7240212559700012,0.3187208175659179,0.4609652161598205,0.7913586497306824,0.1380705684423446,0.5666414499282837,0.7394725680351257,0.3428153693675995,0.4686092436313629,0.7868366837501526,0.1499172300100326,0.5576263070106506,0.7287063002586365,0.3400967121124267,0.4701216220855713,0.7769702672958374,0.1395988315343856,0.5563157200813293,0.7223670482635498,0.319476306438446,0.4910600781440735,0.7838266491889954,-0.0059995227493345,0.5447503924369812,0.7908848524093628,0.0061091715469956,0.4937259554862976,0.9470618963241576,0.1202104911208152,0.5487810373306274,0.9671775102615356,0.1235813349485397,0.4831522107124328,1.0624966621398926,0.3759772181510925,0.5401161909103394,1.0985866785049438,0.3395732343196869,0.4835128784179687,1.0818969011306765,0.4018900990486145,0.5363750457763672,1.1200366020202637,0.3638505041599273,0.4760960936546325,1.0826091766357422,0.3908101916313171,0.5513532757759094,1.1244255304336548,0.3305928111076355,3.4277944564819336,neutro
1761586134.312481,0,0.529154896736145,0.4741054773330688,0.2594999372959137,0.5256989002227783,0.4608668088912964,0.2224707603454589,0.5231114625930786,0.4604187607765198,0.2224117219448089,0.5203787684440613,0.4601006209850311,0.2222587615251541,0.5329960584640503,0.4611299633979797,0.2266882956027984,0.5356887578964233,0.4608367383480072,0.2266441881656646,0.538433849811554,0.4606409966945648,0.2264865934848785,0.5160962343215942,0.4667740166187286,0.091242104768753,0.5445284247398376,0.4673284888267517,0.1084959730505943,0.5249293446540833,0.4836486876010895,0.2199211120605468,0.5324733853340149,0.485231339931488,0.2251541912555694,0.470071941614151,0.5391746759414673,0.0180408880114555,0.5930664539337158,0.5496202111244202,0.0664811134338378,0.4482430517673492,0.6661707758903503,0.04889427870512,0.598152756690979,0.6707976460456848,0.1739746630191803,0.4588608741760254,0.7538076639175415,0.1984016895294189,0.5623880624771118,0.6998905539512634,0.3829708695411682,0.4611566066741943,0.7690523266792297,0.2037279307842254,0.5578896403312683,0.7100101113319397,0.4118803441524505,0.4698922038078308,0.7607017755508423,0.2159935683012008,0.5504105091094971,0.6990267038345337,0.4101968705654144,0.4715782701969147,0.7525981068611145,0.204015776515007,0.5490723252296448,0.6941136121749878,0.3850462138652801,0.4919046759605407,0.7849474549293518,-0.0102656623348593,0.5390437841415405,0.7917588353157043,0.0103452457115054,0.4905969202518463,0.9472437500953674,0.0900482535362243,0.5431634187698364,0.96627277135849,0.1239791065454483,0.4840459823608398,1.0619456768035889,0.3495050966739654,0.5366366505622864,1.0932661294937134,0.3241790533065796,0.4847145974636078,1.0811244249343872,0.3677859902381897,0.5347305536270142,1.1126582622528076,0.3466586172580719,0.4756709635257721,1.082563877105713,0.3558316528797149,0.5450250506401062,1.1238009929656982,0.3134506642818451,3.474818229675293,neutro
1761586134.360685,0,0.5272506475448608,0.4745490252971649,0.2665233314037323,0.5240764617919922,0.461512416601181,0.2302185297012329,0.5217371582984924,0.4610003530979156,0.2301663607358932,0.5192260146141052,0.4606323540210724,0.2300173491239547,0.5305733680725098,0.4619483351707458,0.2331511527299881,0.532926619052887,0.4617077708244324,0.2331091165542602,0.5353213548660278,0.4615727066993713,0.23295858502388,0.5151506662368774,0.4670999348163605,0.1007962673902511,0.540641188621521,0.4678564071655273,0.111897088587284,0.5235076546669006,0.4837399423122406,0.2276142388582229,0.530064046382904,0.4854591488838196,0.2310653179883957,0.4680143296718597,0.5380750894546509,0.0291892625391483,0.5893332362174988,0.5497649312019348,0.0697125941514968,0.4473971724510193,0.6661584377288818,0.0675112903118133,0.5831823945045471,0.6708009839057922,0.1663561165332794,0.4687252044677734,0.7388447523117065,0.2085842788219452,0.5449456572532654,0.6977201104164124,0.3508455157279968,0.4708912372589111,0.7563729882240295,0.2143271416425705,0.5385023355484009,0.708353579044342,0.37613645195961,0.4808992743492126,0.7474721670150757,0.2245111763477325,0.5308637022972107,0.6982597708702087,0.3725315928459167,0.4819830358028412,0.7395163178443909,0.2133382111787796,0.530292809009552,0.6929299831390381,0.3515683710575104,0.4904011785984039,0.7844516038894653,-0.0108504155650734,0.5370526313781738,0.7917234301567078,0.0109257157891988,0.4903008043766022,0.9375297427177428,0.09883514046669,0.5428789854049683,0.9583081007003784,0.1274520456790924,0.4785000681877136,1.0600658655166626,0.3371602892875671,0.5374310612678528,1.088767170906067,0.3238378167152405,0.4791041016578674,1.080591082572937,0.3563006520271301,0.5353111028671265,1.1090404987335205,0.345828115940094,0.4696179926395416,1.0824570655822754,0.3452520966529846,0.5454717874526978,1.119666576385498,0.3144519627094269,3.523022413253784,neutro
1761586134.4059002,0,0.5257663726806641,0.4758686423301697,0.2590796053409576,0.5227276682853699,0.4631494879722595,0.2241890877485275,0.5206201672554016,0.4626044631004333,0.2241406887769699,0.5183523893356323,0.4622233510017395,0.2239999324083328,0.5285359025001526,0.4635591804981231,0.2258023917675018,0.5305959582328796,0.4632894694805145,0.2257423847913742,0.5326938629150391,0.4631281197071075,0.2255797088146209,0.5144129991531372,0.4684532582759857,0.1027390733361244,0.5372400879859924,0.468854159116745,0.1062974333763122,0.5222140550613403,0.4847152531147003,0.2224353551864624,0.5280274152755737,0.4864851534366607,0.2240376472473144,0.4665804803371429,0.5372868776321411,0.0330406129360199,0.584369421005249,0.5497170686721802,0.0580402389168739,0.4448290467262268,0.6648693680763245,0.0438080206513404,0.5725359320640564,0.6656346917152405,0.1183421611785888,0.4745342135429382,0.726859450340271,0.1112673431634903,0.539016842842102,0.6894866228103638,0.2149977684020996,0.4770182967185974,0.7459849715232849,0.106143869459629,0.5328415036201477,0.7017573118209839,0.2291938960552215,0.4885584414005279,0.7360471487045288,0.1163101568818092,0.5262989401817322,0.691238284111023,0.2270075529813766,0.4896389842033386,0.7279119491577148,0.1138878837227821,0.5256187915802002,0.6850429177284241,0.2141635119915008,0.4883657097816467,0.7832071781158447,-0.010686757043004,0.535041093826294,0.7905662059783936,0.0107419174164533,0.485690176486969,0.9245977997779846,0.09722301363945,0.5422108769416809,0.9529876708984376,0.1189568266272544,0.4740383625030517,1.0566385984420776,0.3082463145256042,0.5389426946640015,1.0842995643615725,0.3085483908653259,0.4746249318122864,1.0781853199005127,0.3285476565361023,0.5362859964370728,1.1052298545837402,0.3277150988578796,0.4656307101249695,1.0806254148483276,0.3080042004585266,0.5479109883308411,1.1143308877944946,0.2922861576080322,3.568237543106079,neutro
1761586134.452284,0,0.5245311856269836,0.4758809804916382,0.291976124048233,0.5217775106430054,0.4631486535072326,0.2615113854408264,0.5198407173156738,0.4626086056232452,0.2614752650260925,0.5177828073501587,0.4622292220592499,0.2613217234611511,0.5272010564804077,0.4635497629642486,0.2616194486618042,0.529099702835083,0.4632841050624847,0.2615497410297394,0.5310091376304626,0.4631324410438537,0.2613973021507263,0.513961672782898,0.4685539603233337,0.1480519622564315,0.5349769592285156,0.4689131677150726,0.1450907886028289,0.5209778547286987,0.4847217500209808,0.2573614120483398,0.5263799428939819,0.4865006506443023,0.256660521030426,0.4650388360023498,0.536210834980011,0.0669347196817398,0.5799111127853394,0.5478719472885132,0.0910699665546417,0.4430818557739258,0.6645821928977966,0.0445239543914794,0.5635356307029724,0.658608078956604,0.1172574311494827,0.4765422940254211,0.7250173687934875,0.1008446589112281,0.5334340333938599,0.688908576965332,0.169942557811737,0.4792822897434234,0.7451903820037842,0.0936608165502548,0.5279125571250916,0.7031830549240112,0.1796977072954177,0.4915476739406585,0.7361209392547607,0.1054056659340858,0.521991491317749,0.693278968334198,0.1802909672260284,0.4925542771816253,0.7275066375732422,0.1034505814313888,0.5210280418395996,0.6861583590507507,0.1692382395267486,0.4879771173000335,0.7800143957138062,-0.0114492373540997,0.531450629234314,0.786504864692688,0.0115612940862774,0.4835344851016998,0.9236820340156556,0.0766001492738723,0.5381654500961304,0.946161448955536,0.1090346947312355,0.4728785455226898,1.0571317672729492,0.263914406299591,0.5382468700408936,1.0855129957199097,0.283671110868454,0.4739342629909515,1.078807353973389,0.28287273645401,0.5362657308578491,1.1060298681259155,0.3026137053966522,0.4627531170845032,1.0824127197265625,0.2554514408111572,0.5443092584609985,1.116655945777893,0.2647117376327514,3.61462140083313,neutro
1761586134.4975014,0,0.5225326418876648,0.4758895933628082,0.2895927429199219,0.5195275545120239,0.4631228446960449,0.2555937767028808,0.5175130367279053,0.4625869989395141,0.2555594742298126,0.5154206156730652,0.4622111022472381,0.2554052472114563,0.5252224206924438,0.4635182321071625,0.2565504312515259,0.527165949344635,0.4632540941238403,0.2565072178840637,0.5291041135787964,0.4631083905696869,0.2563827633857727,0.5114966630935669,0.4686075448989868,0.1346732676029205,0.5329962372779846,0.4689776301383972,0.1357974112033844,0.5186878442764282,0.484745979309082,0.2535482943058014,0.5244469046592712,0.4865328371524811,0.253960907459259,0.4625840187072754,0.5363573431968689,0.0604833588004112,0.5773158669471741,0.5478474497795105,0.0853690207004547,0.4397787451744079,0.664986252784729,0.0753996521234512,0.5661100149154663,0.6587979197502136,0.0963590815663337,0.4773707389831543,0.71326744556427,0.1729715019464492,0.5364786386489868,0.6956278085708618,0.1278640925884246,0.4809938967227936,0.7295018434524536,0.1701762825250625,0.5306653380393982,0.7115685343742371,0.131819799542427,0.4945928454399109,0.7191780805587769,0.1779264062643051,0.5252171158790588,0.7018340229988098,0.1348439157009124,0.4956566393375397,0.7120342254638672,0.175547793507576,0.5245431065559387,0.6941201686859131,0.1276831924915313,0.4840487539768219,0.7797442674636841,-0.0106832506135106,0.5325405597686768,0.7837182283401489,0.0107883233577013,0.4802361130714416,0.925053596496582,0.085339680314064,0.5378414392471313,0.9484685063362122,0.1068735122680664,0.4679393172264099,1.0633463859558103,0.2819111943244934,0.536535918712616,1.0887044668197632,0.2837658524513244,0.4681195318698883,1.085533618927002,0.3019522726535797,0.5343668460845947,1.1101545095443726,0.3028624951839447,0.458590567111969,1.089983582496643,0.2782202661037445,0.5436796545982361,1.1185424327850342,0.2647317051887512,3.6598386764526367,neutro
1761586134.5449686,0,0.5148395895957947,0.4749445915222168,0.2791386544704437,0.5110783576965332,0.4621567726135254,0.242094948887825,0.5086756944656372,0.4616455733776092,0.2420550137758255,0.506198525428772,0.4613134562969208,0.2419005930423736,0.5181273221969604,0.4627545177936554,0.2445225715637207,0.5207259654998779,0.4625956118106842,0.2444908320903778,0.5235164165496826,0.4625261127948761,0.2443595677614212,0.5014767050743103,0.4680000245571136,0.1244893223047256,0.5291954874992371,0.4686255156993866,0.1225707530975341,0.5109621286392212,0.4840611815452575,0.2401294261217117,0.5181331038475037,0.4861255288124084,0.2426804006099701,0.4555418491363525,0.5364634394645691,0.0428746193647384,0.572717547416687,0.5479138493537903,0.0785504430532455,0.4328389167785644,0.6652737259864807,0.1232340782880783,0.5720778107643127,0.6582385897636414,0.1762237250804901,0.4744942188262939,0.6993159651756287,0.3478696346282959,0.534903883934021,0.6989856958389282,0.3621865510940552,0.4801048636436462,0.7112916707992554,0.3672276139259338,0.5294561386108398,0.7137842774391174,0.3896811604499817,0.4938834607601166,0.7018669247627258,0.37204509973526,0.5236738920211792,0.704360842704773,0.3884558379650116,0.4954433441162109,0.6964004635810852,0.353751927614212,0.5229060649871826,0.6972147822380066,0.3648107051849365,0.4766406416893005,0.7802943587303162,-0.0179680474102497,0.5333436727523804,0.7838525772094727,0.0181122235953807,0.4762786328792572,0.9261429905891418,0.0826008468866348,0.5360552072525024,0.950441300868988,0.1156142130494117,0.4671355783939361,1.0701286792755127,0.2791814804077148,0.5356889963150024,1.0906074047088623,0.2896772623062134,0.4687121510505676,1.0926296710968018,0.29971644282341,0.5344552397727966,1.112277269363403,0.3088797628879547,0.4541661739349365,1.096416711807251,0.2812387645244598,0.538365364074707,1.1201337575912476,0.2806531488895416,3.707305908203125,neutro
1761586134.5914202,0,0.5097036957740784,0.4748247861862182,0.2733997702598572,0.5058597326278687,0.4619761109352112,0.2303693294525146,0.5034106373786926,0.4614297449588775,0.2303220927715301,0.5008410811424255,0.4610768258571625,0.2301414906978607,0.5130557417869568,0.4626627564430237,0.2355148494243621,0.5157775282859802,0.462512195110321,0.23553366959095,0.5187529921531677,0.4624489247798919,0.2354095429182052,0.4962761998176574,0.4677203297615051,0.0916454046964645,0.5253004431724548,0.4685432016849518,0.1062884926795959,0.5057309865951538,0.4839720427989959,0.2296875268220901,0.5131097435951233,0.4861056208610534,0.2354331463575363,0.4508136212825775,0.5374289155006409,0.0060668345540761,0.5695905089378357,0.5479423999786377,0.072402574121952,0.4263710975646972,0.6671352386474609,0.1186457052826881,0.5709446668624878,0.6584122776985168,0.1869812905788421,0.4691036343574524,0.694963276386261,0.366567313671112,0.5329197645187378,0.6994361877441406,0.3972858786582947,0.4777163863182068,0.7040330171585083,0.3912764191627502,0.5272541642189026,0.7126502394676208,0.4317519068717956,0.4927590787410736,0.6944743990898132,0.3948034942150116,0.5221594572067261,0.7026729583740234,0.4315295219421386,0.4926325678825378,0.6903111934661865,0.37335205078125,0.5216455459594727,0.6963160634040833,0.401532232761383,0.4733301103115082,0.7816528081893921,-0.0244250986725091,0.5346856117248535,0.7839633822441101,0.0245218183845281,0.4711678028106689,0.9277389645576476,0.0830951184034347,0.5361776351928711,0.9487044215202332,0.131448745727539,0.4662272334098816,1.0799448490142822,0.2450386732816696,0.5364168286323547,1.0909957885742188,0.2862730622291565,0.469393640756607,1.1057356595993042,0.2623397707939148,0.5350081324577332,1.1134169101715088,0.3034273684024811,0.4498166143894195,1.0998793840408323,0.2538066506385803,0.5375625491142273,1.1172442436218262,0.2844614386558532,3.7537574768066406,neutro
1761586134.637251,0,0.5065450072288513,0.4738620519638061,0.2718324363231659,0.5028010606765747,0.4608929455280304,0.2304690778255462,0.5003008246421814,0.4603647589683532,0.2304227352142334,0.4976449608802795,0.460061639547348,0.2302443087100982,0.510428786277771,0.4615950584411621,0.2348877936601638,0.513323187828064,0.461447924375534,0.2348918616771698,0.5163654088973999,0.461412638425827,0.2347597330808639,0.4934957921504974,0.4668511748313904,0.0915140062570571,0.5239065289497375,0.4676631987094879,0.1062617301940918,0.5025895833969116,0.4831558465957641,0.2294811308383941,0.5104144215583801,0.4854442775249481,0.2345144748687744,0.4493128359317779,0.5374549031257629,0.0073781260289251,0.5667041540145874,0.5470653176307678,0.0701489597558975,0.4240435063838959,0.6668758392333984,0.140990525484085,0.5706428289413452,0.6586138606071472,0.1687705516815185,0.4673735201358795,0.6849009990692139,0.3860106766223907,0.5349019765853882,0.7028189897537231,0.3482791483402252,0.4761320948600769,0.6916529536247253,0.4099398553371429,0.5300868153572083,0.7148780226707458,0.3761495351791382,0.4926681518554687,0.6819066405296326,0.4138472974300384,0.5248713493347168,0.7057011127471924,0.3749928772449493,0.4919549524784088,0.6785120368003845,0.3925525844097137,0.5242282152175903,0.6991556882858276,0.3512567579746246,0.4733269214630127,0.7813776135444641,-0.0216723121702671,0.5341399908065796,0.7819870710372925,0.0217915382236242,0.4728181958198547,0.9280720353126526,0.0630928128957748,0.5367861390113831,0.9491870999336244,0.1139477342367172,0.4678428173065185,1.0818194150924685,0.2277575731277465,0.5366441011428833,1.091667890548706,0.2528825998306274,0.470834344625473,1.1070023775100708,0.2449139654636383,0.5353332757949829,1.1141268014907837,0.2688471674919128,0.4525714814662933,1.102474331855774,0.230923980474472,0.5383888483047485,1.1182968616485596,0.2500835359096527,3.799588203430176,neutro
1761586134.6856325,0,0.5030525922775269,0.472850888967514,0.2427006661891937,0.4990950524806976,0.4599012732505798,0.2006009817123413,0.4964774549007416,0.4594415724277496,0.2005607336759567,0.4937009215354919,0.4592350423336029,0.2003957033157348,0.50714111328125,0.4605084657669067,0.20745649933815,0.5101525187492371,0.4603452682495117,0.2074491083621978,0.5132117867469788,0.4603184163570404,0.2073171883821487,0.4897467494010925,0.4660840034484863,0.0579259283840656,0.5211477279663086,0.4666760861873626,0.0854164808988571,0.4990007281303406,0.4823189079761505,0.1999668478965759,0.5071800351142883,0.4846095144748688,0.2081683576107025,0.4464457631111145,0.5378516912460327,-0.0189867112785577,0.5643147230148315,0.5470858812332153,0.065568171441555,0.4210837483406067,0.6662009954452515,0.1175411492586135,0.5706101655960083,0.6587855815887451,0.1733072102069854,0.4649325311183929,0.6825816035270691,0.3765842616558075,0.5347975492477417,0.7039491534233093,0.3721928298473358,0.473991334438324,0.6887713074684143,0.4040142893791199,0.5293554663658142,0.7169182896614075,0.4054829478263855,0.4904628694057464,0.6784399151802063,0.4063963890075683,0.524175763130188,0.707295298576355,0.4029949605464935,0.4895839095115661,0.6752973794937134,0.3836748003959656,0.5237921476364136,0.700692355632782,0.3755052387714386,0.4708400368690491,0.7823420763015747,-0.0294674299657344,0.5341489315032959,0.7820412516593933,0.0295820087194442,0.4687424600124359,0.9278870224952698,0.0717674791812896,0.5369748473167419,0.9466204047203064,0.135902002453804,0.4670198559761047,1.0801719427108765,0.2118052244186401,0.5385990142822266,1.0849961042404177,0.260254442691803,0.4715994894504547,1.1061360836029053,0.2264090031385421,0.5399501323699951,1.1085299253463743,0.275856465101242,0.4462429583072662,1.1018996238708496,0.2187547385692596,0.5380539894104004,1.106761813163757,0.2598393559455871,3.8479697704315186,neutro
1761586134.731988,0,0.5003038644790649,0.4729184210300445,0.2232005596160888,0.4958973526954651,0.4600250422954559,0.1823896020650863,0.4931458532810211,0.4595509767532348,0.1823642551898956,0.490276038646698,0.4593362212181091,0.1822020411491394,0.5041651725769043,0.4606974422931671,0.1888887286186218,0.507136344909668,0.4605273306369781,0.1888713389635086,0.5101214051246643,0.4604909718036651,0.1887411922216415,0.4860418736934662,0.4661574363708496,0.043138176202774,0.5181370973587036,0.4667679071426391,0.0704546421766281,0.4960017800331116,0.4823631346225738,0.1819378435611724,0.5044651031494141,0.4846878051757812,0.1899470388889312,0.4429978430271148,0.5401327013969421,-0.0228591375052928,0.56407630443573,0.5475227236747742,0.0453988909721374,0.4187557697296142,0.6665409207344055,0.1199851259589195,0.5730446577072144,0.6591787338256836,0.1658885180950164,0.4595350325107574,0.6877676844596863,0.3832119703292846,0.5386934876441956,0.7066136002540588,0.3722277283668518,0.4681969285011291,0.6952428221702576,0.4122404158115387,0.5336424708366394,0.717276930809021,0.4069623351097107,0.4825418889522552,0.6847884654998779,0.4142613410949707,0.5281127691268921,0.7078445553779602,0.4035367369651794,0.4819337427616119,0.6811401844024658,0.3903752565383911,0.5275781154632568,0.7013787031173706,0.3758277297019958,0.4689065515995025,0.7824660539627075,-0.028066974133253,0.5347059965133667,0.7817738652229309,0.028123116120696,0.4674320816993713,0.9284293055534364,0.0763819739222526,0.5375204086303711,0.9463926553726196,0.1473816633224487,0.468039333820343,1.0811597108840942,0.2215962409973144,0.5396857857704163,1.080260157585144,0.2691224217414856,0.4718841016292572,1.1075149774551392,0.2367445528507232,0.5418919324874878,1.103954553604126,0.2832438349723816,0.4490574300289154,1.100014567375183,0.2333914935588836,0.5387076139450073,1.0996500253677368,0.2893017530441284,3.8943252563476562,neutro
1761586134.778513,0,0.4979023933410644,0.4720239341259002,0.2249673306941986,0.4935254156589508,0.4592937231063843,0.1834888905286789,0.4907673001289367,0.4588670432567596,0.1834551692008972,0.487934410572052,0.4587021172046661,0.1832943856716156,0.5019787549972534,0.4599016308784485,0.1904031336307525,0.5049772262573242,0.4597326517105102,0.1903915703296661,0.5079818367958069,0.4596839547157287,0.1902531385421753,0.4838624894618988,0.4656766355037689,0.0420891717076301,0.516318678855896,0.4661132991313934,0.0716817006468772,0.4937048852443695,0.4817245602607727,0.1830428838729858,0.5024523735046387,0.4839772880077362,0.1915570795536041,0.4415605664253235,0.5408911108970642,-0.0239276457577943,0.5624508261680603,0.5473365783691406,0.0446539558470249,0.4170573651790619,0.666316032409668,0.1134803742170333,0.5738890171051025,0.658152163028717,0.1720372289419174,0.4561029076576233,0.6875380873680115,0.3695437014102936,0.5398164987564087,0.7030400037765503,0.3893123567104339,0.4647093415260315,0.6952888369560242,0.3982817530632019,0.5347079634666443,0.713834822177887,0.4272979199886322,0.47731414437294,0.6851040720939636,0.4013143479824066,0.5292510986328125,0.7036852240562439,0.4239761233329773,0.4767902493476867,0.6812641024589539,0.3771247267723083,0.5286645889282227,0.6978864073753357,0.3933644890785217,0.4673313200473785,0.7824676632881165,-0.0264684055000543,0.5349894165992737,0.7816324830055237,0.0265159606933593,0.4659355580806732,0.929676115512848,0.0747498720884323,0.5376830697059631,0.9470729231834412,0.139329046010971,0.4642818868160248,1.0854166746139526,0.1929260939359665,0.5397378206253052,1.0803039073944092,0.2453614920377731,0.4689231514930725,1.112132549285889,0.2053157985210418,0.5418094992637634,1.1039668321609497,0.2583304047584533,0.4454608559608459,1.1021729707717896,0.1994154006242752,0.5387917757034302,1.099652647972107,0.2593850493431091,3.940850257873535,neutro
1761586134.8263805,0,0.4960998892784118,0.4714926481246948,0.2192928344011306,0.4916411936283111,0.4587273597717285,0.1774124801158905,0.4887623190879822,0.4583161473274231,0.1773895025253296,0.4858992993831634,0.4581655263900757,0.1772408038377761,0.5004894733428955,0.4592891037464142,0.1834805756807327,0.5035331845283508,0.4591083526611328,0.1834740936756134,0.5065811276435852,0.4590216279029846,0.183337777853012,0.4817173480987549,0.465256780385971,0.035260435193777,0.5152362585067749,0.465515524148941,0.0615458488464355,0.4916475415229797,0.4814313054084778,0.1772761046886444,0.5010149478912354,0.4835542142391205,0.184970423579216,0.4397523403167724,0.5410848259925842,-0.0247198268771171,0.5605663061141968,0.5467773079872131,0.0253244433552026,0.415999561548233,0.6660568118095398,0.1042830348014831,0.5743559002876282,0.6576200127601624,0.1373498141765594,0.4518760740756988,0.6898511052131653,0.3527124226093292,0.5394189953804016,0.7036534547805786,0.3309285342693329,0.4600149691104889,0.698741614818573,0.3658788800239563,0.5358393788337708,0.7231171131134033,0.3666945993900299,0.4724606573581695,0.6889234185218811,0.3785058557987213,0.5297291874885559,0.7136303186416626,0.3623449504375458,0.472090870141983,0.6845762133598328,0.3603065907955169,0.5289556980133057,0.706836462020874,0.3355054259300232,0.4662977159023285,0.7817973494529724,-0.0243273898959159,0.5341030359268188,0.7812931537628174,0.0242923256009817,0.4624153971672058,0.9300210475921632,0.0757923796772956,0.5389620065689087,0.9463260769844056,0.1358568370342254,0.4607234001159668,1.0858485698699951,0.2014176100492477,0.539786696434021,1.0796329975128174,0.2462270557880401,0.4657518863677978,1.1127203702926636,0.2142576724290847,0.5417376756668091,1.1040431261062622,0.2599726915359497,0.4422598779201507,1.1013810634613037,0.2077436447143554,0.538902759552002,1.0958079099655151,0.2579243779182434,3.988717794418335,neutro
1761586134.871714,0,0.492300808429718,0.4714186787605285,0.2040444314479828,0.4875833094120025,0.4585516154766083,0.1626994311809539,0.4845630526542663,0.4581502079963684,0.1626898944377899,0.4814408719539642,0.4580207169055938,0.1625249683856964,0.496851772069931,0.4590508043766022,0.1696229875087738,0.5001155734062195,0.4588398337364197,0.16963891685009,0.5032856464385986,0.4587293863296509,0.1695159971714019,0.4766089022159576,0.4651956260204315,0.0251004006713628,0.5116598606109619,0.4653171002864837,0.0562944300472736,0.4875261783599853,0.4813810288906097,0.1643162816762924,0.497354120016098,0.4833954870700836,0.1734368801116943,0.4359524846076965,0.5414877533912659,-0.0264315791428089,0.5528666973114014,0.5443691611289978,0.0178900212049484,0.4121316969394684,0.6661069393157959,0.1188048347830772,0.57472163438797,0.6550927758216858,0.1091041788458824,0.441748559474945,0.6722544431686401,0.3653762936592102,0.5518890023231506,0.7151020765304565,0.2526509463787079,0.4489931464195251,0.6767282485961914,0.3925152420997619,0.5506037473678589,0.7450607419013977,0.2796751260757446,0.4627832770347595,0.6656708121299744,0.3959482610225677,0.5443195104598999,0.7351697087287903,0.2762382328510284,0.4628852903842926,0.6632499098777771,0.373130589723587,0.5402689576148987,0.726150631904602,0.2563656568527221,0.4643556177616119,0.7814476490020752,-0.0251074247062206,0.5326149463653564,0.7809330224990845,0.0251195468008518,0.4615660309791565,0.9334070682525636,0.0647444799542427,0.5411338806152344,0.941094160079956,0.1373547315597534,0.4619670808315277,1.0941829681396484,0.1673475354909896,0.5426711440086365,1.0807067155838013,0.2408710271120071,0.4669454991817474,1.1223217248916626,0.1786609441041946,0.5444754362106323,1.104871153831482,0.2540667653083801,0.4433376789093017,1.1085208654403689,0.1778537780046463,0.5394879579544067,1.0971224308013916,0.2577958405017853,4.034051418304443,neutro
1761586134.9184473,0,0.4919718205928802,0.4706908464431762,0.2035426199436187,0.4867507815361023,0.4576789736747741,0.1640859842300415,0.4834761023521423,0.4573805630207062,0.1640775799751281,0.4802706241607666,0.4573689997196197,0.1639280468225479,0.4963008761405945,0.4581365883350372,0.1678250879049301,0.4994126260280609,0.4579895138740539,0.1678268760442733,0.5025051832199097,0.457979679107666,0.1676938682794571,0.4747933745384216,0.4650514721870422,0.0307734906673431,0.5107583403587341,0.4651031792163849,0.0480718053877353,0.486651599407196,0.4810581505298614,0.1650911420583725,0.497068703174591,0.4829030930995941,0.1701884120702743,0.4338251650333404,0.5419718623161316,-0.0208407249301671,0.5485877990722656,0.5399007201194763,0.0010298911947757,0.4106141924858093,0.6662898659706116,0.1027729287743568,0.5749944448471069,0.6490586996078491,0.0768053457140922,0.4420079588890075,0.6749042868614197,0.2945916056632995,0.5579267740249634,0.7180107235908508,0.207367867231369,0.4498693943023681,0.6770487427711487,0.3178477883338928,0.5593746304512024,0.7483629584312439,0.2310532331466674,0.4630588889122009,0.6713600158691406,0.3184101283550262,0.5516715049743652,0.7393049597740173,0.2296940833330154,0.4624702930450439,0.6676074266433716,0.3000845313072204,0.548097550868988,0.7309790253639221,0.2115925252437591,0.4640526175498962,0.7799425721168518,-0.0187961533665657,0.531583309173584,0.7777630090713501,0.0187621302902698,0.461324542760849,0.9326724410057068,0.0670578479766845,0.5428182482719421,0.9385677576065063,0.1357569694519043,0.4627138078212738,1.0915855169296265,0.188177615404129,0.5427532196044922,1.0805153846740725,0.2397712767124176,0.4676352143287658,1.1189589500427246,0.2004379779100418,0.5442785024642944,1.1055110692977903,0.2533964514732361,0.4448067247867584,1.1080684661865234,0.1975080519914627,0.5404155254364014,1.094420313835144,0.2544799149036407,4.080784559249878,neutro
1761586134.965981,0,0.4908278584480285,0.4706846475601196,0.1785972416400909,0.4856946468353271,0.4576426148414612,0.1408319324254989,0.4823072552680969,0.4573679566383362,0.1408341825008392,0.4789316654205322,0.4573677778244018,0.1406992077827453,0.4952127039432525,0.4579395949840545,0.1431266665458679,0.4982859194278717,0.4577052891254425,0.1431508511304855,0.5014072060585022,0.4576189219951629,0.1430260837078094,0.4734047949314117,0.4650622010231018,0.0162714831531047,0.5098690986633301,0.464964210987091,0.0287001337856054,0.4853587746620178,0.481065958738327,0.1437726318836212,0.4960313737392425,0.4828588664531708,0.1474837958812713,0.4316915869712829,0.5426238179206848,-0.0214520152658224,0.546005368232727,0.5378142595291138,-0.0255186762660741,0.4114775657653808,0.6663073301315308,0.0875604376196861,0.5751357674598694,0.645689845085144,0.0441195741295814,0.44120854139328,0.678340494632721,0.2598698735237121,0.5642555952072144,0.7210718393325806,0.1702713072299957,0.4499436914920807,0.6846224665641785,0.2801811099052429,0.5672014355659485,0.7515432834625244,0.1918383687734604,0.4629225134849548,0.6768194437026978,0.2830158174037933,0.559680700302124,0.7437992095947266,0.1898823678493499,0.4619737565517425,0.6729440093040466,0.2657033801078796,0.555343747138977,0.7336040139198303,0.1746741831302642,0.4633912444114685,0.7765289545059204,-0.0080411713570356,0.5303772687911987,0.7733322381973267,0.0079560792073607,0.4606181979179382,0.925659477710724,0.093558169901371,0.5438042879104614,0.933268427848816,0.137799471616745,0.4629330635070801,1.0822571516036987,0.2006989419460296,0.5496234893798828,1.077179193496704,0.2444109618663787,0.4677390456199646,1.1113334894180298,0.2144130170345306,0.5491423010826111,1.1040016412734983,0.2587572634220123,0.4469223022460937,1.092181921005249,0.2043028622865677,0.5553478002548218,1.0878337621688845,0.2637743651866913,4.1283183097839355,neutro
1761586135.013387,0,0.4911590218544006,0.47036212682724,0.1746253818273544,0.4861232340335846,0.4569863677024841,0.1355820000171661,0.482722669839859,0.4567412137985229,0.1355743706226349,0.4792208671569824,0.4567899703979492,0.1354236304759979,0.4955014288425445,0.4571543633937835,0.1397135406732559,0.4985769391059875,0.4568926095962524,0.1397375166416168,0.501755952835083,0.4568087458610534,0.1396127939224243,0.474018394947052,0.4646293520927429,0.0070919445715844,0.5100394487380981,0.4645199775695801,0.0278097335249185,0.4861062169075012,0.4808840155601501,0.1382697522640228,0.4967908263206482,0.4825661480426788,0.1444178223609924,0.4324020743370056,0.5426186323165894,-0.02429686114192,0.5469135046005249,0.5376255512237549,-0.0236028023064136,0.4106408059597015,0.6654073596000671,0.0990744158625602,0.5753747224807739,0.6468912363052368,0.0555323176085948,0.438558965921402,0.6730543375015259,0.3010351657867431,0.5662457942962646,0.7270622849464417,0.190956249833107,0.4462584853172302,0.6794605851173401,0.3288725018501282,0.5696101784706116,0.7573474645614624,0.214559406042099,0.4590880274772644,0.6701253652572632,0.3291500210762024,0.5620957016944885,0.7499233484268188,0.2124499827623367,0.4587430357933044,0.6669101119041443,0.3076495826244354,0.5585338473320007,0.7406569719314575,0.1952827423810959,0.463799774646759,0.7764461636543274,-0.0051194606348872,0.5302934050559998,0.773822009563446,0.0050755022093653,0.4610019624233246,0.9262875318527222,0.0964086428284645,0.5438145995140076,0.9348782896995544,0.1315949559211731,0.4633302092552185,1.0822246074676514,0.2051570415496826,0.5498530268669128,1.078489899635315,0.228869155049324,0.4680783748626709,1.1110631227493286,0.2182410210371017,0.5489190816879272,1.1059938669204712,0.2422611713409423,0.4501323103904724,1.0923316478729248,0.2108084708452224,0.5574029684066772,1.0905718803405762,0.246378093957901,4.175724267959595,neutro
1761586135.062324,0,0.4923093914985657,0.4702184796333313,0.1494107991456985,0.4871900975704193,0.4566534757614136,0.113983653485775,0.4837214946746826,0.4564165472984314,0.1139763593673706,0.4801180958747864,0.4564793705940246,0.113823615014553,0.496583878993988,0.4566975831985473,0.1149699240922927,0.4995989203453064,0.4563691318035126,0.1150078773498535,0.5026931166648865,0.4561977684497833,0.1148950904607772,0.4746321141719818,0.4644674658775329,-0.0007177530787885,0.5107208490371704,0.4642630815505981,0.0067653856240212,0.4873498380184173,0.4808403551578522,0.1179651021957397,0.4979043006896972,0.4824351370334625,0.1201781034469604,0.4318194985389709,0.5433727502822876,-0.0233776587992906,0.5463587641716003,0.5372422933578491,-0.0525031983852386,0.4096244871616363,0.6654548048973083,0.118654690682888,0.5751492381095886,0.647585928440094,0.0134555902332067,0.4392949640750885,0.6674680113792419,0.3160328865051269,0.572519838809967,0.7320080399513245,0.1315222978591919,0.4483955800533294,0.6794643402099609,0.3431997001171112,0.5765141248703003,0.7627143859863281,0.1489425748586654,0.4612070918083191,0.6698294878005981,0.3402221500873565,0.5686692595481873,0.7547714710235596,0.1477788239717483,0.4608380794525146,0.6666902899742126,0.3208079636096954,0.5642226934432983,0.7442606091499329,0.1360490173101425,0.4639113843441009,0.7770515084266663,0.0083925928920507,0.529302716255188,0.7741193771362305,-0.0084303934127092,0.4615283012390136,0.9265291094779968,0.105894461274147,0.5439437627792358,0.9358882904052734,0.1293294429779052,0.4634924829006195,1.0821967124938965,0.2067012339830398,0.5506812334060669,1.078608751296997,0.2294756919145584,0.468297392129898,1.1108070611953735,0.2211750447750091,0.5488263964653015,1.107035994529724,0.2433786392211914,0.4574964642524719,1.091777801513672,0.2144864052534103,0.5630417466163635,1.0923818349838257,0.2471475899219513,4.224661350250244,neutro
1761586135.1218596,0,0.492744117975235,0.4703178107738495,0.1445252597332,0.4877799451351166,0.4566974639892578,0.1089534983038902,0.4843500256538391,0.4564631283283233,0.1089469566941261,0.4807980060577392,0.4565215110778808,0.1087915897369384,0.4970824122428894,0.4567145705223083,0.1102982312440872,0.5000116229057312,0.4563804864883423,0.1103444918990135,0.5029962062835693,0.4561896920204162,0.1102307587862014,0.4753955006599426,0.4644912481307983,-0.004665934946388,0.5108141303062439,0.464265912771225,0.0041255885735154,0.4880101680755615,0.4809107482433319,0.1135302409529686,0.4983601570129394,0.4824424684047699,0.1162122339010238,0.4319238066673279,0.5446881651878357,-0.0218235254287719,0.5449414253234863,0.5365746021270752,-0.0568102411925792,0.4099276959896087,0.6661177277565002,0.1281693577766418,0.5751650333404541,0.648047149181366,0.0069369398988783,0.4401531219482422,0.6659449934959412,0.3264672458171844,0.578788161277771,0.7343744039535522,0.1202694401144981,0.4484484791755676,0.6729271411895752,0.3538771569728851,0.5827608108520508,0.7633100152015686,0.1366933286190033,0.461407333612442,0.6623775362968445,0.350009948015213,0.5767320394515991,0.7553614974021912,0.1354241818189621,0.4610893130302429,0.6599451303482056,0.3310535252094269,0.572549045085907,0.7457531690597534,0.1248997300863266,0.4638739228248596,0.7771674990653992,0.0148426294326782,0.5280488729476929,0.7741509079933167,-0.0148848416283726,0.4597600400447845,0.924492597579956,0.1152592152357101,0.5443748235702515,0.9365475177764891,0.1234445348381996,0.4634417593479156,1.0783870220184326,0.2187290638685226,0.5517784357070923,1.0785834789276123,0.2220010310411453,0.4672821462154388,1.1075291633605957,0.230930283665657,0.5490096807479858,1.106744408607483,0.2358590811491012,0.4587194323539734,1.0859967470169067,0.2358335554599762,0.5668662190437317,1.0900495052337646,0.2421415746212005,4.284196853637695,neutro
1761586135.166288,0,0.4933520853519439,0.471131682395935,0.139021947979927,0.4884296357631683,0.4574383497238159,0.1027324348688125,0.4850605130195617,0.4571327567100525,0.10272778570652,0.4815777838230133,0.4570885896682739,0.102577768266201,0.4976640343666076,0.4574164152145386,0.1052710264921188,0.5005514621734619,0.4570874273777008,0.1052894368767738,0.5034653544425964,0.4569027721881866,0.105166457593441,0.4762756824493408,0.4648283720016479,-0.013283054344356,0.5111627578735352,0.4650196135044098,0.0008485129219479,0.4884117245674133,0.4813986420631408,0.1071956902742385,0.4988557398319244,0.4828632473945617,0.1113847941160202,0.4327164590358734,0.5450975894927979,-0.031180951744318,0.5458838939666748,0.5365517139434814,-0.0505345836281776,0.4086399972438812,0.6658879518508911,0.1228417754173278,0.5781737565994263,0.6475226879119873,0.0190415456891059,0.4384837746620178,0.6570358872413635,0.323603481054306,0.585185170173645,0.7339967489242554,0.1437010914087295,0.4435767531394958,0.6702002286911011,0.3506304025650024,0.5884801745414734,0.7624814510345459,0.1644876301288604,0.45585498213768,0.6599629521369934,0.3495296835899353,0.5812401175498962,0.7543731331825256,0.1630802452564239,0.455908864736557,0.6575568914413452,0.3293344378471374,0.5770470499992371,0.7451103329658508,0.1487592160701751,0.4639257788658142,0.7772145867347717,0.0096509205177426,0.5280331969261169,0.7736310362815857,-0.0096147237345576,0.4599986970424652,0.9235365390777588,0.1069592386484146,0.5459392666816711,0.9361432790756226,0.1345000863075256,0.4636592268943786,1.075735092163086,0.1987712383270263,0.5533773899078369,1.0739517211914062,0.2235584706068039,0.4679816663265228,1.104793906211853,0.2100321501493454,0.5510281324386597,1.1017106771469116,0.2362464964389801,0.4584583342075348,1.082046389579773,0.215817853808403,0.5656376481056213,1.0821802616119385,0.2573891580104828,4.328625202178955,neutro
1761586135.2148511,0,0.4981430172920227,0.4714120924472809,0.0350136570632457,0.4959710240364074,0.4585192799568176,0.0012521084863692,0.4947348237037658,0.4583698511123657,0.0012126490473747,0.4936485886573791,0.4584483802318573,0.0010642926208674,0.5004151463508606,0.4584432542324066,-0.0002096477692248,0.5022420883178711,0.4582568109035492,-0.0002373967145103,0.5044395327568054,0.4582746624946594,-0.0003770733019337,0.4917194843292236,0.4661427736282348,-0.093899056315422,0.5113471150398254,0.4663340747356415,-0.0992679819464683,0.4977029263973236,0.4814284443855285,0.0102389361709356,0.501538872718811,0.4828620254993438,0.0087899919599294,0.4381678700447082,0.5456433892250061,-0.0904839783906936,0.5454893112182617,0.5415352582931519,-0.1248587965965271,0.4092627167701721,0.661469042301178,0.0648170933127403,0.5826913714408875,0.6426402926445007,-0.0799067169427871,0.4439915716648102,0.6414938569068909,0.2596431374549866,0.6006344556808472,0.7238014340400696,0.0095057738944888,0.4495138525962829,0.6479781270027161,0.2775520086288452,0.6088685393333435,0.7540891766548157,0.018527578562498,0.457014799118042,0.6409178972244263,0.2738999128341675,0.6047387719154358,0.7480388879776001,0.0121316518634557,0.4583070874214172,0.6396089196205139,0.2632952332496643,0.5949481129646301,0.7355318069458008,0.0108829718083143,0.4714536070823669,0.7751573920249939,0.0106106679886579,0.5222028493881226,0.7722285389900208,-0.010594043880701,0.4711731076240539,0.9257014393806458,0.0009253016905859,0.545921802520752,0.9363297820091248,0.0346112921833992,0.4678133428096771,1.0705195665359497,0.1651108711957931,0.5536640286445618,1.0748622417449951,0.1154283657670021,0.4693178236484527,1.0936293601989746,0.1808711141347885,0.5524789094924927,1.1004319190979004,0.1249551028013229,0.4657657146453857,1.083240270614624,0.1559710502624511,0.570925235748291,1.0968819856643677,0.0885548368096351,4.377188444137573,neutro
1761586135.2592323,0,0.5025086998939514,0.4716221988201141,0.0683684051036834,0.5002666711807251,0.4593845009803772,0.0359166227281093,0.4988825917243957,0.4593826830387115,0.0357886776328086,0.4975599348545074,0.4595910310745239,0.0356654338538646,0.5048413276672363,0.4590475261211395,0.0283965952694416,0.5066879987716675,0.458843320608139,0.0282675623893737,0.5089517831802368,0.4588574767112732,0.028195297345519,0.4944751858711242,0.4670088589191437,-0.0769047290086746,0.5150665044784546,0.4667043089866638,-0.0824208930134773,0.5022135972976685,0.4815028011798858,0.0307792536914348,0.5061172246932983,0.4828364253044128,0.0210773143917322,0.440317302942276,0.5464829802513123,-0.0541497245430946,0.554847240447998,0.5398796200752258,-0.0770598202943801,0.4095323979854584,0.6621533036231995,0.1111878156661987,0.5904110670089722,0.6407067775726318,-0.0498492792248725,0.4430285394191742,0.6459611654281616,0.3426824808120727,0.6069868803024292,0.7204251885414124,0.1754848957061767,0.44981250166893,0.6567023992538452,0.3704500198364258,0.6165346503257751,0.7507756352424622,0.2014861106872558,0.4583071172237396,0.6475197672843933,0.3701887130737304,0.6099398732185364,0.7452309727668762,0.1990661472082138,0.4591730535030365,0.6445566415786743,0.3487882912158966,0.6023142337799072,0.7333421111106873,0.1809763312339782,0.4762841761112213,0.7776060700416565,0.008715258911252,0.5222781896591187,0.7754921317100525,-0.0087005933746695,0.4731833934783935,0.9314864873886108,0.0238632839173078,0.5484730005264282,0.9415369629859924,0.0491648875176906,0.4732975363731384,1.077566623687744,0.1350954324007034,0.5539871454238892,1.0904767513275146,0.1174423471093177,0.4754486680030823,1.101083278656006,0.1458547711372375,0.5525950193405151,1.1155551671981812,0.1263166666030883,0.4685209691524505,1.0927387475967407,0.1369646489620208,0.5698596239089966,1.1128840446472168,0.1125540137290954,4.421569585800171,neutro
1761586135.3078325,0,0.5076487064361572,0.4729914367198944,0.1301446557044983,0.5053340792655945,0.4615122377872467,0.0993049591779708,0.5036383271217346,0.4614975154399872,0.0992384403944015,0.5019818544387817,0.4616775214672088,0.0991256758570671,0.5105502009391785,0.4609640538692474,0.0901064425706863,0.5125980973243713,0.4606359302997589,0.0899763479828834,0.5151281356811523,0.4604922831058502,0.0898061394691467,0.4978984892368316,0.4687724411487579,-0.0110949221998453,0.5191411972045898,0.4676453769207001,-0.0483543127775192,0.5063009262084961,0.4823791682720184,0.0965893417596817,0.5109421610832214,0.4831943213939667,0.0826155766844749,0.4429130554199219,0.5477277636528015,-0.0159237273037433,0.5579007863998413,0.5385890603065491,-0.0585296563804149,0.4108700156211853,0.6636270880699158,0.1286057084798813,0.5940195322036743,0.6398816704750061,-0.0451208315789699,0.4432857632637024,0.6520931720733643,0.3499417304992676,0.6056969165802002,0.7181939482688904,0.2109436690807342,0.4507134854793548,0.6676100492477417,0.3769561946392059,0.6151946187019348,0.7489922642707825,0.2385536432266235,0.4584323465824127,0.6601033806800842,0.3778125345706939,0.609170138835907,0.7412512302398682,0.2369947731494903,0.4594062268733978,0.6572532057762146,0.3558655977249145,0.6010247468948364,0.7310675382614136,0.2168250530958175,0.479330450296402,0.7792859673500061,0.0131684765219688,0.5249053835868835,0.7775404453277588,-0.0131692346185445,0.4749120771884918,0.9395949840545654,0.0239602364599704,0.5544005632400513,0.9471617341041564,0.0334981754422187,0.4762326180934906,1.0891880989074707,0.1178016439080238,0.5583875179290771,1.1020218133926392,0.104427732527256,0.4784367680549621,1.1135047674179075,0.12666717171669,0.5562098026275635,1.1269817352294922,0.1135376319289207,0.4713417887687683,1.1069360971450806,0.1157132163643837,0.5756096243858337,1.1251626014709473,0.0994905084371566,4.47016978263855,neutro
1761586135.354401,0,0.5128211379051208,0.4732400774955749,0.1355374902486801,0.5100666284561157,0.4618181586265564,0.1010621935129165,0.5083781480789185,0.4618281722068786,0.1010322198271751,0.5068024396896362,0.4620242416858673,0.1009079217910766,0.5156696438789368,0.4613045752048492,0.0985912531614303,0.5179760456085205,0.4610053300857544,0.098541535437107,0.5207211375236511,0.4608686864376068,0.0983917266130447,0.5023120641708374,0.4691376388072967,-0.0124433543533086,0.5237997770309448,0.4678400158882141,-0.0212168265134096,0.511181652545929,0.4826104938983917,0.1028741747140884,0.5161775350570679,0.4833150506019592,0.0997559875249862,0.4462896287441253,0.5477578639984131,-0.02203737385571,0.5619518160820007,0.5379827618598938,-0.06402038782835,0.4155805706977844,0.6636781692504883,0.1266295313835144,0.5969057679176331,0.6386216282844543,0.0024024643935263,0.4434612691402435,0.6530126333236694,0.3374132812023163,0.6074399352073669,0.7181480526924133,0.2015563547611236,0.4508748948574066,0.6727849245071411,0.3632689118385315,0.6132282018661499,0.7489725947380066,0.2277657240629196,0.4592689871788025,0.6672971844673157,0.3639697730541229,0.6078327298164368,0.7401465773582458,0.2261743992567062,0.4600220620632171,0.6643463373184204,0.3432012796401977,0.6025128364562988,0.7305322289466858,0.2070291340351104,0.4825445115566253,0.7793380618095398,0.0122483670711517,0.5287257432937622,0.7779055237770081,-0.0122748129069805,0.4832184910774231,0.944954752922058,0.0246856696903705,0.5574089884757996,0.9483509659767152,0.0386559106409549,0.4805617332458496,1.0879008769989014,0.1405437141656875,0.560022234916687,1.1023706197738647,0.1139609962701797,0.482949435710907,1.1127591133117676,0.1519386768341064,0.55829918384552,1.1269714832305908,0.1233895644545555,0.4756432473659515,1.1053255796432495,0.1420445591211319,0.5762804746627808,1.127448797225952,0.1051569581031799,4.516738414764404,neutro
1761586135.4022732,0,0.5133829116821289,0.4730242788791656,0.1206367239356041,0.5105314254760742,0.4617704451084137,0.0828385725617408,0.5085647702217102,0.4617832601070404,0.0828102529048919,0.5066418051719666,0.4619521200656891,0.0826876908540725,0.5169379115104675,0.4611731171607971,0.0842954218387603,0.519642174243927,0.4608945250511169,0.084256112575531,0.5228084325790405,0.4607701301574707,0.0841012001037597,0.5018218755722046,0.4693979024887085,-0.0386562012135982,0.527369499206543,0.4678271412849426,-0.0306195858865976,0.5114090442657471,0.4824996590614319,0.0859779343008995,0.5174484848976135,0.483106404542923,0.0883393064141273,0.4511577188968658,0.5475815534591675,-0.0599977560341358,0.5676066875457764,0.5379908680915833,-0.0691234618425369,0.4220700263977051,0.6637300252914429,0.0580943301320076,0.6011994481086731,0.639164388179779,0.00551552278921,0.4433105587959289,0.6771155595779419,0.2593758702278137,0.6084430813789368,0.718397319316864,0.1691358238458633,0.4489010274410248,0.6932228803634644,0.2803705930709839,0.6139944195747375,0.7494094371795654,0.1935040950775146,0.4575765132904053,0.6893704533576965,0.2834566235542297,0.6068867444992065,0.7408497333526611,0.1893474757671356,0.4587570130825043,0.6850388050079346,0.2654595971107483,0.6014028787612915,0.7313688397407532,0.1730356067419052,0.4847569465637207,0.7790666818618774,0.0055562895722687,0.5340012907981873,0.778390109539032,-0.0055733723565936,0.4865489900112152,0.9464755654335022,0.005546698346734,0.5611438751220703,0.949611246585846,0.0520329289138317,0.4812279641628265,1.090450644493103,0.1419883072376251,0.5613961815834045,1.1072596311569214,0.1428547203540802,0.4833502769470215,1.11497962474823,0.1548257768154144,0.560280442237854,1.1318833827972412,0.1537674665451049,0.4741322100162506,1.111512303352356,0.1350283175706863,0.5752665996551514,1.13382089138031,0.1290279030799865,4.564610481262207,neutro
1761586135.4477713,0,0.5160428285598755,0.4730528891086578,0.1637877523899078,0.5124616622924805,0.4617570340633392,0.126448780298233,0.5101400017738342,0.4617604613304138,0.1264351308345794,0.5078418254852295,0.4619268476963043,0.1263690888881683,0.5200300812721252,0.4612226486206054,0.1262886822223663,0.5232503414154053,0.4609479606151581,0.1262533515691757,0.5267626047134399,0.4608117640018463,0.1260765343904495,0.502072274684906,0.4694019556045532,-0.0015834911027923,0.531362771987915,0.4678273499011993,-0.0021507847122848,0.5135830640792847,0.4825000762939453,0.1261883080005645,0.5209614038467407,0.4831186234951019,0.1266352236270904,0.4541603028774261,0.5475360751152039,-0.0296105593442916,0.5705438852310181,0.538161039352417,-0.0659985616803169,0.4295282363891601,0.6649121642112732,0.0328028164803981,0.603549599647522,0.6394997239112854,0.0099201034754514,0.4433810710906982,0.7167103886604309,0.1423313170671463,0.6106346249580383,0.7190463542938232,0.1479879319667816,0.4441704750061035,0.7428404688835144,0.1527135670185089,0.6157557368278503,0.751727283000946,0.1670788377523422,0.4525215029716491,0.7404122948646545,0.1567344665527343,0.6083122491836548,0.7425512075424194,0.1666930764913559,0.4534382224082947,0.7330549359321594,0.1463352888822555,0.6031707525253296,0.7328222393989563,0.1527466773986816,0.4847236573696136,0.7799311280250549,0.015776302665472,0.5432464480400085,0.7791727781295776,-0.0158986710011959,0.4924971163272857,0.9455127716064452,0.0907527357339859,0.5651700496673584,0.9495224356651306,0.0609775595366954,0.4828916490077972,1.0894970893859863,0.2034830302000045,0.5629392862319946,1.1096091270446775,0.1529552489519119,0.4842918515205383,1.1151994466781616,0.2141652554273605,0.5600352883338928,1.1374680995941162,0.1629239171743393,0.4806765615940094,1.1093621253967283,0.1978878080844879,0.5805359482765198,1.1297417879104614,0.1456412971019745,4.6101086139678955,neutro
1761586135.494223,0,0.5254815220832825,0.472379207611084,0.1376752108335495,0.5211669206619263,0.4604489505290985,0.1035050302743911,0.5186136364936829,0.4604654908180237,0.1034823656082153,0.5160870552062988,0.4606675803661346,0.1034272760152816,0.5290020108222961,0.4600563943386078,0.1018277183175087,0.5321553945541382,0.4597718119621277,0.101783312857151,0.5356658101081848,0.4596121609210968,0.1016108393669128,0.5095875263214111,0.4688253998756408,-0.0132211297750473,0.5399153232574463,0.4670238196849823,-0.0199259389191865,0.5227388739585876,0.4819498360157013,0.1034639477729797,0.5304014682769775,0.4827195405960083,0.1019179224967956,0.4652748703956604,0.5477498173713684,-0.0337471365928649,0.5839840173721313,0.5406882166862488,-0.0760075449943542,0.4471708834171295,0.669922411441803,-0.0242171976715326,0.6056714057922363,0.6488667130470276,-0.0589019060134887,0.4508257508277893,0.7647412419319153,0.0390926972031593,0.6080384850502014,0.7298066020011902,0.0054269270040094,0.4528845250606537,0.7873215079307556,0.0379425175487995,0.613080620765686,0.7658528089523315,0.0108987474814057,0.4601200520992279,0.7844588756561279,0.0422823019325733,0.6048465371131897,0.7524016499519348,0.0079093482345342,0.4622061252593994,0.7745368480682373,0.0410751476883888,0.5989925861358643,0.7395243048667908,0.0056417686864733,0.4957244396209717,0.7821617722511292,0.0311658736318349,0.5574077367782593,0.783386766910553,-0.031292974948883,0.497932106256485,0.9445536136627196,0.1347383856773376,0.5750049948692322,0.9587048292160034,0.0642644241452217,0.4855031371116638,1.0897189378738403,0.2729510366916656,0.5734386444091797,1.112830400466919,0.1858755201101303,0.4849995076656341,1.1171165704727173,0.2852879464626312,0.5674281716346741,1.1418308019638062,0.1980275213718414,0.4882344305515289,1.1079025268554688,0.2529764771461487,0.5964197516441345,1.1307131052017212,0.1524495780467987,4.65656042098999,neutro
1761586135.541722,0,0.5300815105438232,0.4724118411540985,0.1703407913446426,0.525195837020874,0.4604741632938385,0.1338078826665878,0.5224987268447876,0.4604785144329071,0.1337627470493316,0.5197886824607849,0.4606755673885345,0.133690744638443,0.5336942076683044,0.46013343334198,0.1350443661212921,0.5368369817733765,0.4598427414894104,0.1349992156028747,0.5404930114746094,0.4596550166606903,0.1348320394754409,0.5132254958152771,0.4688324630260467,0.0053402408957481,0.5453128218650818,0.4670157134532928,0.0111099006608128,0.527286171913147,0.481950432062149,0.1315415203571319,0.5354533791542053,0.4827382862567901,0.13382089138031,0.4732085168361664,0.5479725003242493,-0.028101596981287,0.5896314978599548,0.5419868230819702,-0.0386869609355926,0.4550563395023346,0.6703993082046509,-0.0164899285882711,0.6086865663528442,0.6516361236572266,0.0051566897891461,0.4514022469520569,0.7608934640884399,0.0625231713056564,0.6060897707939148,0.7290207147598267,0.1063859239220619,0.4527592658996582,0.7803937792778015,0.0614279694855213,0.6099326014518738,0.7634752988815308,0.1069341748952865,0.4594671726226806,0.777152419090271,0.0696347430348396,0.6037481427192688,0.7510043382644653,0.089832916855812,0.4620644152164459,0.7678623795509338,0.066150814294815,0.5962231159210205,0.7396429181098938,0.098312921822071,0.5034130811691284,0.7841962575912476,0.0246664173901081,0.5632628202438354,0.7863290905952454,-0.0247583966702222,0.5022269487380981,0.9468677639961244,0.1029030829668045,0.5814874172210693,0.9620148539543152,0.0646824687719345,0.4866978526115417,1.09064519405365,0.2453988492488861,0.5780743360519409,1.1158335208892822,0.1964792311191558,0.4861511290073395,1.1185117959976196,0.2586866021156311,0.5726625323295593,1.1448184251785278,0.2092015296220779,0.4862837791442871,1.107980728149414,0.2293912172317505,0.5982993841171265,1.1333662271499634,0.152836188673973,4.704059362411499,neutro
1761586135.5858302,0,0.5342727303504944,0.4720205962657928,0.1596557199954986,0.5300053954124451,0.4596540331840515,0.1202397346496582,0.5274180173873901,0.459585040807724,0.1201704964041709,0.5247279405593872,0.4597362577915191,0.1200919300317764,0.5384906530380249,0.4593020379543304,0.1237948760390281,0.5416474938392639,0.4588893949985504,0.1237318068742752,0.5451673865318298,0.4585365355014801,0.1235363036394119,0.5182403326034546,0.4682250916957855,-0.0158174503594636,0.5497492551803589,0.4659183323383331,-0.001535256858915,0.5311678647994995,0.4815979897975921,0.1177289634943008,0.5395652055740356,0.4824355244636535,0.122710034251213,0.4767020642757416,0.5481860637664795,-0.0557987801730632,0.5966208577156067,0.5434510111808777,-0.0405965894460678,0.4590964317321777,0.6708092093467712,-0.0198396742343902,0.6142526865005493,0.6576797962188721,0.0258535649627447,0.4533987939357757,0.7568714022636414,0.1022832989692688,0.6050597429275513,0.7286440134048462,0.1700256168842315,0.4535573124885559,0.776190996170044,0.1068495884537696,0.6088037490844727,0.7628121972084045,0.1870706379413604,0.4600112438201904,0.7728334665298462,0.113971970975399,0.6022596955299377,0.7501824498176575,0.1779138296842575,0.4629745483398437,0.7644758224487305,0.1071032062172889,0.5948449373245239,0.7393388748168945,0.1689127534627914,0.5085952877998352,0.7876014709472656,0.0165093354880809,0.5693546533584595,0.7899240851402283,-0.01660449616611,0.5060518383979797,0.9491954445838928,0.1169078797101974,0.5842316746711731,0.9685403108596802,0.1057379692792892,0.4962303638458252,1.0902100801467896,0.2836188375949859,0.5775099396705627,1.113203048706055,0.2529400587081909,0.4965632557868957,1.118011713027954,0.2997295260429382,0.5730246901512146,1.1414457559585571,0.2686737477779388,0.4929247498512268,1.1072535514831543,0.2760490179061889,0.5937530994415283,1.1312350034713743,0.226892277598381,4.748167514801025,neutro
1761586135.6318026,0,0.5390580892562866,0.4713395237922668,0.147379070520401,0.5351127982139587,0.4582944810390472,0.107702687382698,0.532757580280304,0.4582475423812866,0.1076355203986167,0.5302708745002747,0.4584534466266632,0.1075451225042343,0.5429402589797974,0.4577501714229584,0.1131298691034317,0.5460549592971802,0.4571870267391205,0.1130747944116592,0.5494073629379272,0.4566921889781952,0.1128879934549331,0.5242168307304382,0.4677509665489197,-0.0290025565773248,0.5540870428085327,0.4646889269351959,-0.0070311068557202,0.53668612241745,0.4812641143798828,0.1055606976151466,0.5445389747619629,0.4820908904075622,0.1128230318427085,0.4816620349884033,0.5491514205932617,-0.0761351659893989,0.6026502847671509,0.5457613468170166,-0.0400591343641281,0.4608407020568847,0.6754826307296753,-0.0380407497286796,0.6198603510856628,0.6660974621772766,0.0386691205203533,0.4566864967346191,0.7651751041412354,0.0938059613108635,0.6081825494766235,0.7354530692100525,0.1899848282337188,0.4554375112056732,0.7867727875709534,0.0993293076753616,0.607866644859314,0.7631507515907288,0.213133692741394,0.4612151682376861,0.7840734124183655,0.1082477942109108,0.6015740633010864,0.7527986764907837,0.2064485549926757,0.4642010331153869,0.7754837274551392,0.0998162701725959,0.596178412437439,0.7418639659881592,0.1908252835273742,0.5135551691055298,0.7912539839744568,0.0035456039477139,0.575244128704071,0.7925359606742859,-0.0036582234315574,0.5079785585403442,0.9548562169075012,0.1041314154863357,0.587602972984314,0.9697042107582092,0.1198089495301246,0.4945040345191955,1.0910923480987549,0.2632140219211578,0.5822709202766418,1.113951563835144,0.2586435973644256,0.4956375658512115,1.1196664571762085,0.2787443399429321,0.5782333612442017,1.1430134773254397,0.2736808657646179,0.4893129765987396,1.1069793701171875,0.2593840956687927,0.5960564613342285,1.1297227144241333,0.2390387505292892,4.794139862060547,neutro
1761586135.6812265,0,0.5437076091766357,0.4713693857192993,0.1565572470426559,0.5402048230171204,0.4583043754100799,0.1178712621331214,0.5377799272537231,0.4582580924034118,0.1177875772118568,0.5351302623748779,0.4584627747535705,0.1176591739058494,0.5478461980819702,0.4577442705631256,0.122681900858879,0.5509436130523682,0.4571653604507446,0.1226121038198471,0.5542672276496887,0.4566485285758972,0.1224382743239402,0.5286678075790405,0.4677925109863281,-0.0263262391090393,0.5595893859863281,0.4646927714347839,-0.0004794092965312,0.5411792397499084,0.4814094305038452,0.1131979450583458,0.5492153167724609,0.4821838736534118,0.1202524527907371,0.4840595722198486,0.5501318573951721,-0.0717706531286239,0.6097870469093323,0.5498273372650146,-0.0288813356310129,0.4651258885860443,0.6814587116241455,-0.0762085765600204,0.6240038275718689,0.6771894693374634,0.0359313264489173,0.4582671523094177,0.8066605925559998,0.0080576697364449,0.6067541241645813,0.759486198425293,0.1793297231197357,0.4559119343757629,0.8361371755599976,0.0010363432811573,0.6072510480880737,0.7812078595161438,0.2004017382860183,0.4613800048828125,0.8354110717773438,0.0137144234031438,0.6000722050666809,0.7744888067245483,0.1983162462711334,0.4644076824188232,0.8236272931098938,0.012533051893115,0.5957773923873901,0.7657380700111389,0.1845930516719818,0.5197749733924866,0.7945077419281006,-0.0021146878134459,0.5797039270401001,0.7947937846183777,0.0021351743489503,0.5091559290885925,0.9572132229804992,0.1020656451582908,0.5877997279167175,0.9719244241714478,0.1236421838402748,0.4992397725582123,1.0908080339431765,0.3145897984504699,0.5792351365089417,1.1132296323776243,0.3033284544944763,0.5004662275314331,1.1189733743667605,0.33519047498703,0.5752745866775513,1.1421074867248535,0.322634756565094,0.4917531609535217,1.106877684593201,0.3048207461833954,0.5931662321090698,1.128782868385315,0.2725799679756164,4.843563795089722,neutro
1761586135.726721,0,0.5466240644454956,0.4714845716953277,0.1934968084096908,0.5429800748825073,0.4583611190319061,0.1537464559078216,0.5404338836669922,0.4583246111869812,0.1536754667758941,0.537778913974762,0.4585387110710144,0.153550237417221,0.5506452322006226,0.4577821493148803,0.1594040095806121,0.5536807179450989,0.4571928679943084,0.1593464165925979,0.5571117401123047,0.4566636085510254,0.1591892391443252,0.5316322445869446,0.4678472578525543,0.0089511964470148,0.562972903251648,0.4647259414196014,0.035410139709711,0.5441678762435913,0.4816071689128876,0.1493357867002487,0.5520612001419067,0.4824309349060058,0.1569679379463195,0.4884080290794372,0.5512856841087341,-0.0708653330802917,0.6124594807624817,0.5507451891899109,0.0039417082443833,0.469106376171112,0.6807764768600464,-0.0287882275879383,0.6278818845748901,0.6734945178031921,0.0810261741280555,0.472602367401123,0.7810554504394531,0.0706642270088195,0.6059087514877319,0.7541009783744812,0.2218496799468994,0.4720626473426819,0.8066364526748657,0.0808104872703552,0.6060783267021179,0.7707323431968689,0.242644265294075,0.4797230660915375,0.8058346509933472,0.0737244039773941,0.5988069176673889,0.7662132382392883,0.2379463911056518,0.4821037352085113,0.7971488237380981,0.0691115856170654,0.5950813293457031,0.7587631344795227,0.2226600646972656,0.5245704054832458,0.7950652837753296,-0.0120672034099698,0.5846318006515503,0.7951514720916748,0.0121393892914056,0.5108994841575623,0.9600222110748292,0.0883645638823509,0.5916098356246948,0.9765636324882508,0.1171208173036575,0.5011780858039856,1.090002417564392,0.2851171791553497,0.5791443586349487,1.1130070686340332,0.2833303213119507,0.503568172454834,1.117414474487305,0.3047241866588592,0.5759885907173157,1.140679121017456,0.3013049662113189,0.4902704656124115,1.104594349861145,0.2851124703884125,0.5920529961585999,1.1294620037078855,0.2635364830493927,4.889058351516724,neutro
1761586135.7736824,0,0.5499956607818604,0.4715137779712677,0.2094788253307342,0.5464383363723755,0.4583711922168731,0.1714735627174377,0.543994128704071,0.458334356546402,0.1714088022708892,0.5414538383483887,0.4585478007793426,0.1712694466114044,0.5537536144256592,0.457795113325119,0.175275057554245,0.5565723180770874,0.4572075307369232,0.1752389520406723,0.5598081350326538,0.4566832780838012,0.1751058101654052,0.5354269742965698,0.4678434431552887,0.0370126962661743,0.5661931037902832,0.4647324979305267,0.0531933717429637,0.5476795434951782,0.4817103445529938,0.1689186096191406,0.555103063583374,0.4825521111488342,0.1739018112421035,0.4932401776313782,0.5514398813247681,-0.0322795547544956,0.6153887510299683,0.5509871244430542,0.0124930758029222,0.471867948770523,0.6814049482345581,-0.0151195032522082,0.6319981813430786,0.6720705628395081,0.0560497157275676,0.4959664940834045,0.765869677066803,0.1000243797898292,0.6053543090820312,0.7489355802536011,0.0870814993977546,0.4981738030910492,0.7854275107383728,0.1042594090104103,0.601700484752655,0.7691519260406494,0.0962814912199974,0.5086449980735779,0.775521457195282,0.1113900914788246,0.5943015813827515,0.7630311846733093,0.0949644073843956,0.5103384852409363,0.7667465806007385,0.1041734591126442,0.5931552052497864,0.7549397945404053,0.0864006429910659,0.5275255441665649,0.7961397767066956,-0.0096015948802232,0.5891095995903015,0.7966692447662354,0.0097106462344527,0.5129918456077576,0.9618871808052064,0.1108116135001182,0.594584047794342,0.9757678508758544,0.1207722872495651,0.50123131275177,1.0911775827407837,0.2945199608802795,0.5838961005210876,1.1144598722457886,0.2782509624958038,0.5034914612770081,1.1186379194259644,0.3124798536300659,0.5807102918624878,1.1412408351898191,0.2950928807258606,0.4898167252540588,1.1046713590621948,0.2970630526542663,0.5937401056289673,1.1305949687957764,0.2608823776245117,4.936019659042358,neutro
1761586135.8216476,0,0.5537572503089905,0.4721675813198089,0.2130336463451385,0.5499361753463745,0.4588959515094757,0.1740431487560272,0.5473042726516724,0.4588474631309509,0.1739788949489593,0.5445542931556702,0.4590432345867157,0.1738288700580597,0.5577276945114136,0.4583456218242645,0.1790647208690643,0.5606461763381958,0.4577707648277282,0.1790345460176468,0.5639365315437317,0.4572544693946838,0.1788791269063949,0.5386444330215454,0.4681345224380493,0.0360001847147941,0.5702981352806091,0.4651584923267364,0.0567282028496265,0.551132321357727,0.4822238087654114,0.1706990301609039,0.5591052770614624,0.4832648038864136,0.1769512891769409,0.4955097138881683,0.55190110206604,-0.031156126409769,0.6181042790412903,0.5514996647834778,0.0134750362485647,0.4721523225307464,0.6811977624893188,-0.0132689196616411,0.6345702409744263,0.671100378036499,0.0322660394012928,0.5025966167449951,0.7232385873794556,0.129555806517601,0.5992690920829773,0.7245374321937561,0.0532495379447937,0.5059659481048584,0.7364475727081299,0.1342052221298217,0.5916436910629272,0.7406555414199829,0.0631711110472679,0.5173580646514893,0.7242298722267151,0.146200880408287,0.5846932530403137,0.7334014773368835,0.0611013546586036,0.5191933512687683,0.7176076769828796,0.1362071633338928,0.5853053331375122,0.7252355813980103,0.0520601347088813,0.5290855169296265,0.7963404059410095,-0.0080190319567918,0.5949016809463501,0.7977340221405029,0.0081319836899638,0.5149129629135132,0.9633981585502625,0.1119473353028297,0.5986732840538025,0.9756829142570496,0.1161431670188903,0.4994900822639465,1.091093897819519,0.2810267210006714,0.5860003232955933,1.114864706993103,0.2623791694641113,0.5015180110931396,1.1182854175567627,0.2976643741130829,0.5827099084854126,1.1411861181259155,0.2784739732742309,0.4888166785240173,1.1041123867034912,0.2847340703010559,0.5945800542831421,1.1308881044387815,0.2438750565052032,4.98398494720459,neutro
1761586135.8668108,0,0.5636913180351257,0.4734339118003845,0.2306592911481857,0.5596270561218262,0.4595959782600403,0.1902332156896591,0.5569775104522705,0.4594592154026031,0.19016794860363,0.5541235208511353,0.4595751166343689,0.1900626718997955,0.5680193901062012,0.4590371549129486,0.1976931393146515,0.5713962912559509,0.4583686292171478,0.1976514309644699,0.5749801397323608,0.4577800333499908,0.197465032339096,0.548328697681427,0.4682537317276001,0.0441062338650226,0.5806469321250916,0.4653590023517608,0.0761384889483451,0.5611437559127808,0.4835985004901886,0.1853101253509521,0.5692622065544128,0.4846522212028503,0.1948455721139907,0.5060951113700867,0.5519386529922485,-0.0299552623182535,0.6310380101203918,0.5568922162055969,0.0421497263014316,0.4814414381980896,0.6807515025138855,-0.0129003655165433,0.6379159688949585,0.6710556745529175,0.1181354895234108,0.4999321103096008,0.7253586053848267,0.1214753240346908,0.5974282026290894,0.6980388760566711,0.2583585381507873,0.5026149153709412,0.74036705493927,0.1281389445066452,0.5876529216766357,0.7107290625572205,0.2872919738292694,0.5119763612747192,0.7307851314544678,0.1382832378149032,0.5797620415687561,0.7045213580131531,0.2834259867668152,0.513825535774231,0.7237973809242249,0.1276123821735382,0.5806177854537964,0.6979641318321228,0.2596372961997986,0.5383080244064331,0.7979711890220642,-0.0129201086238026,0.6070905923843384,0.7993469834327698,0.0129418345168232,0.5185095071792603,0.9630936980247498,0.1083167195320129,0.6083446741104126,0.9776718616485596,0.1151265949010849,0.5009613633155823,1.0910656452178955,0.2312803566455841,0.5916655659675598,1.130136489868164,0.209245964884758,0.503204882144928,1.1184098720550537,0.2431735098361969,0.5883728265762329,1.1598641872406006,0.2194669246673584,0.4885121285915375,1.1027469635009766,0.238255575299263,0.5948082208633423,1.1426125764846802,0.1941329091787338,5.029148101806641,neutro
1761586135.9140592,0,0.5695947408676147,0.4748282730579376,0.2150889635086059,0.5658441185951233,0.4604832828044891,0.1740886867046356,0.563284695148468,0.4603752195835113,0.1740253716707229,0.5605520606040955,0.460530549287796,0.1739058196544647,0.5738173723220825,0.4598193764686584,0.1814571619033813,0.5770548582077026,0.4590735733509063,0.1814280599355697,0.580788254737854,0.4583988487720489,0.1812531352043151,0.5544794201850891,0.4691564440727234,0.0333664342761039,0.5871716737747192,0.4658751189708709,0.0618699975311756,0.5674920082092285,0.4854944348335266,0.1709070801734924,0.5753169059753418,0.4864214062690735,0.1804103702306747,0.5112613439559937,0.5527992844581604,-0.0436720885336399,0.6344701647758484,0.5573839545249939,0.0285285711288452,0.4850095808506012,0.6804396510124207,-0.0139076905325055,0.6427738666534424,0.6738678216934204,0.0894310697913169,0.5150014162063599,0.7058815360069275,0.1299992352724075,0.6009301543235779,0.7040010690689087,0.2021642476320266,0.5188338756561279,0.7171840667724609,0.1375198364257812,0.5887903571128845,0.7201251983642578,0.2238517701625824,0.5297382473945618,0.7062690258026123,0.1496748924255371,0.5813295245170593,0.7136325240135193,0.2210552990436554,0.5314350128173828,0.7008817791938782,0.1377619802951812,0.582213282585144,0.7061483860015869,0.2037628144025802,0.5419678092002869,0.8010460138320923,-0.016223382204771,0.6127328872680664,0.80110764503479,0.0162706077098846,0.5212799310684204,0.9619187712669371,0.1348435133695602,0.6105675101280212,0.9763888716697692,0.1426700055599212,0.5047318339347839,1.0879169702529907,0.2920753955841064,0.5934736132621765,1.1273847818374634,0.2740562558174133,0.5077348947525024,1.115867018699646,0.3076000809669494,0.5901612043380737,1.1565192937850952,0.2882914543151855,0.4883938729763031,1.096366047859192,0.3070822060108185,0.5946950912475586,1.1407428979873655,0.2689962983131408,5.076396465301514,neutro
1761586135.9617164,0,0.5723852515220642,0.4767103195190429,0.2296659052371978,0.5688690543174744,0.4618139863014221,0.1906394958496093,0.5661988258361816,0.4616676270961761,0.1905834823846817,0.563265860080719,0.4617825746536255,0.1904652565717697,0.5770041346549988,0.4611362516880035,0.1974064409732818,0.5801893472671509,0.4603881239891052,0.1973448991775512,0.5837818384170532,0.4597337543964386,0.1971708238124847,0.5572395920753479,0.4703454971313476,0.0467051342129707,0.5909375548362732,0.4672975838184356,0.0750246942043304,0.5699142217636108,0.4875215888023376,0.1849211156368255,0.5783661603927612,0.4885502457618713,0.1933938860893249,0.5140572786331177,0.5552972555160522,-0.0394073203206062,0.6362916231155396,0.5589665770530701,0.040765069425106,0.4861162602901459,0.6845718026161194,-0.0473190322518348,0.6429010629653931,0.6791018843650818,0.0969514697790145,0.5135025382041931,0.7636911869049072,0.0529745146632194,0.6017338633537292,0.7124305367469788,0.2085923701524734,0.5160584449768066,0.7860682606697083,0.0537138171494007,0.5893630385398865,0.7257440090179443,0.2303300201892852,0.5255042314529419,0.7799041867256165,0.0645218715071678,0.5824589133262634,0.722381591796875,0.2270915955305099,0.5269211530685425,0.7700397968292236,0.0577685721218586,0.5823836326599121,0.7147118449211121,0.2088078558444976,0.5445929169654846,0.8082287907600403,-0.0212724171578884,0.6154398322105408,0.8052711486816406,0.0213081035763025,0.5255650281906128,0.9626518487930298,0.1217772215604782,0.612021803855896,0.9760298132896424,0.1456787884235382,0.5126825571060181,1.0900123119354248,0.2799513339996338,0.6013123393058777,1.127184271812439,0.279592216014862,0.5171297192573547,1.119845628738403,0.2954444289207458,0.5987347364425659,1.1569961309432983,0.2939503192901611,0.4926815927028656,1.0965102910995483,0.2873981297016144,0.6019507646560669,1.1394532918930054,0.2694960832595825,5.124053716659546,neutro
1761586136.0085442,0,0.5746049284934998,0.4772042334079742,0.2286911457777023,0.5709407329559326,0.4621893167495727,0.1896672993898391,0.5681415796279907,0.4620788693428039,0.1896130144596099,0.5650647282600403,0.4622033536434173,0.1895171701908111,0.5791503190994263,0.4614589512348175,0.1952623426914215,0.5824049711227417,0.4607559144496918,0.1951865404844284,0.5861649513244629,0.4601266086101532,0.1949860900640487,0.559638500213623,0.4709940552711487,0.0445000119507312,0.5938833951950073,0.4683562219142914,0.0677149444818496,0.5724066495895386,0.4882226884365082,0.1834610551595688,0.5810449123382568,0.489270955324173,0.1902640908956527,0.5181371569633484,0.5573104023933411,-0.0413789227604866,0.6385365724563599,0.5600460767745972,0.0410043634474277,0.4904847741127014,0.6875173449516296,-0.0612641163170337,0.646420955657959,0.6775310039520264,0.1395804584026336,0.5118780136108398,0.7931855320930481,0.0350509546697139,0.6024906039237976,0.6674135327339172,0.342286080121994,0.5148532390594482,0.8191017508506775,0.0368094854056835,0.5910172462463379,0.6701797246932983,0.3818687498569488,0.5218032598495483,0.8152307868003845,0.0475898459553718,0.5834009647369385,0.6623014807701111,0.3765659928321838,0.5229144096374512,0.8041955828666687,0.0396345444023609,0.5828789472579956,0.6603458523750305,0.3439767062664032,0.5481148362159729,0.8083045482635498,-0.0200948398560285,0.6171538829803467,0.8057488799095154,0.0200951155275106,0.5260565280914307,0.9650110006332396,0.0975418537855148,0.6141440272331238,0.9788131713867188,0.1253486573696136,0.5134997963905334,1.1068648099899292,0.2194245159626007,0.608641505241394,1.13186514377594,0.2202444523572921,0.5168911814689636,1.1384673118591309,0.2315583974123001,0.6055352091789246,1.1632298231124878,0.2308538854122162,0.495532363653183,1.11311936378479,0.2180959433317184,0.6142277717590332,1.1429493427276611,0.1999832838773727,5.170881509780884,neutro
1761586136.0553644,0,0.5757370591163635,0.4778338074684143,0.2314515560865402,0.5719646215438843,0.4630064964294433,0.1927466243505478,0.5690497159957886,0.4629456698894501,0.1926929056644439,0.5659301280975342,0.4631032347679138,0.1925874650478363,0.5802551507949829,0.4621933698654175,0.1985742002725601,0.583450436592102,0.4615178108215332,0.1984946876764297,0.587151288986206,0.4609140753746032,0.1983008682727813,0.5609581470489502,0.4719571471214294,0.0486500896513462,0.5952961444854736,0.4693767130374908,0.0719676166772842,0.5731881856918335,0.4887270629405975,0.1864683032035827,0.5820921659469604,0.4898183941841125,0.1933097839355468,0.5195326209068298,0.5590966939926147,-0.0403904020786285,0.6408008933067322,0.5604430437088013,0.0432458445429801,0.4948216378688812,0.6905679702758789,-0.0559231117367744,0.6456035375595093,0.6784684062004089,0.1124807000160217,0.5202307105064392,0.7903794646263123,0.040852852165699,0.6035165190696716,0.678114116191864,0.256809264421463,0.5245422124862671,0.815197229385376,0.0415838472545146,0.5928613543510437,0.6870699524879456,0.2848767042160034,0.5319076776504517,0.8106775283813477,0.0511580407619476,0.5843808650970459,0.6785224080085754,0.2799369692802429,0.5323969721794128,0.8000779747962952,0.0448643416166305,0.5838865637779236,0.6743691563606262,0.2572915852069855,0.5489522218704224,0.809761643409729,-0.0226882323622703,0.6179232001304626,0.806372880935669,0.022711057215929,0.5270156264305115,0.970348596572876,0.0761052891612052,0.6158024072647095,0.9799028635025024,0.1150953993201255,0.5164601802825928,1.118069410324097,0.1893416494131088,0.6084847450256348,1.1314294338226318,0.2035726755857467,0.5202043056488037,1.1500709056854248,0.2000191211700439,0.6059746146202087,1.162257432937622,0.2134259492158889,0.4972792267799377,1.1255542039871216,0.1820223778486251,0.612250804901123,1.142778754234314,0.1819033026695251,5.21770167350769,neutro
1761586136.1004589,0,0.5769057869911194,0.4780810177326202,0.2244742810726165,0.5732845067977905,0.4632582366466522,0.1857142150402069,0.5704811811447144,0.463174819946289,0.1856572926044464,0.5675688982009888,0.4633056819438934,0.1855394095182418,0.5813633799552917,0.4626494646072387,0.1922582685947418,0.5844152569770813,0.4620836079120636,0.1921933591365814,0.5878510475158691,0.4616227447986603,0.1920182257890701,0.5634616017341614,0.4721788465976715,0.0441139414906501,0.5961706042289734,0.4701052904129028,0.0727059915661811,0.574242889881134,0.4888639450073242,0.1805238276720047,0.5830104947090149,0.4901497960090637,0.1884386390447616,0.5225526094436646,0.5591580867767334,-0.0402519777417182,0.6437522172927856,0.5611764192581177,0.047193743288517,0.5006733536720276,0.6898113489151001,-0.0442520901560783,0.6464076638221741,0.6787267327308655,0.1001008301973342,0.5348469018936157,0.761963963508606,0.0982602685689926,0.6034154295921326,0.6853553056716919,0.1491769850254058,0.539145290851593,0.7796369194984436,0.1022801771759986,0.593106746673584,0.6983864903450012,0.1658193171024322,0.5481348633766174,0.7717567086219788,0.108794093132019,0.5849260091781616,0.6895576119422913,0.1616368740797042,0.549558162689209,0.7641181349754333,0.1023779660463333,0.5840092301368713,0.6843458414077759,0.1473871171474456,0.5521060824394226,0.8088268637657166,-0.0253440048545599,0.6203855276107788,0.8057510852813721,0.025425910949707,0.5292628407478333,0.970050811767578,0.0667528584599495,0.6179757118225098,0.979811668395996,0.1095775961875915,0.5171054601669312,1.117105484008789,0.1863758116960525,0.6106684803962708,1.1316121816635132,0.1991437673568725,0.5209502577781677,1.1487423181533811,0.1974512934684753,0.6092868447303772,1.161899209022522,0.2088540345430374,0.496851772069931,1.1257244348526,0.1794215738773346,0.6120766401290894,1.144611954689026,0.1776024252176284,5.26279616355896,neutro
1761586136.146892,0,0.5789108872413635,0.4785585403442383,0.2220825403928756,0.5753084421157837,0.4639131128787994,0.1836460083723068,0.5725063681602478,0.4638083279132843,0.1835903823375702,0.569646954536438,0.4638920426368713,0.1834701150655746,0.5834890604019165,0.4634233713150024,0.1900784522294998,0.5865176320075989,0.4629094898700714,0.1900128573179245,0.5898438096046448,0.4625133275985718,0.1898386776447296,0.5654893517494202,0.4725414216518402,0.0436362586915493,0.598115086555481,0.4708633124828338,0.0707173570990562,0.5760264992713928,0.4892255067825317,0.1787308603525161,0.5851120352745056,0.4906381666660309,0.1865114420652389,0.524158775806427,0.5589434504508972,-0.0391758605837821,0.6469632387161255,0.5619311928749084,0.0445876494050025,0.5007187128067017,0.6910231709480286,-0.0416714213788509,0.6488391757011414,0.6781203746795654,0.0976042971014976,0.5352910757064819,0.7607629895210266,0.0999826341867446,0.6037333011627197,0.6909809112548828,0.1682493835687637,0.5393208265304565,0.7792971730232239,0.1044846624135971,0.5934845209121704,0.7051921486854553,0.1885887235403061,0.547806978225708,0.7719582319259644,0.1116835623979568,0.5856098532676697,0.6968033313751221,0.1846167147159576,0.549141526222229,0.7639685869216919,0.1043687313795089,0.5850450992584229,0.6909056901931763,0.1650952100753784,0.5540484189987183,0.808274507522583,-0.024390460923314,0.6214147806167603,0.805463969707489,0.0244448594748973,0.5320014953613281,0.9691621661186218,0.0746947973966598,0.6171160340309143,0.9793527722358704,0.1123607531189918,0.5221847295761108,1.115001201629639,0.2055329978466034,0.6126620769500732,1.130876541137695,0.209470123052597,0.5264357924461365,1.1467972993850708,0.2179780900478363,0.6112144589424133,1.1606589555740356,0.2209250479936599,0.5028511881828308,1.1227784156799316,0.2027522027492523,0.6142224669456482,1.1439762115478516,0.1883385479450225,5.309229373931885,neutro
1761586136.1928155,0,0.5804489850997925,0.4795519411563873,0.2237212359905243,0.5766655802726746,0.4644296765327453,0.182255282998085,0.573818564414978,0.4643087685108185,0.1821946203708648,0.5708702802658081,0.4643705785274505,0.1820656955242157,0.5849586129188538,0.464051753282547,0.1904463618993759,0.5880089998245239,0.4635877609252929,0.1903991401195526,0.5913369059562683,0.4632647633552551,0.1902340799570083,0.5662885904312134,0.4730972647666931,0.0330361388623714,0.5998231768608093,0.4718738198280334,0.0686933919787406,0.5773476362228394,0.4905632138252258,0.1774096339941024,0.5865034461021423,0.4919081330299377,0.1875935941934585,0.5277630090713501,0.5588741302490234,-0.0488479509949684,0.649385392665863,0.5627777576446533,0.0422779619693756,0.5015087723731995,0.6906708478927612,0.0041955853812396,0.6518930196762085,0.6777860522270203,0.1269758343696594,0.535164475440979,0.7307915091514587,0.2144680321216583,0.6062387228012085,0.6899065375328064,0.2724276185035705,0.5389693975448608,0.7442343831062317,0.2300091236829757,0.5956442952156067,0.7014603018760681,0.3018161654472351,0.5473781228065491,0.7353004813194275,0.2375427931547165,0.5880234837532043,0.6928595304489136,0.2933251559734344,0.5489417910575867,0.7292284369468689,0.2213863134384155,0.5882910490036011,0.687592089176178,0.2711914181709289,0.5541678667068481,0.807816207408905,-0.0263011567294597,0.6223888993263245,0.8052175641059875,0.0263817217200994,0.534174919128418,0.9687162637710572,0.0606777183711528,0.617525041103363,0.9766433835029602,0.1121125668287277,0.5225511789321899,1.1149208545684814,0.1688345968723297,0.6110272407531738,1.12870454788208,0.1950984001159668,0.526636004447937,1.1462416648864746,0.1790941059589386,0.6093434691429138,1.1584250926971436,0.2044602930545807,0.5023989677429199,1.124315857887268,0.1656508892774582,0.6123343706130981,1.1434547901153564,0.1825363337993621,5.35515284538269,neutro
1761586136.240088,0,0.587080180644989,0.4795078337192535,0.2489773780107498,0.5836643576622009,0.4643830955028534,0.2119398564100265,0.5809532403945923,0.4642769396305084,0.2118993103504181,0.5780229568481445,0.4643584191799164,0.2117686718702316,0.5916305184364319,0.4639711380004883,0.2170906066894531,0.5948032736778259,0.4635020494461059,0.2170203626155853,0.5984962582588196,0.4631809294223785,0.2168726921081543,0.5735597610473633,0.4730895161628723,0.0740177780389785,0.6073914766311646,0.4718235731124878,0.0946358293294906,0.5848761796951294,0.4904721081256866,0.2059889286756515,0.5933999419212341,0.4918116927146911,0.2121752053499221,0.5334526896476746,0.558772623538971,-0.0140327662229537,0.6552258133888245,0.563605546951294,0.0547258630394935,0.5076449513435364,0.6901835203170776,-0.0244100764393806,0.6614080667495728,0.6778455376625061,0.0642723888158798,0.533760666847229,0.7561272978782654,0.0642629042267799,0.617641806602478,0.7332323789596558,0.0832412019371986,0.5345762968063354,0.7790189385414124,0.0614383108913898,0.6088305711746216,0.7555151581764221,0.093702033162117,0.5436533689498901,0.7732139229774475,0.0735078305006027,0.6023176908493042,0.7497103810310364,0.091310866177082,0.5453197360038757,0.7638482451438904,0.0689671486616134,0.6026899218559265,0.7395613193511963,0.0814600959420204,0.559398353099823,0.8058723211288452,-0.0254756845533847,0.6260160803794861,0.8047024011611938,0.0254982765763998,0.5357186198234558,0.9682015180587769,0.0679364055395126,0.6199760437011719,0.9768699407577516,0.1121106371283531,0.5253295302391052,1.1133534908294678,0.1712948083877563,0.6103655099868774,1.1283520460128784,0.2122165411710739,0.5290291905403137,1.1443231105804443,0.1809987872838974,0.6079595685005188,1.1579163074493408,0.2238609343767166,0.5069178342819214,1.1227266788482666,0.1786109507083892,0.6121046543121338,1.1428580284118652,0.1928327679634094,5.402425289154053,neutro
1761586136.2877388,0,0.5886523127555847,0.4794547259807586,0.2641445696353912,0.5850593447685242,0.4643217623233795,0.2269909381866455,0.5821874141693115,0.4642156958580017,0.2269554883241653,0.5791842937469482,0.4642938673496246,0.2268123179674148,0.5934252142906189,0.463900625705719,0.2309832870960235,0.5965900421142578,0.4634277522563934,0.2309194058179855,0.6000922918319702,0.4631243348121643,0.2307562381029129,0.5745056867599487,0.4729909300804138,0.0876563563942909,0.6089615821838379,0.4717841446399688,0.1033140048384666,0.5858539938926697,0.4904058873653412,0.2207853347063064,0.595072329044342,0.491728812456131,0.2254025638103485,0.5351177453994751,0.556944727897644,-0.00421356363222,0.6560620665550232,0.5633670687675476,0.0589300580322742,0.5099107027053833,0.6900047659873962,-0.0263484623283147,0.6632627844810486,0.6780398488044739,0.0544739440083503,0.5339373350143433,0.757063627243042,0.0609588138759136,0.6210640668869019,0.7418127655982971,0.0666094943881034,0.5325004458427429,0.7836374640464783,0.0601655170321464,0.6125957369804382,0.7653425335884094,0.0772991254925727,0.5421633720397949,0.7780572175979614,0.0711774304509162,0.6059767603874207,0.7592073082923889,0.0772256180644035,0.5439242124557495,0.7681779861450195,0.0655149593949318,0.6066760420799255,0.7483565807342529,0.0657714679837226,0.5611549615859985,0.8034694790840149,-0.0247501879930496,0.6272810697555542,0.8017961978912354,0.0248575471341609,0.5369552373886108,0.968134582042694,0.0646487101912498,0.6213370561599731,0.9738733172416688,0.1096503287553787,0.5257343649864197,1.1125047206878662,0.1842143833637237,0.6099950075149536,1.1281224489212036,0.2105251252651214,0.5293926000595093,1.14337158203125,0.195970669388771,0.607014536857605,1.1577624082565308,0.2217965573072433,0.5078133344650269,1.1217552423477173,0.1823041588068008,0.6123412847518921,1.1417031288146973,0.1925384402275085,5.450076103210449,neutro
1761586136.3348906,0,0.5902319550514221,0.4794376492500305,0.2616561949253082,0.5864837169647217,0.464071124792099,0.224042609333992,0.5834700465202332,0.4639408886432647,0.2240094244480133,0.5803340077400208,0.4639963507652282,0.2238834798336029,0.5951661467552185,0.463771253824234,0.2295214235782623,0.598334014415741,0.4633484184741974,0.2294574528932571,0.6017148494720459,0.4630903899669647,0.2293066084384918,0.5756146311759949,0.4728939235210418,0.0832859724760055,0.6106647253036499,0.4717527329921722,0.105567418038845,0.5870887041091919,0.4903567135334015,0.2176870107650756,0.5965580940246582,0.4916616082191467,0.2242203950881958,0.537434458732605,0.5569355487823486,-0.0072698844596743,0.6584643125534058,0.5636359453201294,0.0673040524125099,0.5135698318481445,0.6896294951438904,-0.0261824131011962,0.6660316586494446,0.68067467212677,0.0750934332609176,0.5330525636672974,0.7629925012588501,0.0719782412052154,0.627722442150116,0.7485867142677307,0.1241412311792373,0.5303373336791992,0.7890584468841553,0.0727039873600006,0.6206594705581665,0.7720447778701782,0.1409596502780914,0.5397551655769348,0.7841732501983643,0.0837137326598167,0.6138959527015686,0.7657569050788879,0.1382674723863601,0.541545569896698,0.7740868330001831,0.0769837945699691,0.6141814589500427,0.7549681067466736,0.1235469803214073,0.5638226866722107,0.7995639443397522,-0.0251117050647735,0.6299694180488586,0.8002761006355286,0.0252269748598337,0.5384634137153625,0.9672887325286864,0.0407912768423557,0.6211026310920715,0.9731712937355042,0.1051746383309364,0.5279144644737244,1.112822413444519,0.1518808901309967,0.6092384457588196,1.127985596656799,0.1928762644529342,0.5316346883773804,1.1435765027999878,0.1625340431928634,0.6063481569290161,1.1576309204101562,0.2025113403797149,0.508715033531189,1.12375807762146,0.1398172080516815,0.6122837662696838,1.1413544416427612,0.1720655858516693,5.497227907180786,neutro
1761586136.3797958,0,0.5921180248260498,0.4785144031047821,0.2518815398216247,0.588040828704834,0.4632549285888672,0.2137975245714187,0.5850139856338501,0.4631527662277221,0.2137542963027954,0.5818526744842529,0.4632543921470642,0.2136281430721283,0.5968946218490601,0.4630079865455627,0.219610184431076,0.6000742316246033,0.4626771807670593,0.2195371836423874,0.6034125089645386,0.4625196158885956,0.2193751037120819,0.5769897699356079,0.4724414050579071,0.0728059262037277,0.6123966574668884,0.471514493227005,0.0969960913062095,0.5888983011245728,0.4898627698421478,0.2080165892839431,0.5986369848251343,0.4911007583141327,0.2149027585983276,0.5394044518470764,0.5559234023094177,-0.0046890149824321,0.6597456336021423,0.5634816884994507,0.048259325325489,0.5163965821266174,0.688210666179657,0.0042092753574252,0.670275092124939,0.6813867092132568,0.0648718401789665,0.5389397144317627,0.7585353255271912,0.1140087097883224,0.6402508020401001,0.7541166543960571,0.1301018297672271,0.540082573890686,0.7811843156814575,0.1201554089784622,0.6309627294540405,0.7835995554924011,0.1473687589168548,0.549405038356781,0.7752853631973267,0.1295682042837143,0.6247938275337219,0.7783669233322144,0.1450537145137787,0.5511982440948486,0.7657151818275452,0.1191956996917724,0.624545693397522,0.7671974897384644,0.1303106993436813,0.5653340220451355,0.797002911567688,-0.0168633423745632,0.6311074495315552,0.7998241782188416,0.0170033536851406,0.5389115810394287,0.9657437205314636,0.0505713522434234,0.6209923028945923,0.9710044264793396,0.1001916974782943,0.5261843800544739,1.1123645305633545,0.1748046576976776,0.6099857091903687,1.1277235746383667,0.1913004368543625,0.5299432873725891,1.1430160999298096,0.1860615313053131,0.606718122959137,1.1573867797851562,0.2014875710010528,0.5080631375312805,1.1240540742874146,0.1669824123382568,0.613041877746582,1.1420135498046875,0.1736399084329605,5.542133092880249,neutro
1761586136.4280715,0,0.593786895275116,0.4774259328842163,0.2625506222248077,0.5897829532623291,0.4623188376426697,0.2248719036579132,0.5867409706115723,0.4621732532978058,0.2248441874980926,0.5835763216018677,0.4622698426246643,0.2247089892625808,0.5986962914466858,0.4621830284595489,0.2301033437252044,0.6018771529197693,0.4619162976741791,0.2300725430250167,0.6052147746086121,0.4618265926837921,0.2299198359251022,0.5786327719688416,0.4713916182518005,0.0849542319774627,0.6142524480819702,0.47098308801651,0.1066852807998657,0.590328574180603,0.4888360798358917,0.2191356718540191,0.6004172563552856,0.4900253117084503,0.2255620658397674,0.5409659147262573,0.5515123605728149,0.0065431506372988,0.6615668535232544,0.5634487271308899,0.0584250018000602,0.5214297771453857,0.6836908459663391,0.0013321067672222,0.6733580827713013,0.6811380386352539,0.0687820613384246,0.5378168225288391,0.7581561207771301,0.101156935095787,0.6425610780715942,0.7532679438591003,0.1319492012262344,0.5393146276473999,0.7805768251419067,0.1037698984146118,0.6324378848075867,0.7847186923027039,0.1488167941570282,0.5488429069519043,0.7746278643608093,0.1152143478393554,0.6254525780677795,0.7790883183479309,0.1467687487602234,0.5507715940475464,0.7652071118354797,0.1062662377953529,0.6248935461044312,0.7678640484809875,0.1320793330669403,0.5669152736663818,0.7948127388954163,-0.016702439635992,0.6324390769004822,0.7985770106315613,0.0168498344719409,0.5385968089103699,0.9635518193244934,0.0500073544681072,0.6210941672325134,0.9697781205177308,0.0984844714403152,0.5262709856033325,1.113196611404419,0.1528914868831634,0.6106358170509338,1.1275676488876345,0.1836510151624679,0.5295369625091553,1.143573522567749,0.1618865430355072,0.6073033213615417,1.157096028327942,0.1927338391542434,0.5088608860969543,1.1259769201278689,0.1400257647037506,0.6129737496376038,1.1422126293182373,0.1642979085445404,5.590408802032471,neutro
1761586136.4749982,0,0.5942889451980591,0.4773883521556854,0.2612313330173492,0.5902097821235657,0.4623184204101562,0.2225709855556488,0.5871649384498596,0.4621729850769043,0.2225193530321121,0.5839588046073914,0.4622699618339538,0.2223624885082245,0.599036455154419,0.4621835649013519,0.2288600504398346,0.6022108793258667,0.4619198441505432,0.2287828177213668,0.6055126786231995,0.4618338346481323,0.2286235839128494,0.5793709754943848,0.4713272750377655,0.0782052353024482,0.6148195862770081,0.4709661304950714,0.1015064939856529,0.5908156633377075,0.4888133704662323,0.2153128832578659,0.6006060838699341,0.4899692237377167,0.2223105430603027,0.5427727699279785,0.5499194860458374,-3.497061334201135e-05,0.663823664188385,0.5633388757705688,0.0509841330349445,0.5197516679763794,0.6787950396537781,0.0053020729683339,0.675405740737915,0.6809144616127014,0.0725654661655426,0.538106381893158,0.748828113079071,0.1072038412094116,0.6450181603431702,0.7513095140457153,0.1594989746809005,0.5390592813491821,0.7738104462623596,0.1121482104063034,0.6333382725715637,0.7821270823478699,0.1806373447179794,0.5485698580741882,0.7679105997085571,0.1218221783638,0.6267238855361938,0.7766472101211548,0.17855104804039,0.5502424240112305,0.7590044736862183,0.1120978742837905,0.6262783408164978,0.7659093737602234,0.161049485206604,0.5684213042259216,0.793346643447876,-0.0160461105406284,0.6340246200561523,0.7977312803268433,0.0161709506064653,0.5392235517501831,0.9631211161613464,0.0522356033325195,0.6213452219963074,0.9688421487808228,0.0938469916582107,0.5283485651016235,1.1141817569732666,0.1460038721561432,0.6122947335243225,1.1274596452713013,0.1725025773048401,0.5313255786895752,1.1441534757614136,0.153962031006813,0.6094614863395691,1.156365990638733,0.1812878549098968,0.5114189982414246,1.1288379430770874,0.1323325335979461,0.6134175062179565,1.14264714717865,0.1551733016967773,5.637335538864136,neutro
1761586136.520849,0,0.594629168510437,0.4771642982959747,0.2443008422851562,0.5907430648803711,0.4621548950672149,0.2059842050075531,0.5877150893211365,0.4619946181774139,0.2059561312198639,0.5844689607620239,0.4620896279811859,0.2058435976505279,0.5993049740791321,0.4620882868766784,0.2112931460142135,0.6024131178855896,0.4618551433086395,0.2112473994493484,0.6056866645812988,0.46179860830307,0.2110825777053833,0.579581618309021,0.4711069464683532,0.0655491799116134,0.6150521039962769,0.4709528386592865,0.0875458568334579,0.5909280180931091,0.4887588918209076,0.2007289826869964,0.6003955602645874,0.4899036586284637,0.2073825150728225,0.5431789755821228,0.5497350692749023,-0.0122486194595694,0.6642951369285583,0.5632786154747009,0.0427028089761734,0.517626166343689,0.6753974556922913,0.0030327860731631,0.6773483157157898,0.6800431609153748,0.0870910733938217,0.5345929861068726,0.7475408911705017,0.1062109693884849,0.6492984294891357,0.7497645616531372,0.2019271552562713,0.5379741191864014,0.7786735892295837,0.1109180003404617,0.6354162693023682,0.7781211733818054,0.2266205102205276,0.5459496378898621,0.7643846869468689,0.1208959072828292,0.6290209889411926,0.7732207775115967,0.2236983478069305,0.54732346534729,0.7557691931724548,0.1111874207854271,0.6291163563728333,0.762558102607727,0.2039075642824173,0.5698932409286499,0.7926491498947144,-0.0170552134513854,0.6359435319900513,0.7967755198478699,0.0171272009611129,0.5407782793045044,0.9619594812393188,0.0692530423402786,0.6226049661636353,0.9665433764457704,0.1112388521432876,0.5292182564735413,1.1061103343963623,0.1865207850933075,0.6134998798370361,1.1273281574249268,0.2109816819429397,0.5323411822319031,1.1362967491149902,0.1979197412729263,0.6103960871696472,1.1562976837158203,0.2225245237350464,0.5119456052780151,1.1167553663253784,0.1904338151216507,0.614258348941803,1.1424933671951294,0.2042626589536667,5.683186292648315,neutro
1761586136.5675588,0,0.5990768671035767,0.4769222140312195,0.2553414702415466,0.5951969623565674,0.4619898200035095,0.2189415246248245,0.5923611521720886,0.4618105888366699,0.2189045846462249,0.5894101858139038,0.4618792235851288,0.2187868803739547,0.6035624742507935,0.4620036780834198,0.2226603031158447,0.6065875291824341,0.4618042707443237,0.2226186245679855,0.6098448634147644,0.4617756903171539,0.222465306520462,0.5846014618873596,0.4709361791610718,0.0835000723600387,0.6190412640571594,0.470945656299591,0.0988910943269729,0.596221923828125,0.4885608553886413,0.2132127285003662,0.6052619218826294,0.4897411465644836,0.2179726064205169,0.5470520257949829,0.5485697388648987,0.0116639304906129,0.666845440864563,0.5632478594779968,0.0465948246419429,0.5197553634643555,0.6738831400871277,0.0150428842753171,0.6781412363052368,0.6794226765632629,0.0925986617803573,0.5390716195106506,0.7473782300949097,0.1134084090590477,0.6437067985534668,0.7478208541870117,0.1994766294956207,0.5407050251960754,0.7799628376960754,0.1179287433624267,0.6328545808792114,0.7743576765060425,0.2233772724866867,0.5517221093177795,0.7637032270431519,0.1289818584918975,0.625859260559082,0.7690783143043518,0.2197522222995758,0.5528587102890015,0.7550419569015503,0.1183339804410934,0.6258013844490051,0.7587694525718689,0.200419470667839,0.5716764330863953,0.7900879979133606,-0.0134655032306909,0.6363192796707153,0.7952092885971069,0.0135644702240824,0.5427635908126831,0.9606325030326844,0.0444901920855045,0.6236360669136047,0.966615915298462,0.0824595019221305,0.529758095741272,1.1059691905975342,0.1298000663518905,0.6140488982200623,1.121945023536682,0.1532674878835678,0.5322762727737427,1.135388970375061,0.1371452808380127,0.6108720898628235,1.148805022239685,0.1617299616336822,0.5131431221961975,1.11835515499115,0.1134493127465248,0.6159002184867859,1.1410000324249268,0.1345404982566833,5.729896068572998,neutro
1761586136.6143603,0,0.6003221869468689,0.476919949054718,0.2506318092346191,0.5968512296676636,0.4619917571544647,0.2166334390640258,0.5940736532211304,0.4618095159530639,0.216560959815979,0.5911598801612854,0.4618757963180542,0.2164201289415359,0.6048865914344788,0.4620484113693237,0.220637708902359,0.6078025102615356,0.4618706107139587,0.2205730676651001,0.6109461188316345,0.4618664979934692,0.2204384505748748,0.5858839750289917,0.4709211885929107,0.0781742632389068,0.6199069023132324,0.4710207879543304,0.0962603241205215,0.5972268581390381,0.4885519742965698,0.2118352204561233,0.6059448719024658,0.4897295832633972,0.216475173830986,0.5471464991569519,0.5479992628097534,0.0043171099387109,0.6692203283309937,0.5632641315460205,0.0529105961322784,0.519633412361145,0.6721331477165222,0.0121722165495157,0.6756624579429626,0.6771002411842346,0.0806413888931274,0.5505935549736023,0.736697793006897,0.1039602383971214,0.631385326385498,0.7110108137130737,0.1333157867193222,0.5534145832061768,0.7569052577018738,0.107151910662651,0.6239008903503418,0.7259194254875183,0.1502268016338348,0.5635434985160828,0.746910810470581,0.1184238046407699,0.6156083941459656,0.7170102000236511,0.1482875049114227,0.5653941035270691,0.7388709187507629,0.1089004278182983,0.6151574850082397,0.7097117900848389,0.1325290501117706,0.5726212859153748,0.7904747128486633,-0.0150859104469418,0.6370189189910889,0.7951624393463135,0.0152104794979095,0.5447003245353699,0.9598209857940674,0.0372133627533912,0.6235796213150024,0.9670661091804504,0.0785058587789535,0.5319246053695679,1.1029794216156006,0.1315598785877227,0.6174047589302063,1.1207983493804932,0.1499754786491394,0.5345474481582642,1.1319321393966677,0.1399175971746444,0.6155186891555786,1.1473008394241333,0.1580486744642257,0.5148438215255737,1.1170085668563845,0.1171412616968154,0.6190720200538635,1.1409610509872437,0.1275190711021423,5.776697635650635,neutro
1761586136.6615736,0,0.6004713177680969,0.4769619703292846,0.2493736743927002,0.5971159338951111,0.4620043933391571,0.2139221131801605,0.5943399667739868,0.4618096947669983,0.2138607501983642,0.5913881063461304,0.461871474981308,0.2137239426374435,0.605023205280304,0.4621219336986542,0.2187138348817825,0.607930064201355,0.4619543850421905,0.2186638861894607,0.6110684275627136,0.4619647860527038,0.218522235751152,0.5861367583274841,0.4707377552986145,0.0762215703725814,0.6199917197227478,0.4710282981395721,0.0987625196576118,0.5972721576690674,0.4885452687740326,0.2090898305177688,0.605956494808197,0.4897177517414093,0.2149401158094406,0.5469803214073181,0.5473667979240417,0.0011172539088875,0.67017662525177,0.5633732676506042,0.060666836798191,0.5186339616775513,0.6712806224822998,0.0054618529975414,0.6745021343231201,0.6762675642967224,0.0908857360482215,0.5509052276611328,0.7342880368232727,0.0981712564826011,0.6272586584091187,0.7026302814483643,0.1558443307876587,0.5544308423995972,0.7521902918815613,0.1009079068899154,0.6204166412353516,0.7158971428871155,0.1770537048578262,0.5643445253372192,0.7435254454612732,0.1131042465567588,0.6113423705101013,0.7066349387168884,0.1741387993097305,0.5659582614898682,0.7356158494949341,0.1035844907164573,0.6108024716377258,0.6998002529144287,0.1547695249319076,0.5721639394760132,0.7907876968383789,-0.0165521930903196,0.6378728747367859,0.7947149872779846,0.0166732836514711,0.5445571541786194,0.9595803618431092,0.0418703742325305,0.6249039173126221,0.9669013619422911,0.0840747877955436,0.5312192440032959,1.1031793355941772,0.1304704546928405,0.6185692548751831,1.120269536972046,0.155412882566452,0.5338636636734009,1.132365345954895,0.1383000910282135,0.6163682341575623,1.1473456621170044,0.1634431779384613,0.5145921111106873,1.116654634475708,0.1201940551400184,0.6199567914009094,1.1383229494094849,0.1386879831552505,5.82391095161438,neutro
1761586136.7079844,0,0.6004910469055176,0.4772825241088867,0.2485497295856475,0.5972563028335571,0.4622392654418945,0.2135029584169387,0.5944889783859253,0.4619607627391815,0.2134351730346679,0.5915188789367676,0.4619567990303039,0.2132856100797653,0.6049589514732361,0.4625850021839142,0.2175928056240081,0.6077817678451538,0.4624809324741363,0.2175390422344207,0.6108441948890686,0.4625553488731384,0.2173970639705658,0.5862335562705994,0.4707283675670624,0.0719446390867233,0.6196534037590027,0.4713081121444702,0.0971816852688789,0.5972260236740112,0.4886316061019897,0.2084585130214691,0.6057356595993042,0.4898706376552582,0.2136153876781463,0.5470625162124634,0.5468711256980896,-0.0099251559004187,0.6698817014694214,0.5632882714271545,0.0610589757561683,0.5180212259292603,0.6686509847640991,0.0034982711076736,0.6737103462219238,0.6717616319656372,0.1123601198196411,0.5519428849220276,0.717109739780426,0.1296139061450958,0.62563157081604,0.6871957182884216,0.22347953915596,0.5563212633132935,0.7310804128646851,0.137817844748497,0.6180320978164673,0.6980897188186646,0.2513742446899414,0.5667030215263367,0.7217214703559875,0.147842526435852,0.6090440154075623,0.6887882947921753,0.2483772784471511,0.5681949853897095,0.7151753902435303,0.1353755295276641,0.6088201999664307,0.6829710006713867,0.2241688072681427,0.5717924237251282,0.7909919023513794,-0.0204507205635309,0.6378864049911499,0.7939341068267822,0.0205630641430616,0.544521689414978,0.9593562483787536,0.0359763018786907,0.625545859336853,0.9668248891830444,0.0818020701408386,0.5324072241783142,1.1064441204071045,0.104499414563179,0.618701696395874,1.120475172996521,0.1324891149997711,0.5361368060112,1.1363043785095217,0.1107030510902404,0.616590142250061,1.1479840278625488,0.1385379135608673,0.5141221880912781,1.1199586391448977,0.0967995077371597,0.6193493604660034,1.1384506225585938,0.1173401474952697,5.870321750640869,neutro
1761586136.7539928,0,0.6010376214981079,0.4776538014411926,0.2367805242538452,0.5977131128311157,0.4625725746154785,0.2007251977920532,0.5949373841285706,0.4622620642185211,0.2006679773330688,0.5919446349143982,0.4622117280960083,0.2005261480808258,0.6054843068122864,0.4628610014915466,0.2054336816072464,0.6083387136459351,0.4627066552639007,0.2053991258144378,0.6114214062690735,0.4627329707145691,0.2052522450685501,0.586615800857544,0.4707496762275696,0.0676517933607101,0.619996190071106,0.4713551104068756,0.0906624346971511,0.5976740121841431,0.4888893365859985,0.1979869604110717,0.6063575744628906,0.4899677336215973,0.2037932872772216,0.5481688380241394,0.5467334389686584,-0.0107832252979278,0.6696857213973999,0.5627421140670776,0.0603729858994483,0.5196198225021362,0.6676235795021057,0.0028250482864677,0.6735978126525879,0.6682227253913879,0.1066145524382591,0.5560322999954224,0.7150977849960327,0.1223483905196189,0.6220759749412537,0.6788921356201172,0.2023972272872924,0.5611645579338074,0.7293156385421753,0.1333607733249664,0.6149836778640747,0.6877562999725342,0.2270830869674682,0.5718638896942139,0.7197033166885376,0.1417465507984161,0.6057407259941101,0.678549587726593,0.2245686799287796,0.5732111930847168,0.7132266163825989,0.1274977624416351,0.6051532030105591,0.6737315654754639,0.2030006200075149,0.5715380907058716,0.7908729910850525,-0.0202200524508953,0.6374669075012207,0.7933221459388733,0.0203367136418819,0.5464118719100952,0.9567759037017822,0.0383734479546546,0.6256731748580933,0.9660750031471252,0.0816618278622627,0.5330039858818054,1.1008211374282837,0.1247984766960144,0.6202521324157715,1.120289921760559,0.1394933015108108,0.5366414189338684,1.1312536001205444,0.132475197315216,0.618137776851654,1.1481367349624634,0.1465671211481094,0.5148698687553406,1.111545205116272,0.1173615604639053,0.6213678121566772,1.1376583576202393,0.1250854879617691,5.916330099105835,neutro
1761586136.8000271,0,0.6013563871383667,0.4784183800220489,0.2340148389339447,0.5979862809181213,0.4634614586830139,0.197392538189888,0.5951944589614868,0.4631166160106659,0.1973339319229126,0.5921632051467896,0.4629949331283569,0.1971886307001114,0.6058592796325684,0.4636410474777221,0.2021038830280304,0.6087451577186584,0.4634034931659698,0.2020707130432129,0.6118502020835876,0.4633427858352661,0.2019140273332595,0.5868831872940063,0.4710071384906769,0.0663671344518661,0.6202989816665649,0.4715460538864136,0.0875068455934524,0.597827672958374,0.4894537627696991,0.1951246857643127,0.6066616773605347,0.4903151094913482,0.2008530348539352,0.5486640930175781,0.5468165874481201,-0.0089112892746925,0.6693481206893921,0.5626136064529419,0.0567624196410179,0.5207093358039856,0.6681699752807617,0.0059185284189879,0.6723721623420715,0.6654468774795532,0.0933815389871597,0.5604183673858643,0.7105900645256042,0.1294595301151275,0.6203267574310303,0.6730660796165466,0.1959940493106842,0.5656765699386597,0.7237571477890015,0.1407367885112762,0.613564133644104,0.6803494095802307,0.2242167741060257,0.5771348476409912,0.7138999104499817,0.1499315649271011,0.6043940782546997,0.6713345646858215,0.2159901559352874,0.5785817503929138,0.708014726638794,0.1350323855876922,0.6037869453430176,0.6671765446662903,0.2008320540189743,0.5711811780929565,0.7908155918121338,-0.0145571948960423,0.6371020078659058,0.7928023934364319,0.0146549958735704,0.5472251772880554,0.9547201991081238,0.048990610986948,0.6254671812057495,0.9649524092674256,0.0735206380486488,0.5325609445571899,1.096303939819336,0.131585419178009,0.6200962066650391,1.1195626258850098,0.1253608912229538,0.5360971689224243,1.126847743988037,0.1390990018844604,0.6173814535140991,1.1479144096374512,0.1317556202411651,0.5146351456642151,1.1062015295028689,0.1249118000268936,0.6210778951644897,1.1362093687057495,0.1117036119103431,5.962364435195923,neutro
1761586136.845929,0,0.602330207824707,0.478619635105133,0.2307737618684768,0.5989352464675903,0.4637036919593811,0.1945841461420059,0.5961405038833618,0.4633315205574035,0.194534346461296,0.593122124671936,0.4631638526916504,0.1943868696689605,0.606787919998169,0.463854432106018,0.198585033416748,0.6096499562263489,0.4635907411575317,0.1985708028078079,0.6127458810806274,0.463504821062088,0.1984283477067947,0.5878503322601318,0.4710294902324676,0.0661835521459579,0.6209338307380676,0.4716383516788482,0.0841202586889267,0.5988110899925232,0.4895534813404083,0.1925736963748932,0.6076880693435669,0.4904050230979919,0.1975331306457519,0.5494736433029175,0.5467746257781982,-0.0027232696302235,0.6688203811645508,0.5625060796737671,0.0466450825333595,0.5209203958511353,0.6682725548744202,0.0196271426975727,0.6715345978736877,0.6648312211036682,0.0848961845040321,0.5618962049484253,0.7078700661659241,0.1511326134204864,0.6203849911689758,0.6767076253890991,0.1916729360818863,0.5679222345352173,0.7209614515304565,0.1640591323375702,0.6145588159561157,0.6845561265945435,0.2164534777402877,0.579677939414978,0.7112470865249634,0.1728454083204269,0.6047824621200562,0.6755387783050537,0.2120901048183441,0.580782949924469,0.7054779529571533,0.1567695289850235,0.6041133999824524,0.6710565090179443,0.1940630674362182,0.5711027979850769,0.78962242603302,-0.004442564677447,0.6368149518966675,0.790152370929718,0.0045108692720532,0.5482069253921509,0.9542058706283568,0.0740605294704437,0.6253088116645813,0.9620481133461,0.070190817117691,0.531326413154602,1.09196937084198,0.1500213891267776,0.6195710301399231,1.119609236717224,0.1255566328763961,0.5331705808639526,1.1222749948501587,0.1572175920009613,0.6165662407875061,1.1481903791427612,0.1328210085630417,0.5146936178207397,1.1020393371582031,0.1526936590671539,0.6222885847091675,1.1362032890319824,0.1155494824051857,6.00826621055603,neutro
1761586136.8921075,0,0.6031693816184998,0.4791812598705292,0.2166071385145187,0.5995932817459106,0.4642058610916137,0.1800175905227661,0.59682697057724,0.4637964963912964,0.17996546626091,0.5938387513160706,0.4635747075080871,0.179821029305458,0.6072611212730408,0.4643038511276245,0.183401882648468,0.6100279092788696,0.4639945328235626,0.1834003180265426,0.613054633140564,0.4638694822788238,0.1832563579082489,0.5884166955947876,0.4712033271789551,0.054199744015932,0.6209122538566589,0.4718910753726959,0.0685109868645668,0.5997762680053711,0.4899616241455078,0.1789314597845077,0.6084269285202026,0.4908095896244049,0.1832641363143921,0.5498175621032715,0.5467090010643005,-0.0034350347705185,0.6684568524360657,0.5624110102653503,0.0269069429486989,0.5212816596031189,0.6666663885116577,0.0235565863549709,0.670993983745575,0.6599788665771484,0.0612357445061206,0.5637003779411316,0.6970756649971008,0.1620717346668243,0.6205530166625977,0.6711514592170715,0.1661052405834198,0.5697314143180847,0.7076345682144165,0.1765642315149307,0.6156166195869446,0.6773868203163147,0.1925942450761795,0.5812638998031616,0.6977187991142273,0.1860247552394867,0.6055690050125122,0.6690319776535034,0.1926293671131134,0.5823280811309814,0.6930444240570068,0.1683487147092819,0.6048709154129028,0.6652939915657043,0.1689353883266449,0.5710665583610535,0.7882964015007019,0.0031921982299536,0.6367475986480713,0.7880308032035828,-0.0031261469703167,0.549268364906311,0.9502547979354858,0.0780865401029586,0.6251903772354126,0.9596878290176392,0.0595178306102752,0.5305137038230896,1.084471583366394,0.1505953222513198,0.6191754341125488,1.1177475452423096,0.1089161038398742,0.5309589505195618,1.1135008335113523,0.1574194878339767,0.6159217357635498,1.1463485956192017,0.1155276075005531,0.5155925750732422,1.0973373651504517,0.1520243138074875,0.6238812208175659,1.135714411735535,0.0987838059663772,6.054444789886475,neutro
1761586136.93917,0,0.6022984385490417,0.4795388281345367,0.2205152511596679,0.598391056060791,0.4651356935501098,0.1844112575054168,0.5955442190170288,0.4647184610366821,0.184360384941101,0.5925123691558838,0.4644537568092346,0.1842190027236938,0.6061366200447083,0.4651327431201935,0.1880281269550323,0.6087461709976196,0.4647600054740906,0.1880050599575042,0.6115003824234009,0.4645667672157287,0.1878495216369629,0.5875929594039917,0.4716412425041199,0.0642266049981117,0.6184436082839966,0.4722728729248047,0.0716934576630592,0.5983157157897949,0.4902931451797485,0.1824368387460708,0.6070914268493652,0.4911568760871887,0.1861715763807296,0.5478139519691467,0.5469128489494324,0.0016300523420795,0.6630141139030457,0.5597495436668396,0.0312602370977401,0.5215640664100647,0.6683728694915771,0.0135096013545989,0.6629751324653625,0.6558125615119934,0.0567896775901317,0.5610707998275757,0.7048081159591675,0.1121594086289405,0.617684006690979,0.6707376837730408,0.1490443050861358,0.5664128661155701,0.7157899737358093,0.1216768845915794,0.6136233806610107,0.6772101521492004,0.173301562666893,0.5775752663612366,0.7066310048103333,0.130628302693367,0.6040952801704407,0.6680446267127991,0.1770875453948974,0.5787436366081238,0.7012488842010498,0.1167043671011924,0.6028803586959839,0.6643968224525452,0.1521606594324112,0.5707842111587524,0.7874314188957214,-7.630488835275173e-05,0.6344217658042908,0.786159336566925,0.0001375115389237,0.5496610403060913,0.9500023126602172,0.0801490694284439,0.6226879954338074,0.9569938778877258,0.0651028603315353,0.5331558585166931,1.0829654932022097,0.1662810444831848,0.6198917031288147,1.1136276721954346,0.1234349980950355,0.5342124700546265,1.113023281097412,0.1745100617408752,0.6162776947021484,1.1431304216384888,0.1320873200893402,0.5213731527328491,1.0923511981964111,0.1663916260004043,0.6263709664344788,1.1286762952804563,0.1113362461328506,6.101507186889648,neutro
1761586136.9853132,0,0.5990967154502869,0.4813986718654632,0.2228148281574249,0.5949952006340027,0.4674161374568939,0.1865562945604324,0.5920546054840088,0.466918796300888,0.1865076422691345,0.5890668630599976,0.4665805101394653,0.1863671839237213,0.6029328107833862,0.4674750864505768,0.1905621290206909,0.6055065393447876,0.4670388996601105,0.1905345469713211,0.6080864071846008,0.4667700529098511,0.1903785318136215,0.5844568610191345,0.473017543554306,0.0666723400354385,0.6148159503936768,0.4735940098762512,0.0736949741840362,0.5945788025856018,0.4917190372943878,0.184227630496025,0.6033890247344971,0.4928844571113586,0.1884243339300155,0.5446580648422241,0.5484814047813416,0.0018275262555107,0.6593962907791138,0.5595199465751648,0.0348032526671886,0.5213780999183655,0.6725243330001831,0.005376941524446,0.658664882183075,0.6567237377166748,0.0674210786819458,0.559750497341156,0.7296532392501831,0.0997638255357742,0.6158009767532349,0.6725924611091614,0.1815519630908966,0.5648084878921509,0.7469395399093628,0.1078792810440063,0.6118348836898804,0.6793013215065002,0.2073202133178711,0.5761726498603821,0.7387133836746216,0.1167779415845871,0.602430522441864,0.6696235537528992,0.2113368064165115,0.57731032371521,0.7311250567436218,0.1041815727949142,0.6007521152496338,0.6659851670265198,0.1847702413797378,0.5689761638641357,0.7875562906265259,-0.00166091916617,0.6320719718933105,0.7865073680877686,0.0017635563854128,0.5495113134384155,0.949770212173462,0.0896619036793708,0.6220396161079407,0.9562609791755676,0.078681580722332,0.5338385701179504,1.0782698392868042,0.1951005458831787,0.6196843385696411,1.1142781972885132,0.1588270664215088,0.535739541053772,1.109234094619751,0.205594390630722,0.61599200963974,1.145208477973938,0.1685585379600525,0.5213527679443359,1.0823277235031128,0.1997317224740982,0.6260346174240112,1.129043698310852,0.1475105285644531,6.147650480270386,neutro
1761586137.0317757,0,0.5973643064498901,0.4819317460060119,0.2335704267024994,0.5931004285812378,0.4681132435798645,0.2006948888301849,0.5901427268981934,0.4676779210567474,0.2006336450576782,0.5871508121490479,0.4674130082130432,0.2004671543836593,0.6010561585426331,0.4681254625320434,0.2029060572385788,0.6036156415939331,0.4677154719829559,0.2028686702251434,0.6061693429946899,0.4674816727638244,0.2027287185192108,0.582237720489502,0.4738999605178833,0.0815858989953994,0.6126248240470886,0.4743111431598663,0.0874577760696411,0.5927373766899109,0.4922240376472473,0.1969321519136428,0.6015024185180664,0.4933646619319916,0.1993047297000885,0.5420563220977783,0.5503751039505005,0.0151995001360774,0.6573683023452759,0.5593662261962891,0.0440380051732063,0.5215411186218262,0.6761573553085327,0.0134407533332705,0.6546815037727356,0.6574474573135376,0.0614454224705696,0.5593169331550598,0.7307939529418945,0.1079409942030906,0.6132919192314148,0.6862310171127319,0.1131964176893234,0.5642633438110352,0.7478275299072266,0.1134280189871788,0.6083494424819946,0.6982064843177795,0.1282823532819748,0.5754598379135132,0.7390591502189636,0.120331272482872,0.5994543433189392,0.6876868605613708,0.1303178817033767,0.5768023133277893,0.7315055727958679,0.1109987497329711,0.5977155566215515,0.6818472146987915,0.1136990636587143,0.568048894405365,0.7876449227333069,-0.0023601672146469,0.6300811767578125,0.7866442799568176,0.0024415429215878,0.549324631690979,0.949137270450592,0.097208134829998,0.618436872959137,0.9566606283187866,0.0841661542654037,0.5348688960075378,1.079302191734314,0.2100115269422531,0.6195016503334045,1.114376187324524,0.1730313450098037,0.5369735360145569,1.1101796627044678,0.2208724319934845,0.6157928705215454,1.1449767351150513,0.1832467168569564,0.5230146050453186,1.0843979120254517,0.2129717767238617,0.6259532570838928,1.1286267042160034,0.1604394912719726,6.19411301612854,neutro
1761586137.079182,0,0.5941712260246277,0.4826456606388092,0.2388484477996826,0.5899912714958191,0.4689437448978424,0.2059654742479324,0.5869615077972412,0.4684668183326721,0.2059029638767242,0.5839282274246216,0.4681439101696014,0.2057442367076873,0.5981928110122681,0.4690455198287964,0.2088661938905716,0.600858747959137,0.4686441719532013,0.2088078260421753,0.6034572124481201,0.4684266746044159,0.2086571753025055,0.5788335204124451,0.4742508828639984,0.0834042653441429,0.6101688742637634,0.4748035967350006,0.0939352586865425,0.5891944169998169,0.4926921725273132,0.2014432400465011,0.5983690023422241,0.4940550029277801,0.2046190053224563,0.5390284061431885,0.5507816076278687,0.0126208215951919,0.6554645299911499,0.5593843460083008,0.0572487488389015,0.5207257270812988,0.6774114966392517,0.0086215278133749,0.6523109674453735,0.6623890399932861,0.0676846653223037,0.5574659705162048,0.7423069477081299,0.1021983847022056,0.6110453009605408,0.6899279952049255,0.1342776715755462,0.5620709657669067,0.761821985244751,0.1073912158608436,0.6055963635444641,0.7027458548545837,0.1524555385112762,0.5727016925811768,0.7536648511886597,0.1155443638563156,0.597272515296936,0.691889226436615,0.1529274135828018,0.5742827653884888,0.7452122569084167,0.1059507131576538,0.5954245328903198,0.685806155204773,0.1347564905881881,0.5655044317245483,0.7879434823989868,-0.0068766474723815,0.6280965805053711,0.7875185012817383,0.006932757794857,0.5491876602172852,0.9493162035942078,0.0896760374307632,0.6164287328720093,0.9573404788970948,0.0855870842933654,0.5349138379096985,1.0784015655517578,0.194975197315216,0.61946702003479,1.117501735687256,0.1677697300910949,0.5378121733665466,1.1097382307052612,0.2050846070051193,0.6156991720199585,1.149086833000183,0.1769620925188064,0.5222309827804565,1.0807586908340454,0.1956282556056976,0.6257712841033936,1.1291091442108154,0.1539882123470306,6.241519212722778,neutro
1761586137.1246438,0,0.5898110270500183,0.4835651814937591,0.2598413825035095,0.585918664932251,0.4700391888618469,0.2253105640411377,0.5831817984580994,0.4695128500461578,0.2252619564533233,0.580424427986145,0.4691253900527954,0.2251162827014923,0.593944787979126,0.4701587855815887,0.2296231687068939,0.5968016982078552,0.469721645116806,0.2295490056276321,0.5996717810630798,0.4694581925868988,0.229401633143425,0.5758797526359558,0.4747476875782013,0.0971365943551063,0.6072009205818176,0.4755080640316009,0.1141839995980262,0.5856595635414124,0.4933642745018005,0.2206150740385055,0.5944598913192749,0.4948823750019073,0.2256235778331756,0.5364275574684143,0.5511067509651184,0.0202425755560398,0.6543579697608948,0.5597327947616577,0.0754610225558281,0.5185316205024719,0.6784290075302124,0.0032571305055171,0.6529260873794556,0.6668106317520142,0.0915547311305999,0.5409730672836304,0.7597007751464844,0.0876131132245063,0.6120158433914185,0.7079302668571472,0.1541859656572342,0.5475377440452576,0.7861136198043823,0.0892505496740341,0.6062132120132446,0.7240352034568787,0.1647049784660339,0.5573008060455322,0.7794435620307922,0.099327877163887,0.5979433059692383,0.7140005826950073,0.1610867977142334,0.5593023300170898,0.7692241668701172,0.0915578752756118,0.5962127447128296,0.7065075635910034,0.1521341502666473,0.5632287263870239,0.7880100011825562,-0.0084009412676095,0.6265079379081726,0.7879860997200012,0.0084600243717432,0.5488861799240112,0.949867308139801,0.0870551615953445,0.6137270927429199,0.9644449949264526,0.0839799046516418,0.5347983241081238,1.079136610031128,0.2080962359905243,0.6174830198287964,1.1265116930007937,0.1738811433315277,0.5377463102340698,1.1098891496658323,0.2208386659622192,0.6131874322891235,1.157629132270813,0.1840993463993072,0.5217933058738708,1.0833290815353394,0.2067214250564575,0.6251422762870789,1.1385672092437744,0.1532515883445739,6.286981105804443,neutro
1761586137.1728857,0,0.58835369348526,0.4848211705684662,0.2552710473537445,0.5844433307647705,0.4713415503501892,0.2210533171892166,0.5817166566848755,0.4707570672035217,0.2209969013929367,0.5789714455604553,0.4703175127506256,0.2208518534898758,0.5924107432365417,0.4715208113193512,0.2244690954685211,0.5952813625335693,0.4711050391197204,0.2244154661893844,0.5981656908988953,0.4708661735057831,0.2242695093154907,0.5743023753166199,0.4757830500602722,0.0956081077456474,0.6053146123886108,0.4767027199268341,0.1087792366743087,0.5843420028686523,0.4943042695522308,0.2170529812574386,0.5929455757141113,0.4960633814334869,0.2211449444293975,0.5340351462364197,0.5511482357978821,0.0264436695724725,0.6511490941047668,0.5597410798072815,0.0681370049715042,0.5114870071411133,0.6782538294792175,0.0040888185612857,0.652759313583374,0.6683468222618103,0.0666331797838211,0.540913462638855,0.7549408674240112,0.0843273103237152,0.6118100881576538,0.7262045741081238,0.0958956554532051,0.5461288690567017,0.7774814963340759,0.0849581807851791,0.6053457260131836,0.7461325526237488,0.1032220125198364,0.5563070774078369,0.7703437209129333,0.093572974205017,0.5975939035415649,0.7390232086181641,0.1029908210039138,0.557998776435852,0.7611139416694641,0.0876628383994102,0.5962446331977844,0.7300706505775452,0.0946845337748527,0.5615202188491821,0.7881042957305908,-0.0018368724267929,0.6233018040657043,0.7892130017280579,0.0018967926735058,0.5479695200920105,0.9497445225715636,0.1144685521721839,0.6125494837760925,0.9661575555801392,0.0838728696107864,0.533753514289856,1.0719876289367676,0.261705219745636,0.6171947717666626,1.1265928745269775,0.1959178149700164,0.5354495048522949,1.1009392738342283,0.2760306596755981,0.6124042868614197,1.1568797826766968,0.208613246679306,0.5219511389732361,1.0783703327178955,0.2653127312660217,0.6263953447341919,1.140973687171936,0.1764053255319595,6.335222959518433,neutro
1761586137.2202682,0,0.5872463583946228,0.484980046749115,0.2562881112098694,0.5830427408218384,0.4715074598789215,0.2214375734329223,0.5802112221717834,0.4709223806858063,0.2213762998580932,0.5773877501487732,0.4704941511154175,0.2212278842926025,0.5913882255554199,0.4717346429824829,0.2243595421314239,0.5943350791931152,0.471341073513031,0.2243196219205856,0.5972606539726257,0.4711229205131531,0.2241743803024292,0.5723863244056702,0.476034939289093,0.0933291316032409,0.6042779684066772,0.4769291877746582,0.1058314070105552,0.5828863382339478,0.4943609237670898,0.2172570675611496,0.5917868614196777,0.4962111115455627,0.221074104309082,0.5318254232406616,0.5511259436607361,0.0264181829988956,0.6472510099411011,0.5597165822982788,0.0616064742207527,0.5032097101211548,0.6776219010353088,0.0126764830201864,0.6526999473571777,0.6705371737480164,0.0633411705493927,0.5290494561195374,0.7512452602386475,0.0881555452942848,0.6127337217330933,0.7423816323280334,0.1064715757966041,0.5398751497268677,0.7723572254180908,0.091250866651535,0.606134831905365,0.7639181017875671,0.1158022060990333,0.5503339767456055,0.764922022819519,0.1003568768501281,0.5993796586990356,0.7577360272407532,0.1158267259597778,0.5517250895500183,0.7561661005020142,0.0901366248726844,0.5984755754470825,0.7478668689727783,0.1060321480035781,0.559492290019989,0.7901852130889893,0.0026839959900826,0.6201778650283813,0.7918631434440613,-0.002633953699842,0.5474381446838379,0.9498281478881836,0.1194167509675026,0.6116973757743835,0.968694508075714,0.0888422951102256,0.5337212085723877,1.073455572128296,0.2869556844234466,0.6149924993515015,1.1262284517288208,0.2281203716993332,0.534730076789856,1.1017032861709597,0.3034634590148926,0.608819842338562,1.156479001045227,0.2433333694934845,0.5238102674484253,1.0808135271072388,0.2931210398674011,0.6261215806007385,1.1410788297653198,0.2124328166246414,6.38260555267334,neutro
1761586137.2656856,0,0.5834538340568542,0.486190527677536,0.2777327299118042,0.5791035890579224,0.4728372395038605,0.2408984154462814,0.5762682557106018,0.4723394215106964,0.2408692836761474,0.5733279585838318,0.4720226526260376,0.2407491505146026,0.5877404808998108,0.4730464518070221,0.2444294393062591,0.5908894538879395,0.4727334380149841,0.2443486899137497,0.5940719842910767,0.4725922048091888,0.2441930472850799,0.5682939291000366,0.4780231714248657,0.1053063869476318,0.6012508869171143,0.4785764813423157,0.1193415075540542,0.5791231393814087,0.495468258857727,0.235848069190979,0.5881729125976562,0.4973075985908508,0.2400295734405517,0.5297808647155762,0.5516600012779236,0.0285222176462411,0.6438637971878052,0.5597341060638428,0.0646602883934974,0.5008033514022827,0.6780470609664917,-0.0007532841991633,0.6525880098342896,0.6707434058189392,0.0748240575194358,0.515833854675293,0.7686367034912109,0.0646697580814361,0.6154553890228271,0.741985559463501,0.1482496708631515,0.5205378532409668,0.8012735247612,0.0632723867893219,0.6086024045944214,0.7642300128936768,0.1602494120597839,0.5300098657608032,0.7976629137992859,0.0738285481929779,0.6022771596908569,0.7582207918167114,0.1613731831312179,0.5313867330551147,0.7863052487373352,0.0679663270711898,0.6017115116119385,0.7479974031448364,0.1487198173999786,0.5573075413703918,0.7904000878334045,0.0027642711065709,0.6187427043914795,0.7924581170082092,-0.0027254535816609,0.5458790063858032,0.950217068195343,0.1085057631134986,0.6104243993759155,0.9714537858963012,0.0851616412401199,0.5332688093185425,1.0733237266540527,0.2699539065361023,0.6142369508743286,1.1277124881744385,0.2143998146057129,0.5339841246604919,1.0997356176376345,0.286469429731369,0.6077898144721985,1.1563814878463743,0.2286710739135742,0.523572564125061,1.081047773361206,0.2705117166042328,0.6259502172470093,1.1463271379470823,0.1930325478315353,6.428022861480713,neutro
1761586137.311191,0,0.5784602761268616,0.4861506521701813,0.2552318274974823,0.5736163854598999,0.4726996123790741,0.2161719352006912,0.5705925226211548,0.4722160100936889,0.2161185294389724,0.5673995614051819,0.4719252586364746,0.2159837782382965,0.5825977921485901,0.4729056358337402,0.2190075814723968,0.5857244729995728,0.4725911319255829,0.21896593272686,0.5890591740608215,0.4724444150924682,0.2188194096088409,0.5612047910690308,0.4780949354171753,0.0779462307691574,0.5954129099845886,0.4784981310367584,0.0904408693313598,0.5734562277793884,0.4953173995018005,0.2126318663358688,0.5824376344680786,0.4970830380916595,0.2164363414049148,0.5214372873306274,0.5520921945571899,0.0159335229545831,0.6338116526603699,0.5597380995750427,0.0309477262198925,0.4940729141235351,0.6776347756385803,0.0202341116964817,0.6492100358009338,0.6719676852226257,0.0527120232582092,0.5180850028991699,0.738659679889679,0.1388818323612213,0.6162992715835571,0.7399718165397644,0.1110787019133567,0.5213061571121216,0.756192147731781,0.1466501504182815,0.6087228059768677,0.760703444480896,0.1212425231933593,0.5317627787590027,0.7473203539848328,0.1559612452983856,0.6024608016014099,0.7549142241477966,0.1208387017250061,0.5335733890533447,0.7397710084915161,0.1442619860172271,0.602349042892456,0.7454585433006287,0.1112317591905593,0.5487632751464844,0.7935658097267151,0.0031428032089024,0.6119807362556458,0.7969189286231995,-0.0031074325088411,0.5437912344932556,0.9531248807907104,0.122204765677452,0.6062291860580444,0.9718523025512696,0.1012441664934158,0.5332281589508057,1.07858145236969,0.2783045470714569,0.61384516954422,1.1236237287521362,0.23505599796772,0.5339812636375427,1.1046613454818726,0.2937422394752502,0.6078163981437683,1.1498661041259766,0.2497789412736892,0.5256563425064087,1.0906600952148438,0.2868047952651977,0.6263355016708374,1.14471173286438,0.2265296727418899,6.4735283851623535,neutro
1761586137.3605683,0,0.5762760043144226,0.4867508709430694,0.2577356398105621,0.5712569952011108,0.4735096991062164,0.2196836918592453,0.5681629180908203,0.4729756712913513,0.2196305692195892,0.5649837255477905,0.4726548194885254,0.2194993942975998,0.5802180767059326,0.4738447368144989,0.2213262021541595,0.5832697153091431,0.4735280573368072,0.2212918251752853,0.5862942934036255,0.4733375608921051,0.2211490124464035,0.5587347149848938,0.4788600504398346,0.0829304382205009,0.5919528603553772,0.4790901243686676,0.0914064198732376,0.5710398554801941,0.4957570135593414,0.2163960486650467,0.579970121383667,0.4975723624229431,0.2186889350414276,0.516625165939331,0.5526412725448608,0.0203684605658054,0.6278510093688965,0.5596082806587219,0.0318642929196357,0.4876788556575775,0.678010106086731,0.0280083268880844,0.6478540897369385,0.6717907190322876,0.04612298309803,0.5110651254653931,0.7311060428619385,0.1324388831853866,0.617718517780304,0.734587550163269,0.0981019809842109,0.5142873525619507,0.7474099397659302,0.1376812905073166,0.6111975312232971,0.75462806224823,0.1066476926207542,0.5249990224838257,0.7384923100471497,0.1470378339290619,0.6056824922561646,0.7488676905632019,0.1086289659142494,0.526656985282898,0.7311480045318604,0.137404978275299,0.6051573157310486,0.7392216324806213,0.0993072763085365,0.5459777116775513,0.7956666946411133,0.0065740868449211,0.607674241065979,0.7987651228904724,-0.0065641305409371,0.5410372018814087,0.9544298648834229,0.1287964284420013,0.6042316555976868,0.971688151359558,0.1064811944961547,0.531890869140625,1.082329273223877,0.2832299172878265,0.613868236541748,1.1215968132019043,0.2407995462417602,0.5326967835426331,1.1098452806472778,0.2988253235816955,0.6079383492469788,1.1477775573730469,0.2557474374771118,0.5254094004631042,1.0931379795074463,0.2918398380279541,0.6291478872299194,1.141466736793518,0.2344598770141601,6.522905588150024,neutro
1761586137.4048293,0,0.5720500349998474,0.4867287278175354,0.2470118105411529,0.5668382048606873,0.4734021723270416,0.2084229439496994,0.5636387467384338,0.4728774428367615,0.2083549052476883,0.5604006052017212,0.4725638031959533,0.2082235068082809,0.5763936638832092,0.4737215936183929,0.2103501260280609,0.5795676112174988,0.4734072387218475,0.2103159725666046,0.5826038122177124,0.4732217192649841,0.2101684510707855,0.554833710193634,0.4787989556789398,0.0727666839957237,0.5890313386917114,0.4790325164794922,0.0819438099861145,0.5667121410369873,0.4957437217235565,0.20587258040905,0.5765942335128784,0.4974583685398102,0.2085038870573043,0.5129951238632202,0.5537273287773132,0.0121584478765726,0.6277192831039429,0.5600677132606506,0.0231013502925634,0.4857610762119293,0.6779853105545044,0.0234874580055475,0.647040069103241,0.6729298830032349,0.0280742887407541,0.5127049684524536,0.7255623936653137,0.128484696149826,0.6154143810272217,0.7313539981842041,0.0605534315109252,0.516383945941925,0.7411029934883118,0.1330889761447906,0.6076660752296448,0.7508195042610168,0.0659289360046386,0.5271275639533997,0.7321853041648865,0.1416154652833938,0.6016419529914856,0.7445554137229919,0.0666667073965072,0.5288726091384888,0.725071907043457,0.1330920159816742,0.6017067432403564,0.7354490160942078,0.0603753551840782,0.5433023571968079,0.7984889149665833,0.0077315992675721,0.6057528853416443,0.8029254078865051,-0.0077083325013518,0.5381543040275574,0.956271469593048,0.1322966367006302,0.6013460755348206,0.9733478426933287,0.1041075810790062,0.5281352400779724,1.089024782180786,0.2910482883453369,0.6103981733322144,1.1207706928253174,0.2397094666957855,0.5289281010627747,1.117537021636963,0.3065517544746399,0.6046367883682251,1.1470054388046265,0.2544014751911163,0.5231558084487915,1.0995755195617676,0.2965433001518249,0.6274110674858093,1.1397709846496582,0.2290478199720382,6.567166566848755,neutro
1761586137.4542289,0,0.5693179965019226,0.4866926372051239,0.221239686012268,0.5643337965011597,0.473578006029129,0.1824656724929809,0.5610958337783813,0.4730770885944366,0.182406485080719,0.5578593015670776,0.4727839231491089,0.1822727024555206,0.5738182663917542,0.4738215506076813,0.1859611123800277,0.5768373012542725,0.4735025465488434,0.1859172135591507,0.5797145962715149,0.4733308851718902,0.1857799738645553,0.5527834892272949,0.479067713022232,0.0485471822321414,0.5861842632293701,0.4792602956295013,0.0634963065385818,0.563962459564209,0.495817631483078,0.180749773979187,0.5740096569061279,0.4974705874919891,0.1852543950080871,0.5118369460105896,0.554602861404419,-0.0069455900229513,0.6263994574546814,0.5606911778450012,0.0115806190297007,0.4866943359375,0.6786933541297913,0.0220737047493457,0.6453497409820557,0.6765846610069275,0.0339739210903644,0.5169271230697632,0.7247498035430908,0.1461828202009201,0.6140403747558594,0.7290496230125427,0.0876201540231704,0.5210491418838501,0.7399952411651611,0.1537113487720489,0.6063632965087891,0.7493903636932373,0.0967621356248855,0.5316997170448303,0.7308861613273621,0.1591104716062545,0.6001299619674683,0.742872416973114,0.0966335833072662,0.5333664417266846,0.7240583300590515,0.1502569913864135,0.6002770066261292,0.7342317700386047,0.0875566825270652,0.5418362617492676,0.7993305921554565,0.0068765869364142,0.6026293635368347,0.8033750057220459,-0.0068491571582853,0.5371072888374329,0.9563273191452026,0.1427228301763534,0.6011894941329956,0.9742072224617004,0.111277125775814,0.5276144742965698,1.077656626701355,0.3243935704231262,0.6097800135612488,1.1197311878204346,0.2615843415260315,0.5284113883972168,1.1043477058410645,0.3432475626468658,0.6045377850532532,1.145516872406006,0.2784607708454132,0.5231090784072876,1.0907527208328247,0.3387326896190643,0.6272631287574768,1.139673948287964,0.2529113888740539,6.616566181182861,neutro
1761586137.499593,0,0.5661661028862,0.4865531921386719,0.2160781174898147,0.5612320899963379,0.473518431186676,0.1770375669002533,0.5580887794494629,0.4730172157287597,0.1769735515117645,0.5549212098121643,0.472735047340393,0.1768395602703094,0.5704284906387329,0.4737738072872162,0.1806463301181793,0.5733683705329895,0.473464161157608,0.1806053817272186,0.576144814491272,0.4733122587203979,0.1804598420858383,0.5501452088356018,0.4790490865707397,0.0421429499983787,0.5825769901275635,0.4792271256446838,0.0577284693717956,0.5609943866729736,0.4957751333713531,0.1755009293556213,0.5707616209983826,0.4974208772182464,0.1802112758159637,0.5100514888763428,0.5547143816947937,-0.018595078960061,0.6232103109359741,0.5609074831008911,0.0094119515269994,0.4860328733921051,0.6794994473457336,0.0174549929797649,0.6436014175415039,0.6768344640731812,0.0274324752390384,0.5165163278579712,0.7246432900428772,0.1399859338998794,0.6135674715042114,0.7364643812179565,0.0716356113553047,0.5206030011177063,0.7400981187820435,0.1466080099344253,0.6062380075454712,0.7563098073005676,0.0773374065756797,0.5317641496658325,0.7313661575317383,0.1520768404006958,0.5998379588127136,0.7501755952835083,0.0767489448189735,0.5332756638526917,0.7245233058929443,0.1439964920282364,0.5999188423156738,0.7411855459213257,0.0708613470196724,0.5413325428962708,0.8016252517700195,0.0049980673938989,0.6005579233169556,0.804652214050293,-0.0049642594531178,0.5367716550827026,0.952215015888214,0.1562367975711822,0.5999616384506226,0.973979651927948,0.1326705068349838,0.5272753238677979,1.071390986442566,0.3488516509532928,0.6095119714736938,1.1212114095687866,0.29306560754776,0.5282995104789734,1.0985785722732544,0.3688605427742004,0.6045594811439514,1.1474164724349976,0.3108340501785278,0.5224252343177795,1.081453561782837,0.3650921285152435,0.6272416114807129,1.1406351327896118,0.2842127680778503,6.661930322647095,neutro
1761586137.5469644,0,0.5645153522491455,0.4863496720790863,0.2256594151258468,0.5595752596855164,0.4734391868114471,0.1878435313701629,0.5565143823623657,0.4729696810245514,0.1878249496221542,0.5534396171569824,0.4727157950401306,0.1877520978450775,0.568495512008667,0.4736220240592956,0.1883088052272796,0.5712754130363464,0.4733117520809173,0.1882431209087371,0.5739332437515259,0.4731711149215698,0.188121035695076,0.5489245653152466,0.4790069162845611,0.0508743599057197,0.580051064491272,0.4792001843452453,0.0646122768521308,0.5595451593399048,0.4956884980201721,0.1836500912904739,0.5690696239471436,0.4972311556339264,0.1842701286077499,0.5066124200820923,0.5565332174301147,-0.0100013362243771,0.6210739612579346,0.5609082579612732,0.0152260409668087,0.4848610460758209,0.6836158633232117,0.0018305073026567,0.641139030456543,0.6772405505180359,0.0532300658524036,0.502006471157074,0.7556124925613403,0.086228460073471,0.6129657626152039,0.7400923371315002,0.1683547794818878,0.504501461982727,0.7765542268753052,0.0885198637843132,0.6058634519577026,0.7596683502197266,0.1839834749698639,0.5137909650802612,0.7709277272224426,0.0965669155120849,0.5987502932548523,0.7544279098510742,0.1840431988239288,0.515130341053009,0.7617313265800476,0.089686669409275,0.5985827445983887,0.7456831336021423,0.1696596294641494,0.5394987463951111,0.8018983006477356,0.0103552537038922,0.6001636385917664,0.8044254779815674,-0.0103613073006272,0.5367001891136169,0.9505932927131652,0.1733973771333694,0.598903477191925,0.974706530570984,0.1224643811583519,0.5263921022415161,1.0654312372207642,0.3483452200889587,0.6062568426132202,1.1264441013336182,0.2686195373535156,0.5271768569946289,1.092785358428955,0.3667618632316589,0.599759578704834,1.154255509376526,0.2850019633769989,0.5225776433944702,1.073788046836853,0.3656299710273742,0.6270744204521179,1.1446186304092407,0.2574347257614136,6.709301710128784,neutro
1761586137.5936942,0,0.5620536804199219,0.4855656027793884,0.2364790737628936,0.5569940209388733,0.4726063311100006,0.1977099776268005,0.554000973701477,0.4722099304199219,0.1977046430110931,0.551023006439209,0.4720227420330047,0.1976573169231414,0.5658479928970337,0.4727316200733185,0.1994167864322662,0.5686899423599243,0.47246053814888,0.1993449032306671,0.5714517831802368,0.4723736941814422,0.1992327868938446,0.546809732913971,0.4785871207714081,0.0514271780848503,0.5781822800636292,0.4788554608821869,0.0654308572411537,0.5573486089706421,0.4954009652137756,0.1916125416755676,0.5671370029449463,0.4968067109584808,0.1937414854764938,0.504269003868103,0.5571688413619995,-0.0062328618951141,0.6201626658439636,0.5610507726669312,0.0189212393015623,0.4793731272220611,0.6858577728271484,-0.0203888267278671,0.6390439867973328,0.6775497794151306,0.1023463383316993,0.483154147863388,0.7795456647872925,0.0518281236290931,0.6127193570137024,0.7391179203987122,0.2797484099864959,0.4837982654571533,0.8055410981178284,0.0513432845473289,0.6060121059417725,0.7632086277008057,0.3045178651809692,0.4911537170410156,0.8031548857688904,0.060362122952938,0.598572313785553,0.759421706199646,0.3004970252513885,0.4923998713493347,0.7925815582275391,0.0551679134368896,0.5989388227462769,0.743510365486145,0.2810762226581573,0.5344653129577637,0.8018040060997009,0.0113538773730397,0.5977414846420288,0.8040536046028137,-0.011362500488758,0.5348889827728271,0.9505109190940856,0.1707050651311874,0.598774790763855,0.9749524593353271,0.117719255387783,0.5251617431640625,1.0636783838272097,0.3358053565025329,0.6064953207969666,1.1305792331695557,0.256467193365097,0.5260661840438843,1.0908279418945312,0.3530411124229431,0.6004101037979126,1.158687710762024,0.2719982266426086,0.5223180651664734,1.071717381477356,0.3471554815769195,0.6289588212966919,1.148532748222351,0.2445982247591018,6.756031513214111,neutro
1761586137.640211,0,0.5561438202857971,0.4855333268642425,0.2140842974185943,0.5512139797210693,0.4725981950759887,0.1735408306121826,0.5483275055885315,0.4722241163253784,0.1734860986471176,0.5454167127609253,0.472059816122055,0.173382356762886,0.5597711801528931,0.4726993441581726,0.1783864200115203,0.5627496242523193,0.4724419414997101,0.178369864821434,0.56561279296875,0.472295731306076,0.1782297194004058,0.540947437286377,0.4786544144153595,0.0343590043485164,0.5717915296554565,0.4786870181560516,0.055640835314989,0.5518407821655273,0.4953763782978058,0.1720951199531555,0.5606105327606201,0.4967075288295746,0.1781574189662933,0.499981552362442,0.5572507977485657,-0.0267674475908279,0.609836757183075,0.5584688186645508,0.0102384965866804,0.4748151898384094,0.6832240223884583,-0.0139547660946846,0.6295261383056641,0.6722031831741333,0.0306589305400848,0.494471788406372,0.7249670624732971,0.0699806660413742,0.5964877009391785,0.7183986902236938,0.0768418535590171,0.4962568283081054,0.7376366853713989,0.0748442187905311,0.5903681516647339,0.7328540682792664,0.0831798315048217,0.5038539171218872,0.7268896102905273,0.0842488184571266,0.5831669569015503,0.7262592911720276,0.0793341025710105,0.505203366279602,0.7214256525039673,0.0730160996317863,0.5826464891433716,0.7185739874839783,0.0746097788214683,0.529087245464325,0.8016927242279053,0.0067425756715238,0.5895705819129944,0.8030028939247131,-0.0067208162508904,0.5325096845626831,0.9493408799171448,0.1578761488199234,0.5954851508140564,0.9709860682487488,0.1236409768462181,0.5252577662467957,1.0634872913360596,0.3215494751930237,0.6067731380462646,1.1155539751052856,0.2626867294311523,0.5262839794158936,1.0910707712173462,0.339102566242218,0.6008551120758057,1.1424882411956787,0.278080940246582,0.5223920345306396,1.072412133216858,0.3425993323326111,0.6285430192947388,1.13560950756073,0.2512688040733337,6.802548408508301,neutro
1761586137.6878233,0,0.5515795946121216,0.4854839444160461,0.206494927406311,0.5467681884765625,0.4725645184516907,0.1679637134075164,0.5438970923423767,0.4722022712230682,0.1679148375988006,0.5409796237945557,0.4720431268215179,0.16783307492733,0.5555558204650879,0.4725044965744018,0.1709981709718704,0.5586862564086914,0.4721154570579529,0.1709619909524917,0.5616801977157593,0.4718261659145355,0.1707953810691833,0.5365777611732483,0.4786005914211273,0.0307770911604166,0.5682657957077026,0.4782406389713287,0.042684368789196,0.5471509695053101,0.4953293800354004,0.164038211107254,0.556410551071167,0.4964427351951599,0.1677425950765609,0.4955498278141022,0.5587196946144104,-0.0370616316795349,0.606460690498352,0.5574582815170288,-0.0090956911444664,0.4712198376655578,0.6864915490150452,-0.0719698369503021,0.6245023608207703,0.6728527545928955,0.0226164627820253,0.4794387221336365,0.7997840642929077,-0.0336082801222801,0.5948552489280701,0.7299479246139526,0.1029956340789794,0.4810361862182617,0.8305567502975464,-0.0411719903349876,0.5904228687286377,0.7462712526321411,0.1065504401922226,0.4856433868408203,0.8285971283912659,-0.0350341349840164,0.5818073153495789,0.7416903972625732,0.1125348061323165,0.4865909516811371,0.816105842590332,-0.0318847149610519,0.5803552865982056,0.7349656224250793,0.1033224835991859,0.5269675850868225,0.8022604584693909,0.0136970980092883,0.5877414345741272,0.8032004833221436,-0.0137377511709928,0.5308974385261536,0.954396426677704,0.1578698307275772,0.5958406925201416,0.9712734222412108,0.0985132157802581,0.5196458101272583,1.0700379610061646,0.3188269436359405,0.6068085432052612,1.1259723901748655,0.2134428471326828,0.5195046663284302,1.0973461866378784,0.3344514369964599,0.6011859774589539,1.154248833656311,0.2258581221103668,0.5198229551315308,1.083509087562561,0.3105092644691467,0.6323875188827515,1.147462010383606,0.1805140078067779,6.850160598754883,neutro
1761586137.7349036,0,0.5506378412246704,0.4857013523578644,0.2537822127342224,0.5457667112350464,0.4728061854839325,0.2169843167066574,0.5429083108901978,0.4724784791469574,0.2169606685638427,0.5400717258453369,0.4723450541496277,0.216875359416008,0.5540550947189331,0.4726418852806091,0.21916463971138,0.5566737055778503,0.4722322523593902,0.2191186398267746,0.5591576099395752,0.4719343483448028,0.2189876735210418,0.5357268452644348,0.479006826877594,0.0829092562198638,0.5646511316299438,0.478472888469696,0.0908104553818702,0.5459961295127869,0.4957326054573059,0.2124778032302856,0.554707944393158,0.4966745674610138,0.2150294333696365,0.4945350289344787,0.5588223338127136,0.0095405802130699,0.6051978468894958,0.5571717619895935,0.0304374396800994,0.4709487855434418,0.6862903237342834,-0.0619268119335174,0.6206638813018799,0.6678677201271057,0.0445450358092784,0.4855171144008636,0.7831371426582336,0.0273130591958761,0.5899768471717834,0.7243376970291138,0.1196751147508621,0.4882596135139465,0.8091513514518738,0.0229501463472843,0.5846925973892212,0.7395359873771667,0.1268337965011596,0.4962728023529053,0.8049007654190063,0.0322812721133232,0.5766111016273499,0.7335997223854065,0.1273119151592254,0.497411161661148,0.7946321368217468,0.0302643980830907,0.575221061706543,0.7269632816314697,0.118326686322689,0.5259579420089722,0.8002131581306458,0.0125145819038152,0.584937334060669,0.8014810085296631,-0.0125364232808351,0.5295500159263611,0.9552939534187316,0.1206894665956497,0.5950596332550049,0.9693955183029176,0.0848532244563102,0.5165907740592957,1.0796236991882324,0.2459770739078521,0.6055348515510559,1.1255046129226685,0.1919880807399749,0.517086386680603,1.1074652671813965,0.258256584405899,0.6000314354896545,1.1538386344909668,0.2037419974803924,0.5150242447853088,1.0947144031524658,0.2375379055738449,0.6297460794448853,1.1464954614639282,0.1676108539104461,6.897240877151489,neutro
1761586137.7813702,0,0.5473936796188354,0.4854987859725952,0.2344214618206024,0.5425275564193726,0.4724138379096985,0.1965093314647674,0.5396972894668579,0.4721091985702514,0.196442425251007,0.5369054079055786,0.4720152616500854,0.196332573890686,0.5509011149406433,0.47221639752388,0.2007033079862594,0.5534808039665222,0.4718127846717834,0.2006960362195968,0.5559159517288208,0.4715407192707062,0.2005768567323684,0.5329530239105225,0.478859007358551,0.0622423663735389,0.5614120364189148,0.4783670306205749,0.0806078761816024,0.5425048470497131,0.4956969022750854,0.1937773078680038,0.5514618158340454,0.4965949952602386,0.1994338631629943,0.4923710823059082,0.5587908625602722,-0.0118976207450032,0.6051533222198486,0.5571941137313843,0.0289740562438964,0.4686637818813324,0.6860792636871338,-0.0612194836139678,0.6181994676589966,0.6663801670074463,0.0632384791970253,0.4806192815303802,0.7290351986885071,0.0721077844500541,0.5851741433143616,0.7219861149787903,0.1460265070199966,0.4832660257816314,0.7413570880889893,0.0731938406825065,0.578380823135376,0.7355552911758423,0.160005584359169,0.4936655163764953,0.7310112714767456,0.0844039767980575,0.5691428184509277,0.7288901805877686,0.1573687046766281,0.4954739511013031,0.7252146601676941,0.0779176354408264,0.5686337947845459,0.7226396203041077,0.1455138623714447,0.5245709419250488,0.8001997470855713,0.0035684693139046,0.586408257484436,0.8014398813247681,-0.0035387978423386,0.5291854739189148,0.9558885097503662,0.1196170672774314,0.5956569910049438,0.9679645895957948,0.1001423820853233,0.515243411064148,1.0842316150665283,0.2554959654808044,0.605789303779602,1.1244560480117798,0.2025672495365142,0.5168750882148743,1.1136397123336792,0.269436627626419,0.6002856492996216,1.1532857418060305,0.2143516987562179,0.5106860995292664,1.0941153764724731,0.2614921927452087,0.629084587097168,1.1395182609558103,0.207965537905693,6.943707466125488,neutro
1761586137.8307362,0,0.5465561151504517,0.4862450361251831,0.214078277349472,0.542029857635498,0.4731054306030273,0.1734508723020553,0.5391477346420288,0.4728105962276459,0.1733734905719757,0.5363739728927612,0.4727138876914978,0.1732516139745712,0.5500271320343018,0.4727686941623688,0.1792635917663574,0.5523092746734619,0.4723210632801056,0.1792630106210708,0.5545404553413391,0.4720287024974823,0.1791301667690277,0.5324363112449646,0.4796272218227386,0.0345699079334735,0.5593830347061157,0.4790616631507873,0.0599639639258384,0.541709840297699,0.4966330528259277,0.1721002161502838,0.5500433444976807,0.497437447309494,0.1796415597200393,0.4908699095249176,0.5590986609458923,-0.0390082076191902,0.6033695340156555,0.5572131276130676,0.0243444480001926,0.465602159500122,0.6858279705047607,-0.032738771289587,0.6170374155044556,0.6629365682601929,0.0624248273670673,0.4821212887763977,0.6932044625282288,0.1318875849246978,0.5821512937545776,0.7132322192192078,0.1393582373857498,0.4851044714450836,0.699463963508606,0.1385855674743652,0.5748324394226074,0.7255857586860657,0.1549936234951019,0.4965651929378509,0.6870089769363403,0.1490412056446075,0.5663083791732788,0.7186592817306519,0.1510800868272781,0.4984146058559418,0.6838998198509216,0.1387957036495208,0.5663342475891113,0.7128528952598572,0.1386523693799972,0.5248658657073975,0.8001797199249268,-0.0042496332898736,0.5856317281723022,0.801393449306488,0.0043232743628323,0.5292652249336243,0.9558718204498292,0.1173585280776023,0.5960718393325806,0.9663689136505128,0.1131550520658493,0.5162342190742493,1.0838301181793213,0.2527651190757751,0.6058225035667419,1.111952304840088,0.2218932807445526,0.5177453756332397,1.1128939390182495,0.2668965458869934,0.6005855798721313,1.1395108699798584,0.234853059053421,0.510551929473877,1.0941623449325562,0.2614753246307373,0.6246163845062256,1.1283689737319946,0.2288404405117035,6.993073463439941,neutro
1761586137.874257,0,0.5451148748397827,0.4866545498371124,0.1983064413070678,0.540279746055603,0.4732989072799682,0.16025310754776,0.537196159362793,0.4729828834533691,0.1601877808570861,0.5341975688934326,0.4728572070598602,0.1600870788097381,0.54852694272995,0.4730049967765808,0.1635341942310333,0.5508450865745544,0.4725625813007355,0.1635206341743469,0.5531443357467651,0.4722716212272644,0.163377434015274,0.5299278497695923,0.4798139929771423,0.0287193749099969,0.5586062669754028,0.4793973565101623,0.0427128747105598,0.5400712490081787,0.4971162378787994,0.1585663557052612,0.5487624406814575,0.4980827569961548,0.1628729701042175,0.4886646270751953,0.5597310662269592,-0.0369311794638633,0.6039397120475769,0.5576105713844299,0.0035197034012526,0.4646760821342468,0.6855441927909851,-0.0308694578707218,0.6148494482040405,0.6628009080886841,0.0515663251280784,0.4830868244171142,0.7111333608627319,0.0817277058959007,0.5803902745246887,0.7097203731536865,0.1450903266668319,0.4869183599948883,0.7238481640815735,0.0841876566410064,0.573686957359314,0.7219077348709106,0.1639286279678344,0.4976376593112945,0.7140798568725586,0.0936801731586456,0.5646671652793884,0.7144809365272522,0.1596897542476654,0.49906986951828,0.708337664604187,0.0869088619947433,0.5641538500785828,0.7087257504463196,0.1449875235557556,0.5243086218833923,0.800175666809082,-0.0017893066396936,0.5855129957199097,0.8012708425521851,0.0018142787739634,0.5282443761825562,0.9558675289154052,0.117847241461277,0.5963371396064758,0.9641793370246888,0.1121616140007972,0.5103305578231812,1.0855377912521362,0.2606481909751892,0.6051043272018433,1.1118340492248535,0.2231174707412719,0.5116636157035828,1.115103006362915,0.2746632397174835,0.5999082326889038,1.1401504278182983,0.2364095151424408,0.5046786665916443,1.0946859121322632,0.2685459852218628,0.6235809326171875,1.125746488571167,0.2263635396957397,7.036594390869141,neutro
1761586137.9204984,0,0.5448752641677856,0.4866423010826111,0.1943788826465606,0.5396729111671448,0.4732608497142792,0.1562809199094772,0.5365241765975952,0.4729504585266113,0.1562174409627914,0.5333383679389954,0.4728358089923858,0.1561026871204376,0.5476633906364441,0.4729927778244018,0.158975601196289,0.5498772859573364,0.4725536406040191,0.1589731872081756,0.5521405935287476,0.4722585678100586,0.1588301211595535,0.528634786605835,0.4798039197921753,0.0256799962371587,0.5574007034301758,0.4794117510318756,0.037161149084568,0.5400683283805847,0.4972328245639801,0.1549854874610901,0.5487421751022339,0.4981463849544525,0.158618539571762,0.4882306158542633,0.561362087726593,-0.0315964147448539,0.6034035086631775,0.5576475262641907,-0.0114900479093194,0.4657051563262939,0.6855100393295288,-0.0110608115792274,0.6157379150390625,0.6616084575653076,0.0124992374330759,0.4861195087432861,0.7015107274055481,0.1003187745809555,0.5840203166007996,0.7051693797111511,0.0713559240102768,0.4910252094268799,0.7123777866363525,0.1043209582567215,0.5769764184951782,0.7180423140525818,0.0827574282884597,0.5028077363967896,0.7009487748146057,0.1115170717239379,0.5681724548339844,0.7101492285728455,0.0795270726084709,0.5045737028121948,0.6958014965057373,0.1049600020051002,0.5680468082427979,0.704003632068634,0.0708872526884079,0.5249336361885071,0.8001651167869568,0.0079594375565648,0.5856593251228333,0.8010158538818359,-0.0079680550843477,0.5284443497657776,0.9558484554290771,0.1267170906066894,0.5967730283737183,0.9616044759750366,0.1064187288284301,0.5096339583396912,1.0872617959976196,0.2633009254932403,0.604708194732666,1.110745549201965,0.2164442837238311,0.5106843113899231,1.1167818307876587,0.2767001986503601,0.5995250940322876,1.1392874717712402,0.2295308411121368,0.5055620670318604,1.0970607995986938,0.2701306343078613,0.6232846975326538,1.1245667934417725,0.2150653898715973,7.082835674285889,neutro
1761586137.966768,0,0.5439702868461609,0.4866660535335541,0.2024028599262237,0.5388980507850647,0.4732452630996704,0.1631244719028473,0.5356847047805786,0.4729350209236145,0.1630482524633407,0.5324185490608215,0.4728225767612457,0.1629180908203125,0.5471656322479248,0.4729838669300079,0.1672603487968444,0.5495339632034302,0.4725482165813446,0.1672484874725341,0.5520034432411194,0.4722623527050018,0.1671039760112762,0.52784264087677,0.4798338115215301,0.0301217436790466,0.5575875639915466,0.4794637858867645,0.044537391513586,0.5393481254577637,0.4973019659519195,0.1621308773756027,0.5482044219970703,0.4982107579708099,0.166303813457489,0.4860903620719909,0.5618820190429688,-0.0200822837650775,0.6024867296218872,0.5576654672622681,-0.0060462905094027,0.4665615558624267,0.6894895434379578,-0.018893577158451,0.6166144609451294,0.6620769500732422,0.022082770243287,0.4854558110237121,0.7471187114715576,0.0548614636063575,0.5843328237533569,0.7069858312606812,0.1349012553691864,0.4894418716430664,0.7664352059364319,0.0538964383304119,0.578514575958252,0.7214385271072388,0.1542645096778869,0.4995773732662201,0.7585492730140686,0.0633951276540756,0.5690969228744507,0.7139355540275574,0.1486868560314178,0.5007938146591187,0.7499010562896729,0.0583513602614402,0.5681613683700562,0.7072772979736328,0.1344247907400131,0.5251181125640869,0.800068199634552,0.0119542758911848,0.5853397250175476,0.800602912902832,-0.0119574014097452,0.5286813974380493,0.955804169178009,0.1423460096120834,0.5973692536354065,0.9592085480690002,0.1056839227676391,0.5102435350418091,1.0866550207138062,0.2842646241188049,0.604343056678772,1.111070990562439,0.2203609645366668,0.5111035108566284,1.1159929037094116,0.2986878454685211,0.598864734172821,1.1399130821228027,0.2347265183925628,0.5066417455673218,1.0965112447738647,0.2909541726112366,0.6233533620834351,1.1242140531539917,0.2162648141384124,7.12910532951355,neutro
1761586138.0154753,0,0.5426255464553833,0.4873109459877014,0.2026310265064239,0.5375688672065735,0.4738134741783142,0.1651421636343002,0.5342690348625183,0.4735380113124847,0.1650954931974411,0.5308798551559448,0.4734820127487182,0.1650070399045944,0.5462309122085571,0.473489373922348,0.1681260764598846,0.5487524271011353,0.4730225503444671,0.1680988371372223,0.5514191389083862,0.4727180898189544,0.1679488122463226,0.5260738134384155,0.4807167649269104,0.0320159345865249,0.5573820471763611,0.4798268973827362,0.0437267497181892,0.5379725694656372,0.4979293048381805,0.161736249923706,0.5474205613136292,0.4986529946327209,0.1652925908565521,0.4854477941989898,0.5642555356025696,-0.028344839811325,0.600709080696106,0.5574131011962891,-0.0071385614573955,0.4659666121006012,0.6897910833358765,-0.0323088318109512,0.623095691204071,0.6624160408973694,0.0621483512222766,0.464104562997818,0.7527017593383789,0.0454534962773323,0.5998360514640808,0.7076597213745117,0.2273730337619781,0.4655679762363434,0.7729434370994568,0.0473598912358284,0.5997766256332397,0.7371711730957031,0.2540548741817474,0.4729702472686767,0.7675040364265442,0.0569101348519325,0.5922412276268005,0.7247947454452515,0.2512592375278473,0.4739242196083069,0.7591693997383118,0.0500746592879295,0.5915949940681458,0.7201642394065857,0.2306509912014007,0.5255284309387207,0.7999667525291443,0.0086761908605694,0.5859413743019104,0.7988198399543762,-0.0087639112025499,0.5290353894233704,0.9557340145111084,0.1188121810555458,0.6025817394256592,0.9555234313011168,0.1056380271911621,0.511027455329895,1.0863261222839355,0.2397213727235794,0.613571047782898,1.1108319759368896,0.2074438780546188,0.5119215250015259,1.1155346632003784,0.2520990669727325,0.6092723608016968,1.1399801969528198,0.2198380678892135,0.5072451829910278,1.0961228609085083,0.2455018758773803,0.6349703669548035,1.1237561702728271,0.2013076543807983,7.177812576293945,neutro
1761586138.0601125,0,0.5416692495346069,0.4878395795822143,0.2012392729520797,0.5366629362106323,0.4742980599403381,0.1635642200708389,0.533388614654541,0.4740374982357025,0.1635327190160751,0.53001469373703,0.4740170240402221,0.1634558588266372,0.54518061876297,0.4739700555801391,0.1666616350412368,0.5476921796798706,0.4735031425952911,0.1666392982006073,0.5503534078598022,0.4732159078121185,0.1664915978908538,0.5250881910324097,0.4814040064811706,0.0281850658357143,0.5565859079360962,0.4801966845989227,0.041919257491827,0.537018895149231,0.4984156489372253,0.1595616191625595,0.5464838147163391,0.498940497636795,0.1637746095657348,0.4852688908576965,0.5659813284873962,-0.0325830094516277,0.6009954214096069,0.5572701692581177,-0.0070495344698429,0.4662649631500244,0.6899763941764832,-0.0258333273231983,0.6271853446960449,0.6626430153846741,0.0744082629680633,0.4681076407432556,0.749334990978241,0.0910292044281959,0.6075350046157837,0.708730161190033,0.2447955161333084,0.4707351624965668,0.7683350443840027,0.0984925180673599,0.6047970056533813,0.7376470565795898,0.2726559937000274,0.4780568480491638,0.7622541785240173,0.1083449497818946,0.5985287427902222,0.7282377481460571,0.2693294584751129,0.47894948720932,0.7544557452201843,0.0970626175403595,0.5983699560165405,0.7239325642585754,0.2481214702129364,0.5258042216300964,0.7999546527862549,0.0067048794589936,0.5868651270866394,0.798098623752594,-0.0068341037258505,0.5295370817184448,0.9561437964439392,0.1106316596269607,0.606073260307312,0.9561896920204164,0.1053390651941299,0.5113515853881836,1.0885382890701294,0.2245427370071411,0.6166836023330688,1.1112500429153442,0.1997815519571304,0.5124539136886597,1.1180421113967896,0.2361632883548736,0.6129447817802429,1.140132188796997,0.2114229202270507,0.505963921546936,1.0974738597869873,0.2300766408443451,0.6360618472099304,1.1242371797561646,0.1950377821922302,7.222449779510498,neutro
1761586138.1073,0,0.5426611304283142,0.4882224500179291,0.1738490611314773,0.5376829504966736,0.4746587574481964,0.1340826451778412,0.534429669380188,0.4743909835815429,0.1340649574995041,0.531065821647644,0.4743522107601166,0.1339794695377349,0.5460593700408936,0.4742514491081238,0.1384452730417251,0.5485243797302246,0.4737735688686371,0.1384399682283401,0.5510896444320679,0.4734821021556854,0.1382931470870971,0.5259097814559937,0.4818387329578399,-0.0029348256066441,0.5571944117546082,0.4805090725421905,0.0183013528585433,0.5380445718765259,0.4986408054828644,0.1325768232345581,0.5474068522453308,0.4990532696247101,0.1389617025852203,0.4863313734531402,0.5663167834281921,-0.0504169464111328,0.6013461947441101,0.5565024614334106,-0.0280621610581874,0.466582715511322,0.6873539090156555,0.0212912335991859,0.6314228773117065,0.6620595455169678,0.0681134015321731,0.4701673984527588,0.707057774066925,0.2021865546703338,0.6181353330612183,0.7096254825592041,0.2200411111116409,0.4726353287696838,0.7179701924324036,0.2189709842205047,0.618748128414154,0.7421823143959045,0.2457635104656219,0.480566918849945,0.7089251279830933,0.2264676094055175,0.6131244897842407,0.7349212765693665,0.2412027567625045,0.4821630418300628,0.704464852809906,0.2097664326429367,0.6109269261360168,0.7265826463699341,0.2232250422239303,0.5264028906822205,0.7997944355010986,0.0044804755598306,0.5890854001045227,0.7963390350341797,-0.0046003214083611,0.5301674604415894,0.9567950963974,0.1001141294836998,0.6094532608985901,0.955563485622406,0.1057367324829101,0.5117297172546387,1.090800642967224,0.2053182125091552,0.6230915784835815,1.110322117805481,0.1956836879253387,0.5128175616264343,1.1198228597640991,0.2164016962051391,0.6201038956642151,1.1394009590148926,0.2069677114486694,0.5058565735816956,1.100563645362854,0.2161126136779785,0.6414446830749512,1.123386263847351,0.1975623220205307,7.2696373462677,neutro
1761586138.1515808,0,0.543353259563446,0.489197164773941,0.1677702963352203,0.5383870005607605,0.4758486449718475,0.1277347952127456,0.5351589918136597,0.475614994764328,0.1277109682559967,0.531826913356781,0.4755872786045074,0.127604603767395,0.546751856803894,0.4752892851829529,0.1316506713628769,0.5492064952850342,0.474793404340744,0.1316585838794708,0.5517407655715942,0.4744812250137329,0.1315122097730636,0.5266650915145874,0.4831045866012573,-0.0099580530077219,0.5577191114425659,0.4813910126686096,0.008961034938693,0.5386998057365417,0.4993408620357513,0.1263046860694885,0.5480293035507202,0.4996228516101837,0.1320352256298065,0.4867866039276123,0.5669423937797546,-0.0545284338295459,0.6016513109207153,0.5566990375518799,-0.0388644449412822,0.466660588979721,0.6883795857429504,0.0242009926587343,0.6325060129165649,0.6655320525169373,0.0493650063872337,0.4776205420494079,0.7017101645469666,0.1977697312831878,0.6170989871025085,0.7111923098564148,0.2042857110500335,0.481595367193222,0.7107998728752136,0.2141930311918258,0.616592526435852,0.7456532716751099,0.2222927808761596,0.4909767210483551,0.6999782919883728,0.2211914360523224,0.6088403463363647,0.7371345162391663,0.2214388102293014,0.4928019046783447,0.695643961429596,0.2048323601484298,0.6074736714363098,0.726875364780426,0.2055085599422454,0.5282842516899109,0.8003717660903931,0.0049437656998634,0.59296053647995,0.7963151335716248,-0.0050433636642992,0.5310791730880737,0.9569936394691468,0.1075426936149597,0.6118924021720886,0.955623209476471,0.1072039827704429,0.5119820237159729,1.090221285820007,0.2222733497619629,0.6264730095863342,1.1092514991760254,0.1988336443901062,0.5130231976509094,1.1195104122161863,0.234147161245346,0.6233490705490112,1.138348937034607,0.210435003042221,0.5059664249420166,1.0999503135681152,0.2343269884586334,0.6446210741996765,1.121435046195984,0.1992383003234863,7.313918113708496,neutro
1761586138.2014625,0,0.5437294840812683,0.4897243082523346,0.177833154797554,0.5388423800468445,0.4764378368854522,0.1380660384893417,0.5356309413909912,0.4762253165245056,0.1380432546138763,0.5323053598403931,0.4762252569198608,0.1379449516534805,0.5471491813659668,0.475890576839447,0.1421400308609008,0.5495936870574951,0.4754223823547363,0.1421311348676681,0.5521224141120911,0.4751421511173248,0.141985684633255,0.5271495580673218,0.4839336574077606,-0.0003834066155832,0.5581426024436951,0.4820210039615631,0.019374119117856,0.5391557812690735,0.4997091889381408,0.1361152976751327,0.5484305024147034,0.50001060962677,0.1419621407985687,0.4875544011592865,0.5674588680267334,-0.0504219830036163,0.6021841764450073,0.5570363998413086,-0.0278725270181894,0.4668734669685364,0.6894024014472961,0.0263797249644994,0.6356327533721924,0.6703016757965088,0.0617799833416938,0.4772261083126068,0.7093312740325928,0.2050403654575348,0.6204351186752319,0.7260884046554565,0.2198260575532913,0.4807786047458648,0.7212199568748474,0.2217275649309158,0.618769645690918,0.7551729083061218,0.2444645911455154,0.4896878600120544,0.711735725402832,0.2286687195301056,0.6109663248062134,0.7460790276527405,0.239579752087593,0.4913825988769531,0.7063178420066833,0.2121131867170334,0.6095944046974182,0.7370719909667969,0.2223025113344192,0.5304304361343384,0.8009316921234131,0.0023580170236527,0.595658540725708,0.7963409423828125,-0.0024293586611747,0.5322176218032837,0.9571497440338136,0.1091674715280532,0.6145703792572021,0.9559360146522522,0.1113233193755149,0.5140551328659058,1.0866055488586426,0.2234481871128082,0.6261962056159973,1.1133393049240112,0.2001835107803344,0.5158984065055847,1.1148300170898438,0.2347261905670166,0.6229482293128967,1.143550992012024,0.2127452343702316,0.5062004327774048,1.0954290628433228,0.2523378431797027,0.6429082155227661,1.124104380607605,0.2064548432826995,7.363799810409546,neutro
1761586138.2485318,0,0.5438017845153809,0.489409327507019,0.1905016005039215,0.539093554019928,0.4761722981929779,0.1501741111278534,0.5360601544380188,0.4760544896125793,0.1501620411872863,0.5328580141067505,0.4761537909507751,0.1500860899686813,0.5473065972328186,0.4755787551403045,0.155225321650505,0.5497816801071167,0.4751544594764709,0.1552044004201889,0.5522686243057251,0.4749193787574768,0.15506511926651,0.5277503728866577,0.4840546548366546,0.0075992019847035,0.5586570501327515,0.4820046722888946,0.033798974007368,0.539880633354187,0.4994908273220062,0.1475141644477844,0.5487251877784729,0.4998003542423248,0.1549767553806305,0.4904138147830963,0.56735759973526,-0.033335193991661,0.6048897504806519,0.5570569634437561,-0.0238916464149951,0.4669291377067566,0.6893397569656372,0.0385061912238597,0.6369620561599731,0.6717455387115479,0.0761293470859527,0.4719075560569763,0.7176204919815063,0.2118500918149948,0.6262462735176086,0.7321328520774841,0.2426699101924896,0.4741052091121673,0.7309702038764954,0.2285770177841186,0.6242011785507202,0.7599947452545166,0.2685602307319641,0.4818511009216308,0.725193977355957,0.2351941615343094,0.6161043643951416,0.7508231401443481,0.2649733424186706,0.4835879206657409,0.719313383102417,0.2184536457061767,0.6140281558036804,0.7417961359024048,0.2462453544139862,0.5316641926765442,0.8013355731964111,0.0045010694302618,0.5972354412078857,0.7964469790458679,-0.0045693018473684,0.532306432723999,0.9587056636810304,0.1103331893682479,0.617362380027771,0.9610806703567504,0.0798513367772102,0.5148108005523682,1.0872427225112915,0.2231442481279373,0.6254175901412964,1.1290606260299685,0.1472833156585693,0.516391396522522,1.115103006362915,0.2341105639934539,0.6218406558036804,1.1592400074005127,0.1559926718473434,0.5062500238418579,1.0977017879486084,0.2348617613315582,0.6424655318260193,1.1436436176300049,0.1366177499294281,7.410869121551514,neutro
1761586138.292358,0,0.5451609492301941,0.48930424451828,0.1900737881660461,0.5408461093902588,0.4761491417884826,0.1508428454399109,0.538044273853302,0.4760384857654571,0.1508264392614364,0.5350183248519897,0.4761227965354919,0.1507472097873687,0.5486207604408264,0.4755512177944183,0.1554541736841201,0.5512042045593262,0.4751306474208832,0.1554365754127502,0.5540953874588013,0.474895566701889,0.1552957892417907,0.5298371315002441,0.4840936362743377,0.0113555518910288,0.5611863732337952,0.4819900095462799,0.034188587218523,0.5422705411911011,0.4992859065532684,0.1481535732746124,0.5507389307022095,0.4996508657932281,0.1550337821245193,0.4932437539100647,0.5673229098320007,-0.0304345972836017,0.6070666909217834,0.5570744276046753,-0.0205279793590307,0.4676257073879242,0.6892760396003723,0.0320305414497852,0.6388457417488098,0.6716163754463196,0.0711356997489929,0.4705777764320373,0.7220620512962341,0.1890581846237182,0.6295182108879089,0.7321211695671082,0.2246675938367843,0.4724674224853515,0.7362843751907349,0.2032985985279083,0.6297719478607178,0.7609025835990906,0.2493095099925995,0.4799320697784424,0.7320277690887451,0.2108518183231353,0.6192900538444519,0.7510392665863037,0.2458235323429107,0.4816823005676269,0.7259626984596252,0.1956752389669418,0.616902232170105,0.7418362498283386,0.2280863225460052,0.5338739156723022,0.8012230396270752,0.0071595506742596,0.5997146368026733,0.7962411046028137,-0.0072559230029582,0.5334120392799377,0.9589952230453492,0.1027879863977432,0.6203829050064087,0.9617596864700316,0.0819248929619789,0.5149844288825989,1.0886403322219849,0.2060045301914215,0.6279485821723938,1.1282011270523071,0.1534106880426406,0.5164533257484436,1.1167494058609009,0.2161489725112915,0.6239979267120361,1.1585434675216677,0.1625761985778808,0.5063316226005554,1.0984554290771484,0.2133452147245407,0.6452400088310242,1.141470432281494,0.146827831864357,7.454695224761963,neutro
1761586138.3417757,0,0.5493685007095337,0.4898510575294494,0.1645075380802154,0.5450704097747803,0.4773986935615539,0.1244023665785789,0.5423858761787415,0.4773670136928558,0.124396301805973,0.539451003074646,0.4775400757789612,0.124311052262783,0.5526724457740784,0.476658284664154,0.1300069987773895,0.5554130673408508,0.4761989414691925,0.1300192326307296,0.5584492683410645,0.4759031236171722,0.1298839449882507,0.53416907787323,0.48539799451828,-0.0091471672058105,0.5646340250968933,0.482619434595108,0.0184197910130023,0.5470206141471863,0.4996607899665832,0.1251807063817978,0.5554139018058777,0.4999858140945434,0.1333304047584533,0.4981857240200043,0.5672833919525146,-0.0385129079222679,0.6089072227478027,0.556837797164917,-0.0311097241938114,0.4712222516536712,0.6817697882652283,0.0706428661942482,0.6389973759651184,0.6686079502105713,0.0681430920958519,0.4739667475223541,0.6544676423072815,0.2836416661739349,0.6304206252098083,0.7247102856636047,0.2167935371398925,0.4759624004364013,0.654596209526062,0.3074627518653869,0.631391167640686,0.7581167817115784,0.239435389637947,0.4860941469669342,0.6110286116600037,0.3123982548713684,0.6237140893936157,0.7493743896484375,0.239500880241394,0.4889946579933166,0.6157037019729614,0.2917249202728271,0.6196737885475159,0.7377108931541443,0.219307854771614,0.5375680923461914,0.800243616104126,0.0082436818629503,0.6022718548774719,0.7951021194458008,-0.0083194412291049,0.5355384349822998,0.9576149582862854,0.0990315228700637,0.6216307282447815,0.9610055685043336,0.0736244171857833,0.5181861519813538,1.0879348516464231,0.1961675584316253,0.6345024108886719,1.126827597618103,0.1162364855408668,0.5193594694137573,1.1147981882095337,0.2061148434877395,0.6309918165206909,1.1569781303405762,0.1230320185422897,0.5092791318893433,1.0983736515045166,0.2129868566989898,0.653436541557312,1.140510082244873,0.1164496392011642,7.504112958908081,neutro
1761586138.3831534,0,0.5567600131034851,0.4899910390377044,0.2264383286237716,0.5527447462081909,0.4778249859809875,0.1879124939441681,0.5503473877906799,0.4778398275375366,0.1878666132688522,0.5477050542831421,0.4781079292297363,0.1877725571393966,0.5602277517318726,0.4769792258739471,0.1913019567728042,0.563295304775238,0.476405918598175,0.1912726908922195,0.5668381452560425,0.4759953618049621,0.1910934746265411,0.5422271490097046,0.4860160648822784,0.0510949194431304,0.5730026960372925,0.4826022088527679,0.0672493278980255,0.5548772811889648,0.4998141825199127,0.1842694878578186,0.5624111890792847,0.5000512599945068,0.1892633140087127,0.5065670013427734,0.5672499537467957,0.0097247101366519,0.6194537878036499,0.5574544668197632,-0.004242097493261,0.4820402562618255,0.6823636889457703,0.0518276207149028,0.6405082941055298,0.6695412397384644,0.0716422647237777,0.502693772315979,0.7070954442024231,0.1435568779706955,0.6215581297874451,0.7144184112548828,0.2216941565275192,0.5073046088218689,0.7224715948104858,0.1520985960960388,0.6146401166915894,0.7315757274627686,0.2474091053009033,0.5165166854858398,0.7081049680709839,0.1566297113895416,0.6072226762771606,0.7259676456451416,0.2463779002428054,0.5175031423568726,0.7007707357406616,0.1463463604450225,0.6067923307418823,0.7181253433227539,0.2245869189500808,0.5452228784561157,0.7998815774917603,0.0242260787636041,0.6103389263153076,0.7951392531394958,-0.0242736171931028,0.5385750532150269,0.9583431482315063,0.102512702345848,0.6288067698478699,0.966894030570984,0.0405648984014987,0.5200155377388,1.0879074335098269,0.185182124376297,0.6372994184494019,1.1338444948196411,0.0818562135100364,0.5202771425247192,1.1147658824920654,0.1921665072441101,0.6323652863502502,1.1636943817138672,0.0874950513243675,0.5125596523284912,1.0998529195785522,0.1848892718553543,0.6557886600494385,1.1494001150131226,0.0635167136788368,7.545490741729736,neutro
1761586138.4306614,0,0.5600584745407104,0.4904285967350006,0.2508672475814819,0.5563703775405884,0.4784115254878998,0.2145454436540603,0.5538087487220764,0.4784764349460602,0.2145020216703415,0.550965428352356,0.4787992238998413,0.214412659406662,0.5642102956771851,0.4774568676948547,0.2166715562343597,0.5673043131828308,0.4767923057079315,0.2166147530078888,0.5708233714103699,0.4762798547744751,0.2164334058761596,0.5454505681991577,0.4866620302200317,0.082226738333702,0.5772234797477722,0.4827539026737213,0.0912066623568534,0.5575351119041443,0.500227689743042,0.209602877497673,0.5655720233917236,0.5004108548164368,0.2124858349561691,0.509921669960022,0.5680119395256042,0.0277821123600006,0.6244297027587891,0.5582802891731262,0.0196539927273988,0.4873214364051819,0.6843703985214233,0.0413386076688766,0.6418638229370117,0.6731383800506592,0.0701110213994979,0.5060309171676636,0.7357292175292969,0.1009336709976196,0.6136340498924255,0.7086145281791687,0.195976510643959,0.5098868608474731,0.7553900480270386,0.1058835536241531,0.6048914790153503,0.7228806018829346,0.2182050496339798,0.5194149613380432,0.7467499375343323,0.1116556301712989,0.5969134569168091,0.7172166109085083,0.219051331281662,0.5206487774848938,0.7375293970108032,0.1033880487084388,0.5971897840499878,0.7099660634994507,0.198143258690834,0.5495100617408752,0.7998647689819336,0.0254625026136636,0.613866925239563,0.7952233552932739,-0.025453045964241,0.5423974394798279,0.9607728123664856,0.0878312736749649,0.6328321099281311,0.9723879098892212,0.0163300894200801,0.5268895030021667,1.092621922492981,0.1546016931533813,0.6424416899681091,1.147752285003662,0.0506498217582702,0.5268085598945618,1.1186997890472412,0.1599029302597046,0.6376301050186157,1.177184820175171,0.0548742935061454,0.5205990672111511,1.1087170839309692,0.142875388264656,0.6622986197471619,1.16830575466156,0.0198933891952037,7.592998743057251,neutro
1761586138.4810843,0,0.5646216869354248,0.4909530580043793,0.2496778517961502,0.5607798099517822,0.4790643155574798,0.2123714238405227,0.5582088232040405,0.4790853261947632,0.2123192995786667,0.5553249716758728,0.4793769419193268,0.2122202813625335,0.5684868097305298,0.4781107008457184,0.2156597822904586,0.5714946389198303,0.4773355424404144,0.2156230509281158,0.5749950408935547,0.476679652929306,0.2154509276151657,0.5495489835739136,0.4870169758796692,0.0790585726499557,0.5814568996429443,0.4828332960605621,0.0935692265629768,0.5621248483657837,0.5006660223007202,0.2084414958953857,0.5699616074562073,0.5009264349937439,0.2130032032728195,0.5141698718070984,0.5683097243309021,0.0270918309688568,0.6294547319412231,0.5587437152862549,0.0238071717321872,0.4912358820438385,0.6844462752342224,0.0339306034147739,0.6429251432418823,0.6742619276046753,0.0626049861311912,0.5134984254837036,0.7336147427558899,0.0946349129080772,0.6096484661102295,0.7041042447090149,0.1486434042453766,0.5173593759536743,0.7513233423233032,0.0982081368565559,0.6007522344589233,0.7174302339553833,0.1666283160448074,0.5279212594032288,0.7416708469390869,0.1043354868888855,0.5918879508972168,0.7115253806114197,0.1653290092945099,0.5293189287185669,0.7335875034332275,0.0973591357469558,0.5922216773033142,0.7045567631721497,0.1494196355342865,0.5529947876930237,0.7996482253074646,0.0272219888865947,0.6172425746917725,0.795250654220581,-0.0271821804344654,0.5458205938339233,0.9609549641609192,0.0896589383482933,0.6345299482345581,0.9721148610115052,0.0193659998476505,0.529547393321991,1.0981544256210327,0.1530550271272659,0.6392402648925781,1.1452089548110962,0.059126578271389,0.529309868812561,1.124860405921936,0.1578079015016555,0.634445071220398,1.1744511127471924,0.0639484673738479,0.5241872668266296,1.1139813661575315,0.1411260813474655,0.6583298444747925,1.1636136770248413,0.0315164476633071,7.643421649932861,neutro
1761586138.5238483,0,0.5685828924179077,0.4930463135242462,0.2351785451173782,0.5651050209999084,0.4817789793014526,0.1986249983310699,0.5626442432403564,0.4819368720054626,0.1985792815685272,0.5598381161689758,0.482346624135971,0.1984811127185821,0.5724149942398071,0.4804657101631164,0.2015658617019653,0.5752374529838562,0.4795710444450378,0.2015503346920013,0.5785154104232788,0.478744626045227,0.2014118880033493,0.5541019439697266,0.489489734172821,0.0662536695599556,0.5848722457885742,0.4843237996101379,0.0925590395927429,0.5661920309066772,0.5026028752326965,0.1944985091686248,0.5737414956092834,0.5027045011520386,0.1990558207035064,0.5192364454269409,0.5684165358543396,0.0135239586234092,0.6321529746055603,0.558781087398529,0.0165799520909786,0.4927977621555328,0.6831904649734497,0.0898906961083412,0.6440454721450806,0.6645258069038391,0.0979971513152122,0.5215592980384827,0.7034445405006409,0.2959704995155334,0.6066261529922485,0.6525518298149109,0.2997224628925323,0.525695264339447,0.7126001119613647,0.3231382369995117,0.5989200472831726,0.6516034603118896,0.3379696309566498,0.5355135202407837,0.7026083469390869,0.32516610622406,0.590069591999054,0.6455902457237244,0.3360510170459747,0.53756183385849,0.698029637336731,0.3018800318241119,0.5905671119689941,0.6447737812995911,0.3043863773345947,0.5553827285766602,0.7992262244224548,0.0261991862207651,0.6191592216491699,0.7948158979415894,-0.0262284688651561,0.5484750866889954,0.960975706577301,0.0816236063838005,0.6363784670829773,0.9720800518989564,0.0105657773092389,0.5307303667068481,1.104371428489685,0.1297024339437484,0.6388664841651917,1.144392490386963,0.0253254976123571,0.5301223993301392,1.1303375959396362,0.1336295008659362,0.6321918964385986,1.1743149757385254,0.0277399979531765,0.525732159614563,1.1245479583740234,0.1233981102705001,0.6570839881896973,1.1636520624160769,0.0012563895434141,7.686185598373413,neutro
1761586138.5710068,0,0.5730602741241455,0.4935480058193207,0.2439493238925933,0.5699611902236938,0.4818928837776184,0.2062547653913498,0.567725419998169,0.4820891320705414,0.206205204129219,0.56517094373703,0.4825373291969299,0.2061218917369842,0.576717734336853,0.4805857539176941,0.2080927789211273,0.5793627500534058,0.4797191917896271,0.2080189883708953,0.582455039024353,0.4789083898067474,0.2078206539154052,0.5593999028205872,0.4900507032871246,0.0740973651409149,0.5884227156639099,0.4847621321678161,0.0855156779289245,0.5710439085960388,0.5034348964691162,0.203303575515747,0.5780625939369202,0.5036682486534119,0.206153005361557,0.5226226449012756,0.5685338973999023,0.0272251609712839,0.6362935304641724,0.5589103698730469,0.0177002754062414,0.4979666769504547,0.6831629872322083,0.0680720061063766,0.6449474692344666,0.6551193594932556,0.0897827595472335,0.5323392152786255,0.712136447429657,0.1704066544771194,0.6072311997413635,0.6417063474655151,0.2601141929626465,0.5364949703216553,0.7269052863121033,0.1824913024902343,0.6004153490066528,0.6400413513183594,0.2839639782905578,0.5449543595314026,0.7191860675811768,0.1831853687763214,0.5917128324508667,0.6351238489151001,0.2749117910861969,0.5466938018798828,0.7123305201530457,0.1717322766780853,0.5918017625808716,0.6343660354614258,0.2582480311393738,0.5586485862731934,0.7991548776626587,0.0348052121698856,0.6209180355072021,0.7948012948036194,-0.0348706468939781,0.5505741238594055,0.9612721800804138,0.0868838280439376,0.6378025412559509,0.9738237857818604,-0.0009845979511737,0.5333489775657654,1.110701322555542,0.1427949219942093,0.6372808218002319,1.1485902070999146,0.0279761906713247,0.5314078330993652,1.1378847360610962,0.1465455740690231,0.632079541683197,1.1793235540390017,0.0306996759027242,0.5332955718040466,1.1298089027404783,0.1240437626838684,0.6570333242416382,1.1674437522888184,-0.0115720061585307,7.733344078063965,neutro
1761586138.6191308,0,0.5769964456558228,0.4946087300777435,0.2409182786941528,0.5739540457725525,0.4828273355960846,0.2045938968658447,0.5716937780380249,0.4830367267131805,0.2045507431030273,0.5691550374031067,0.4834299385547638,0.2044662237167358,0.580710768699646,0.481469452381134,0.2058132886886596,0.5832945108413696,0.4806122183799743,0.2057350873947143,0.586247444152832,0.4797626137733459,0.2055467367172241,0.563179612159729,0.4906630218029022,0.0773900672793388,0.5920481085777283,0.4855516850948334,0.0824188143014907,0.5749949216842651,0.5043656229972839,0.2018534690141677,0.5819076299667358,0.5047162771224976,0.2035748064517974,0.526607871055603,0.5675715208053589,0.0233982447534799,0.6389289498329163,0.5588247776031494,0.0248828772455453,0.5074959993362427,0.6809470057487488,0.0180485323071479,0.6488887667655945,0.6447474956512451,0.090335376560688,0.5359863042831421,0.7390772700309753,0.0830430760979652,0.6133080720901489,0.6288725733757019,0.2662976086139679,0.5332669615745544,0.7815908789634705,0.0890077650547027,0.6099250912666321,0.6253175139427185,0.2991903424263,0.5466495752334595,0.7541016340255737,0.0936885774135589,0.6016787886619568,0.6214617490768433,0.3025231063365936,0.5435327887535095,0.7590339183807373,0.0854839831590652,0.6010075807571411,0.6221187114715576,0.2716307044029236,0.5623685121536255,0.7970707416534424,0.0312516912817955,0.6236059665679932,0.7928521633148193,-0.0313018262386322,0.5533797740936279,0.9612120985984802,0.0986644774675369,0.637895941734314,0.9728274941444396,0.0119161829352378,0.5368674397468567,1.109066605567932,0.1511742919683456,0.6375769376754761,1.146168231964111,0.0461923368275165,0.5353704690933228,1.1367073059082031,0.1591087877750396,0.6320637464523315,1.1765302419662476,0.050177801400423,0.5358740091323853,1.1264750957489014,0.1489875763654709,0.6585334539413452,1.1641889810562134,0.0113770710304379,7.781468152999878,neutro
1761586138.6643248,0,0.5892578363418579,0.4945993721485138,0.2774510383605957,0.5845102071762085,0.4828776717185974,0.2436293661594391,0.5820030570030212,0.4830163717269897,0.2435935735702514,0.5793255567550659,0.4833554923534393,0.2434877157211303,0.5926305055618286,0.4816456735134125,0.249506264925003,0.5957655310630798,0.4808045923709869,0.2494450509548187,0.5991461277008057,0.4799581468105316,0.2493218928575515,0.5739264488220215,0.4905547201633453,0.1201547607779502,0.6053929924964905,0.4855254590511322,0.1450018137693405,0.5874258279800415,0.5043094754219055,0.2394682914018631,0.5952227115631104,0.504652738571167,0.2465828955173492,0.5468964576721191,0.5635530352592468,0.0470831654965877,0.6519455313682556,0.5591161847114563,0.0845158249139785,0.5235361456871033,0.6755240559577942,-0.0129476757720112,0.6486976146697998,0.6486791372299194,0.03705820068717,0.5376870036125183,0.7450495362281799,-0.0103679709136486,0.6141060590744019,0.6666972041130066,-0.01113420445472,0.535200834274292,0.7827299237251282,-0.0212382245808839,0.6109216213226318,0.6788514256477356,-0.0125644654035568,0.5430795550346375,0.7747610807418823,-0.0137018589302897,0.6038349866867065,0.6699591279029846,-0.009483684785664,0.544021487236023,0.761944055557251,-0.0080818925052881,0.6022969484329224,0.6635420918464661,-0.0120465662330389,0.5710846185684204,0.7907645106315613,0.0251821484416723,0.6333333253860474,0.7905480265617371,-0.0252091027796268,0.5606467723846436,0.9482500553131104,0.0967516005039215,0.6397750377655029,0.961584448814392,0.030540844425559,0.5381994247436523,1.0802339315414429,0.1593230068683624,0.6448931694030762,1.1289516687393188,0.0815860778093338,0.539321780204773,1.107566475868225,0.1658882796764373,0.6389983296394348,1.1603935956954956,0.0886057540774345,0.533237874507904,1.0891257524490356,0.1581427305936813,0.6628144979476929,1.1383812427520752,0.0446683540940284,7.826662063598633,neutro
1761586138.7109444,0,0.5928635001182556,0.4967052638530731,0.2707903385162353,0.5891667604446411,0.4849254786968231,0.2272836416959762,0.5865617990493774,0.4849490225315094,0.2272467315196991,0.5836750268936157,0.4852025210857391,0.2271998226642608,0.5969498753547668,0.483993262052536,0.2310727834701538,0.6000429391860962,0.4832163155078888,0.2310243397951126,0.6033729314804077,0.4823808372020721,0.2308365404605865,0.5788365602493286,0.4918795526027679,0.0939909815788269,0.6105818152427673,0.4871602356433868,0.1123368889093399,0.5906211733818054,0.5059864521026611,0.2214544117450714,0.5986133813858032,0.5069186687469482,0.226964384317398,0.5483575463294983,0.5636693239212036,0.0342153087258338,0.6543929576873779,0.5589733719825745,0.0536251254379749,0.5239012837409973,0.6748409867286682,-0.0203588083386421,0.6594539284706116,0.6487790942192078,0.0256897713989019,0.5467846393585205,0.7417858839035034,0.0173946060240268,0.6245056390762329,0.6700693964958191,0.0432438254356384,0.5558980703353882,0.7758185863494873,0.0131998406723141,0.6207796931266785,0.6819682717323303,0.0528751984238624,0.5663224458694458,0.7626287937164307,0.0200457368046045,0.6138643026351929,0.673966109752655,0.0564352795481681,0.5673152804374695,0.7537196278572083,0.01952700689435,0.6121131181716919,0.6681234240531921,0.0443593002855777,0.5745749473571777,0.7891870737075806,0.0173106603324413,0.6363785862922668,0.7895695567131042,-0.0173300337046384,0.5631518363952637,0.944706916809082,0.0968833714723587,0.6416946053504944,0.9564274549484252,0.0631580352783203,0.5419131517410278,1.074792504310608,0.1731855124235153,0.6472651362419128,1.114885687828064,0.1260922700166702,0.5438939332962036,1.102853775024414,0.1831474900245666,0.6417004466056824,1.1451841592788696,0.1351628005504608,0.5326095819473267,1.0823272466659546,0.1812477558851242,0.6646435260772705,1.124711275100708,0.1140186190605163,7.873281717300415,neutro
1761586138.75801,0,0.5962945222854614,0.498122900724411,0.2565335631370544,0.5928102135658264,0.4860883355140686,0.2189165651798248,0.5901021361351013,0.4859987199306488,0.2188914567232132,0.5871384143829346,0.4861438572406769,0.2187988758087158,0.6002606153488159,0.4853605031967163,0.2229309529066085,0.6031315326690674,0.4845977425575256,0.2228833884000778,0.606334388256073,0.4837798774242401,0.2227207869291305,0.58278888463974,0.4924831092357635,0.0951724126935005,0.6142831444740295,0.4880838692188263,0.1127115488052368,0.5935898423194885,0.5071534514427185,0.2153094559907913,0.6011869311332703,0.5081942081451416,0.2205137014389038,0.5539617538452148,0.5618183612823486,0.0277981869876384,0.6559790968894958,0.5586939454078674,0.0570744201540946,0.5248534679412842,0.669805645942688,-0.021978635340929,0.6591812968254089,0.650330662727356,0.0287682265043258,0.5473253726959229,0.7404218912124634,0.0036029550246894,0.6252343058586121,0.6790948510169983,0.0348893031477928,0.5473841428756714,0.7768952250480652,-0.0054564080201089,0.6217398047447205,0.6952802538871765,0.0440067052841186,0.557052493095398,0.7657137513160706,0.0027257243636995,0.6155022978782654,0.6876367330551147,0.0449723079800605,0.5587572455406189,0.7556406259536743,0.0057624201290309,0.614073634147644,0.680044412612915,0.0350078120827674,0.5770412683486938,0.7862781882286072,0.0095502929762005,0.6390005350112915,0.7872214913368225,-0.0095640728250145,0.5668162107467651,0.9457793831825256,0.0713923647999763,0.6437662243843079,0.9524905681610109,0.0643613189458847,0.5469014048576355,1.0758126974105835,0.1424467265605926,0.6492746472358704,1.104625582695007,0.1256688386201858,0.5485244393348694,1.1038082838058472,0.1501200497150421,0.6437543630599976,1.1342381238937378,0.1341125667095184,0.5378962755203247,1.0849658250808716,0.1317456811666488,0.6653896570205688,1.115641951560974,0.1083405762910842,7.920347213745117,neutro
1761586138.8039095,0,0.5994440913200378,0.499201089143753,0.2642501592636108,0.5955172777175903,0.4870340228080749,0.2308681309223175,0.5926464796066284,0.4869152903556824,0.2308572083711624,0.5895805954933167,0.487048327922821,0.2307620048522949,0.6034315824508667,0.4864115417003631,0.2341560423374176,0.606332004070282,0.4856992661952972,0.2340911924839019,0.609559178352356,0.4849749803543091,0.2339439392089843,0.5860964059829712,0.4932183027267456,0.1132619604468345,0.616877019405365,0.489139974117279,0.1266845017671585,0.5966711044311523,0.5081505179405212,0.2277207672595977,0.6048670411109924,0.509035587310791,0.2317796498537063,0.5568310618400574,0.5625421404838562,0.0495851933956146,0.6607998013496399,0.5593242049217224,0.0667526572942733,0.529979944229126,0.6710442900657654,0.0036464948207139,0.6631131768226624,0.6508899331092834,0.0715212821960449,0.5498438477516174,0.7397091388702393,0.0433737486600875,0.6291125416755676,0.6821079850196838,0.1098917573690414,0.5480942130088806,0.775343120098114,0.0400587543845176,0.6251927018165588,0.6971175074577332,0.120043858885765,0.5568326711654663,0.7660123109817505,0.047022596001625,0.6176854372024536,0.6890383958816528,0.12147057056427,0.5589105486869812,0.7557321190834045,0.0454860925674438,0.616388738155365,0.6815788149833679,0.1101038604974746,0.5803355574607849,0.7862668633460999,0.0097435135394334,0.643089771270752,0.7872277498245239,-0.0097215957939624,0.5665463805198669,0.9467361569404602,0.0683612078428268,0.646135687828064,0.9538482427597046,0.0347867235541343,0.5468780994415283,1.0785560607910156,0.1225923299789428,0.6476802229881287,1.1056462526321411,0.0649856626987457,0.5476530194282532,1.106380820274353,0.1278840601444244,0.641882598400116,1.1351191997528076,0.0699567645788192,0.5386883020401001,1.087510347366333,0.1070419922471046,0.6642941236495972,1.121553659439087,0.0371795706450939,7.966246843338013,neutro
1761586138.853093,0,0.6040882468223572,0.4987662434577942,0.249761626124382,0.6000034809112549,0.486207365989685,0.2213988751173019,0.597284197807312,0.4860770106315613,0.2213964015245437,0.5943810343742371,0.4862348735332489,0.2212980687618255,0.6076928377151489,0.4857722818851471,0.2243809700012207,0.6105560660362244,0.4851531386375427,0.2243129909038543,0.6137452125549316,0.4845459163188934,0.2241982668638229,0.5909582376480103,0.4929457008838653,0.1018221005797386,0.6215595006942749,0.4890390336513519,0.1170209646224975,0.6018592715263367,0.5079752206802368,0.2163435667753219,0.6096811890602112,0.5087536573410034,0.2201391905546188,0.560624897480011,0.5625806450843811,0.0401337333023548,0.6663438081741333,0.5607320666313171,0.0556976795196533,0.5365091562271118,0.6715115904808044,0.0045958282425999,0.668252170085907,0.6578404903411865,0.0701255053281784,0.5548619031906128,0.7388741970062256,0.0580666288733482,0.6314396262168884,0.7016304135322571,0.113522469997406,0.552396297454834,0.7729098200798035,0.0574243180453777,0.6268132328987122,0.7171326279640198,0.1248944252729415,0.5597977638244629,0.7632786631584167,0.0647124275565147,0.6192814111709595,0.7100868821144104,0.1303470432758331,0.5635300874710083,0.7533568739891052,0.0608814172446727,0.6185025572776794,0.7026327252388,0.1132037192583084,0.5838130116462708,0.7859259247779846,0.0088857561349868,0.6452828645706177,0.7867522835731506,-0.0088569950312376,0.5665478706359863,0.9474378824234008,0.0726811438798904,0.6473042368888855,0.954736828804016,0.036759927868843,0.5463970899581909,1.0798696279525757,0.1353340744972229,0.6472473740577698,1.1093556880950928,0.074424460530281,0.5467389822006226,1.1078547239303589,0.1412060111761093,0.6418848633766174,1.1396740674972534,0.0801690965890884,0.5383285284042358,1.090311050415039,0.124402604997158,0.6634670495986938,1.122018814086914,0.0502039417624473,8.015430212020874,neutro
1761586138.8987544,0,0.6069216728210449,0.4989450573921203,0.2481893002986908,0.6028609871864319,0.4865008592605591,0.217419296503067,0.6000610589981079,0.4863348603248596,0.2174037396907806,0.5971094369888306,0.4864321947097778,0.2173029482364654,0.6106290817260742,0.4861353933811188,0.2204994261264801,0.6133754849433899,0.4855692684650421,0.2204378396272659,0.616318941116333,0.485040009021759,0.2203071117401123,0.5932244062423706,0.492980033159256,0.0991493090987205,0.6238080263137817,0.4896487295627594,0.1105535626411438,0.6039026379585266,0.5082754492759705,0.2131442129611969,0.6119139194488525,0.5088900327682495,0.2174975126981735,0.5633093118667603,0.5645596981048584,0.0377925410866737,0.6692837476730347,0.5630353689193726,0.0514626502990722,0.5447666645050049,0.6721092462539673,0.0019692629575729,0.6717730760574341,0.6628618240356445,0.0317903496325016,0.5607701539993286,0.7409020066261292,0.042116455733776,0.6338022947311401,0.7016369104385376,0.050142727792263,0.5583693385124207,0.7768476009368896,0.0395585112273693,0.6289541721343994,0.7166029214859009,0.0597108118236064,0.5671103596687317,0.7644973993301392,0.0472923666238784,0.6211564540863037,0.709186851978302,0.0614540986716747,0.5684601068496704,0.7564728856086731,0.0443136468529701,0.620416522026062,0.7019481062889099,0.0502302721142768,0.5878827571868896,0.7860329747200012,0.0103819696232676,0.6478001475334167,0.7868233919143677,-0.0103283962234854,0.5684438347816467,0.947942078113556,0.0794302970170974,0.6494536995887756,0.9563072323799132,0.0272415019571781,0.5458120703697205,1.0770468711853027,0.1395640820264816,0.6486683487892151,1.1111005544662476,0.0604464299976825,0.5457165241241455,1.1042619943618774,0.1437310427427292,0.643286406993866,1.1425299644470217,0.0651702359318733,0.5383551120758057,1.089712619781494,0.1326536834239959,0.6648683547973633,1.1285977363586426,0.0303234346210956,8.061091661453247,neutro
1761586138.9439547,0,0.6099021434783936,0.4991492629051208,0.2474453896284103,0.6057018637657166,0.4867420792579651,0.2160210907459259,0.602911651134491,0.4865586161613464,0.2159988433122635,0.6000055074691772,0.4866236746311188,0.2158984243869781,0.6134511232376099,0.4863457381725311,0.218673899769783,0.6161808967590332,0.4857712388038635,0.2186128199100494,0.6191157102584839,0.4852604866027832,0.2184743881225586,0.5960126519203186,0.4930358827114105,0.0990685001015663,0.6263410449028015,0.4899858236312866,0.1078018099069595,0.6067556738853455,0.5085543394088745,0.2119448482990265,0.6147192716598511,0.5089580416679382,0.2156960666179657,0.5654102563858032,0.5654220581054688,0.0351005382835865,0.6720893383026123,0.5647579431533813,0.0501968450844287,0.544662356376648,0.672467827796936,-0.0060957917012274,0.6769160032272339,0.6626825928688049,0.0267816539853811,0.5601015090942383,0.7425069212913513,0.0295903179794549,0.6390413045883179,0.6993465423583984,0.0399128347635269,0.5570698380470276,0.7787392139434814,0.025961110368371,0.6343570947647095,0.7138339877128601,0.0492461137473583,0.5658726692199707,0.7665412425994873,0.0344951823353767,0.6263092756271362,0.7064745426177979,0.0516731366515159,0.5677444338798523,0.7583086490631104,0.0320219881832599,0.625566840171814,0.6995441317558289,0.0404373556375503,0.5906173586845398,0.7858545780181885,0.0108828116208314,0.6499820947647095,0.7864440083503723,-0.0108444700017571,0.5701957941055298,0.9447795152664183,0.0753910094499588,0.6513708829879761,0.956628441810608,0.0282063819468021,0.5468332767486572,1.0720312595367432,0.1397650241851806,0.6482324600219727,1.1137912273406982,0.0640108436346054,0.5466668605804443,1.0989246368408203,0.145126923918724,0.6427304744720459,1.1441131830215454,0.0689313933253288,0.5381478071212769,1.0848873853683472,0.1263410300016403,0.6647258996963501,1.1309659481048584,0.0339198373258113,8.106292009353638,neutro
1761586138.9911256,0,0.6130535006523132,0.4997000098228454,0.2470005005598068,0.6086291074752808,0.4874876141548157,0.215322807431221,0.6057744026184082,0.487279325723648,0.2153015583753585,0.6028198003768921,0.4872952699661255,0.2152028828859329,0.6165441870689392,0.4871354401111603,0.2180298864841461,0.6192703247070312,0.4865835309028625,0.21796715259552,0.6221787333488464,0.4861103296279907,0.2178289592266082,0.5988142490386963,0.4933056831359863,0.0981356352567672,0.6293642520904541,0.4906463623046875,0.1081478595733642,0.6098925471305847,0.5091063380241394,0.2111602276563644,0.6179247498512268,0.5093169808387756,0.214788943529129,0.5672091245651245,0.5658085346221924,0.0333871580660343,0.6752334237098694,0.5666641592979431,0.0558080486953258,0.5488775968551636,0.6725383996963501,-0.0008414135081693,0.6885504722595215,0.6625741720199585,0.0783388167619705,0.5655410289764404,0.7418794631958008,0.0558690503239631,0.6434816122055054,0.698388397693634,0.1614653766155243,0.5592314600944519,0.7785386443138123,0.0567869767546653,0.6377385854721069,0.7129251956939697,0.1820983290672302,0.5716968774795532,0.7646723389625549,0.0684234723448753,0.6294362545013428,0.7053050398826599,0.1806232929229736,0.5775183439254761,0.7555379867553711,0.0598614588379859,0.6289794445037842,0.6984014511108398,0.1624419689178466,0.5922838449478149,0.7846523523330688,0.0038665526080876,0.6524505019187927,0.7855355739593506,-0.0038318685255944,0.5727277994155884,0.945471465587616,0.061537355184555,0.6515858173370361,0.956760048866272,0.0283622406423091,0.5504812002182007,1.0734620094299316,0.1211730614304542,0.648373007774353,1.113669753074646,0.0658180192112922,0.5514494180679321,1.1009138822555542,0.1264804899692535,0.6430885195732117,1.1433433294296265,0.0704540759325027,0.5392528772354126,1.0857487916946411,0.1102316230535507,0.6639604568481445,1.1307626962661743,0.0400294065475463,8.153462886810303,neutro
1761586139.0384064,0,0.619475781917572,0.5000352263450623,0.2567851543426513,0.6153011918067932,0.4878022372722626,0.2223068475723266,0.6123528480529785,0.4876144528388977,0.2222925126552581,0.609208881855011,0.4876922369003296,0.2222040891647339,0.6232708692550659,0.487496942281723,0.2272814959287643,0.626213788986206,0.4869714975357055,0.2272088825702667,0.629485011100769,0.4865433573722839,0.2270766049623489,0.6053032279014587,0.4936437904834747,0.0975938364863395,0.636732280254364,0.4911340177059173,0.117512010037899,0.6164447069168091,0.5093408823013306,0.2182491570711136,0.6245540380477905,0.5097504258155823,0.2248627692461013,0.5743091702461243,0.5659137964248657,0.030063658952713,0.686374306678772,0.5675795078277588,0.071508303284645,0.5540465116500854,0.6741284728050232,-0.0010816971771419,0.7000554203987122,0.6787326335906982,0.123624637722969,0.5634647011756897,0.7541111707687378,0.0675961375236511,0.6706283688545227,0.7270829677581787,0.2404876500368118,0.5606405735015869,0.7835557460784912,0.0675522089004516,0.6613270044326782,0.756901741027832,0.2624568343162536,0.5712520480155945,0.7767276763916016,0.0809787958860397,0.6545189023017883,0.7524521350860596,0.2607276439666748,0.5750847458839417,0.765034019947052,0.0728242397308349,0.6542933583259583,0.7428675293922424,0.2421623468399047,0.5995434522628784,0.7848890423774719,-0.0074073011055588,0.6615619659423828,0.7869511246681213,0.0074630649760365,0.5774663686752319,0.9457445740699768,0.0674911588430404,0.6575633883476257,0.9590609073638916,0.0639721378684043,0.5583395957946777,1.074636459350586,0.1722481846809387,0.6482975482940674,1.1222258806228638,0.1366447508335113,0.5600714087486267,1.1021326780319214,0.1833181679248809,0.6429506540298462,1.151666283607483,0.1453578770160675,0.5422958135604858,1.0850396156311035,0.1724345535039901,0.654842734336853,1.1344571113586426,0.1160703301429748,8.200743675231934,neutro
1761586139.08691,0,0.6236974000930786,0.4997233748435974,0.2544997334480285,0.618773877620697,0.4875050485134125,0.2203343212604522,0.6156109571456909,0.4873365461826324,0.2203165292739868,0.612350583076477,0.4874380230903625,0.2202227413654327,0.6273543834686279,0.4872210621833801,0.2246071398258209,0.630226731300354,0.4867197275161743,0.2245396077632904,0.6331894397735596,0.4863539636135101,0.2244026362895965,0.6080736517906189,0.4935709536075592,0.0967041477560997,0.6404148936271667,0.4910725951194763,0.114165149629116,0.6199755072593689,0.509261965751648,0.2164217680692672,0.6289845705032349,0.5095535516738892,0.2220803946256637,0.5783873200416565,0.5660726428031921,0.0364262908697128,0.6883313655853271,0.5683397054672241,0.0666298940777778,0.5600499510765076,0.6745465397834778,0.0361604392528533,0.7046881318092346,0.6784327030181885,0.1086742058396339,0.5729148387908936,0.7530767321586609,0.1319406330585479,0.6778875589370728,0.7394493818283081,0.2335212528705597,0.5698522925376892,0.7832012176513672,0.1389640867710113,0.6714524626731873,0.7644065618515015,0.2569521367549896,0.5848032236099243,0.76445072889328,0.148379310965538,0.6607497930526733,0.7627528309822083,0.2554405331611633,0.586284875869751,0.7560517191886902,0.1366172283887863,0.6608254909515381,0.7536401152610779,0.2359771728515625,0.6017783880233765,0.7837420105934143,-0.0071941269561648,0.6634489297866821,0.7869879007339478,0.0072109578177332,0.5813170671463013,0.9458120465278624,0.0761782899498939,0.6580578088760376,0.9595365524291992,0.0576972439885139,0.5594456791877747,1.0750772953033447,0.1747356057167053,0.6485287547111511,1.1227824687957764,0.122774913907051,0.5595837831497192,1.1022800207138062,0.1841754168272018,0.6428228616714478,1.1517205238342283,0.1312990337610244,0.5477818250656128,1.0860381126403809,0.1759887039661407,0.6554084420204163,1.135676026344299,0.1064243465662002,8.249247312545776,neutro
1761586139.1328156,0,0.6259369254112244,0.499415785074234,0.242944598197937,0.62088942527771,0.4872787594795227,0.2097058296203613,0.6175918579101562,0.487074077129364,0.2096970826387405,0.6142228245735168,0.4871270358562469,0.2095902860164642,0.629780650138855,0.4870322048664093,0.2124634087085724,0.6327021718025208,0.4865469932556152,0.2124309986829757,0.6356059908866882,0.4862061440944671,0.2122868299484253,0.6094948649406433,0.493343710899353,0.0882830023765564,0.642656683921814,0.4910224080085754,0.1001335009932518,0.6216663122177124,0.5090029239654541,0.2058162242174148,0.6313484907150269,0.5092287063598633,0.2097547799348831,0.5794768333435059,0.5660721659660339,0.031806718558073,0.6869511008262634,0.5683023929595947,0.0483730398118495,0.5637771487236023,0.674716055393219,0.0296868588775396,0.7053062319755554,0.6780222058296204,0.0974528044462204,0.5705873370170593,0.753254771232605,0.119087740778923,0.6814091801643372,0.7424116134643555,0.2169918268918991,0.570875346660614,0.7821670174598694,0.1255636662244796,0.6779388189315796,0.7660167217254639,0.2404960840940475,0.5863949656486511,0.764086127281189,0.1340848356485366,0.6648105978965759,0.7668315172195435,0.2394218742847442,0.587529182434082,0.7555570006370544,0.1234558597207069,0.6699778437614441,0.7512167096138,0.2196594029664993,0.6034324765205383,0.7826617360115051,-0.0044747446663677,0.6649064421653748,0.7867472171783447,0.0045224158093333,0.5847205519676208,0.9448530077934264,0.0884831100702285,0.6581599116325378,0.9590477347373962,0.0689190998673439,0.5614773631095886,1.074138045310974,0.1886976212263107,0.6482555866241455,1.116428017616272,0.1476471722126007,0.5613183379173279,1.1016017198562622,0.1986390650272369,0.6426562666893005,1.1442385911941528,0.1576501429080963,0.5512791275978088,1.0844789743423462,0.1931211650371551,0.6552410125732422,1.12962543964386,0.1380266398191452,8.29515290260315,neutro
1761586139.1785488,0,0.6270621418952942,0.499302864074707,0.2680839002132416,0.622157871723175,0.4872539639472961,0.2339884042739868,0.618923544883728,0.4870409369468689,0.2340046614408493,0.6156294345855713,0.4870812594890594,0.2338805198669433,0.6308255195617676,0.487007737159729,0.2374285906553268,0.6336596608161926,0.4865071177482605,0.2373998612165451,0.6365115642547607,0.4861456155776977,0.2372790873050689,0.6109597086906433,0.4933299124240875,0.1049766167998313,0.6436630487442017,0.4909926354885101,0.1193902492523193,0.6227093935012817,0.5089731812477112,0.2279504984617233,0.6322323083877563,0.5091354250907898,0.2324907779693603,0.579058051109314,0.5672656297683716,0.0403837673366069,0.6894146800041199,0.5687256455421448,0.0683944970369339,0.5621076822280884,0.6768593192100525,0.088378682732582,0.7074366807937622,0.6820118427276611,0.1434762179851532,0.5760786533355713,0.7484598755836487,0.2514815926551819,0.6800127029418945,0.7441990971565247,0.2789340317249298,0.5827287435531616,0.7642648220062256,0.2681084275245666,0.672183096408844,0.7676594257354736,0.3053590655326843,0.5932455658912659,0.756141722202301,0.2761839628219604,0.6629937887191772,0.7638813853263855,0.3013017773628235,0.5942014455795288,0.7489908337593079,0.2577395439147949,0.6642968654632568,0.7536794543266296,0.2806934714317322,0.60539311170578,0.7825488448143005,-0.0032973610796034,0.6674667596817017,0.7867728471755981,0.0033583201002329,0.5854198932647705,0.9447431564331056,0.0887632668018341,0.6582368612289429,0.9590876698493958,0.0776646062731742,0.5643993616104126,1.0687443017959597,0.1991536766290664,0.6462603807449341,1.1159021854400637,0.1681686490774154,0.5644965767860413,1.0948772430419922,0.2109738886356353,0.6409749984741211,1.1431270837783811,0.1794190257787704,0.552855372428894,1.0794378519058228,0.2107933014631271,0.6486706733703613,1.1298688650131226,0.1631908118724823,8.340886116027832,neutro
1761586139.2258897,0,0.6276990175247192,0.4992708265781402,0.2638143897056579,0.6230794191360474,0.4871999025344848,0.2292428463697433,0.6199754476547241,0.4869947433471679,0.2292327433824539,0.6167715191841125,0.4870388805866241,0.229106456041336,0.6314273476600647,0.4869340062141418,0.2335815131664276,0.6342099905014038,0.4864290058612823,0.233544036746025,0.6370526552200317,0.4860607981681824,0.2334344089031219,0.6119954586029053,0.4933073818683624,0.1023833900690078,0.6441336274147034,0.4910829365253448,0.1143576949834823,0.6233828663825989,0.5089277625083923,0.2248342037200927,0.632721483707428,0.5091059803962708,0.2316907197237014,0.5794166326522827,0.5672946572303772,0.0373988151550293,0.6896114349365234,0.5687645077705383,0.0640843212604522,0.5620303750038147,0.6769638061523438,0.0591919496655464,0.7068190574645996,0.6804393529891968,0.1259119808673858,0.5717912912368774,0.7495238184928894,0.1644940972328186,0.6826795935630798,0.743263840675354,0.2702904343605041,0.5752859115600586,0.776283323764801,0.1722108721733093,0.67852783203125,0.7657912969589233,0.2984467446804046,0.586196780204773,0.7655240297317505,0.1806919276714325,0.6649469137191772,0.764816403388977,0.2960859835147857,0.5877660512924194,0.7576843500137329,0.1691447347402572,0.6693553924560547,0.7508081197738647,0.2733456492424011,0.6068896651268005,0.7811385989189148,-0.0012045780895277,0.667403519153595,0.7863660454750061,0.0012514539994299,0.5870867371559143,0.9444364309310912,0.088889829814434,0.6586848497390747,0.9586843848228456,0.0716749057173729,0.5648585557937622,1.067818284034729,0.1923879534006118,0.6463661789894104,1.1162670850753784,0.1518944352865219,0.5649513006210327,1.0944901704788208,0.2030041217803955,0.6409441232681274,1.1435267925262451,0.1618804782629013,0.5538477301597595,1.078966498374939,0.2001098096370697,0.6498170495033264,1.130276441574097,0.1401781141757965,8.388226985931396,neutro
1761586139.2728696,0,0.628211259841919,0.4992226064205169,0.267493188381195,0.6235652565956116,0.4871553778648376,0.2345786988735199,0.6203795075416565,0.4869541823863983,0.2345806658267974,0.6170722842216492,0.4870015978813171,0.2344711273908615,0.6321390867233276,0.4868774712085724,0.2368264645338058,0.6349784731864929,0.4863699078559875,0.2367952316999435,0.6378719210624695,0.4859961867332458,0.236688807606697,0.6124653816223145,0.4932860136032104,0.1106832399964332,0.6448284387588501,0.4911154210567474,0.1184243932366371,0.6237238049507141,0.5088842511177063,0.229173332452774,0.6332603693008423,0.5090689659118652,0.2327485084533691,0.5797814726829529,0.5683466196060181,0.0529034249484539,0.6900730133056641,0.5705785155296326,0.0612708404660224,0.5623597502708435,0.6769823431968689,0.0673233643174171,0.7069830894470215,0.6800855398178101,0.1271677911281585,0.5736004710197449,0.7491253018379211,0.1754293143749237,0.6792771816253662,0.7405637502670288,0.2804132103919983,0.5770260691642761,0.776117205619812,0.1849791705608368,0.675101101398468,0.7615034580230713,0.3056070506572723,0.5922698974609375,0.764746367931366,0.1923505067825317,0.6640591621398926,0.7590605020523071,0.3050110936164856,0.5930595993995667,0.7575523853302002,0.1796219646930694,0.6652606725692749,0.7488265633583069,0.2837027907371521,0.6066604852676392,0.7808555960655212,0.0090311653912067,0.6676894426345825,0.7862256765365601,-0.0089725162833929,0.5897719860076904,0.9438109993934632,0.1233363971114158,0.659407377243042,0.9579443335533142,0.0704591646790504,0.5679824352264404,1.0595930814743042,0.2430018931627273,0.6466137170791626,1.1166343688964844,0.1476345956325531,0.5671553611755371,1.0853663682937622,0.2554785311222076,0.6409050226211548,1.1439883708953855,0.1585037261247635,0.5609346628189087,1.071423053741455,0.2560212314128876,0.6519023180007935,1.1304352283477783,0.137685626745224,8.435206890106201,neutro
1761586139.3190513,0,0.628940999507904,0.4992493689060211,0.2643268704414367,0.6243504285812378,0.4872362911701202,0.2312548458576202,0.6211813688278198,0.4870239198207855,0.2312587052583694,0.6178629398345947,0.4870557785034179,0.2311557531356811,0.6329203844070435,0.486933559179306,0.2335843592882156,0.6357624530792236,0.4864282608032226,0.2335468083620071,0.6386691331863403,0.4860565364360809,0.2334266006946563,0.6133657693862915,0.493285983800888,0.1074936762452125,0.6455879211425781,0.4913087785243988,0.116396889090538,0.6244885921478271,0.5088639259338379,0.2260926961898803,0.6338838338851929,0.5090454816818237,0.2295034676790237,0.5797638893127441,0.5684060454368591,0.0488769598305225,0.6910008192062378,0.5715757608413696,0.0597722046077251,0.5641530752182007,0.6772576570510864,0.0576107203960418,0.7074573636054993,0.6819151639938354,0.1262550503015518,0.5745459198951721,0.7495947480201721,0.1544133126735687,0.6798573732376099,0.7406612634658813,0.268795758485794,0.5756990313529968,0.7813047766685486,0.161578431725502,0.6747562885284424,0.7617829442024231,0.2945071756839752,0.5895034670829773,0.7682875394821167,0.1694729030132293,0.6640830636024475,0.757434606552124,0.292796790599823,0.5903264880180359,0.7605611085891724,0.158517375588417,0.6662633419036865,0.7477947473526001,0.2715014815330505,0.6075268387794495,0.7807681560516357,0.0065649016760289,0.6676076650619507,0.7861458659172058,-0.0065099895000457,0.5927890539169312,0.943958580493927,0.1126448735594749,0.6590595245361328,0.9566521048545836,0.0732287317514419,0.574749767780304,1.061713457107544,0.2245463132858276,0.6481227278709412,1.1161181926727295,0.1620038598775863,0.5753685235977173,1.0879570245742798,0.2362137585878372,0.6427872180938721,1.1433087587356567,0.1732677519321441,0.5662093758583069,1.0733197927474976,0.2341861277818679,0.6527760624885559,1.130752682685852,0.1522234678268432,8.481388568878174,neutro
1761586139.3686657,0,0.6305005550384521,0.4996064603328705,0.2524623274803161,0.6262814402580261,0.4876648783683777,0.2202407866716385,0.6232738494873047,0.4874196350574493,0.2202515602111816,0.620134711265564,0.4873835444450378,0.2201673239469528,0.6343551874160767,0.4873215854167938,0.2217715084552765,0.6370363831520081,0.4868021607398987,0.2217320203781128,0.6398122310638428,0.4864031672477722,0.2216055393218994,0.6155230402946472,0.4933862090110779,0.1004065722227096,0.6464992761611938,0.4916650950908661,0.1063923239707946,0.6261672377586365,0.5090901851654053,0.2155000865459442,0.6350482702255249,0.5092524886131287,0.217739462852478,0.5810109972953796,0.5683650374412537,0.0407405458390712,0.6903954744338989,0.5713646411895752,0.0520189888775348,0.5673624277114868,0.6772842407226562,0.0564072616398334,0.7076483964920044,0.6814812421798706,0.1196654438972473,0.5830108523368835,0.7494160532951355,0.1467324346303939,0.677645742893219,0.7379702925682068,0.2647310197353363,0.5875579118728638,0.7725489139556885,0.1533830463886261,0.671562910079956,0.7550514936447144,0.2928824424743652,0.5972259044647217,0.7669805884361267,0.1615481972694397,0.6615163683891296,0.7496474981307983,0.2909416556358337,0.5977121591567993,0.7597750425338745,0.1509110331535339,0.6628849506378174,0.7431862354278564,0.2674434185028076,0.6078711152076721,0.7786270380020142,0.006244521588087,0.667394757270813,0.7836058735847473,-0.0062024593353271,0.599978506565094,0.9403743147850036,0.097094789147377,0.6596234440803528,0.954477608203888,0.0668739527463913,0.583533763885498,1.062349557876587,0.1853502690792083,0.6540260910987854,1.1087530851364136,0.1381843090057373,0.5845329761505127,1.0888020992279053,0.1942987442016601,0.649644672870636,1.1354364156723022,0.1474543511867523,0.5755864381790161,1.0746666193008425,0.1865772306919098,0.660045862197876,1.1273576021194458,0.1266880929470062,8.53100299835205,neutro
1761586139.4153078,0,0.631015419960022,0.5003975629806519,0.2455781698226928,0.6267737150192261,0.48847496509552,0.2140247374773025,0.6237794756889343,0.488197922706604,0.2140343636274337,0.6206608414649963,0.4880995750427246,0.2139533311128616,0.634841799736023,0.4881495237350464,0.2152020633220672,0.6374872922897339,0.4876643121242523,0.2151585817337036,0.6402431726455688,0.4872827529907226,0.2150434553623199,0.6161006093025208,0.4938146471977234,0.0975490063428878,0.6465034484863281,0.4924823045730591,0.1017468720674514,0.6266661286354065,0.509776771068573,0.2096848934888839,0.6354517936706543,0.5100222826004028,0.2113576382398605,0.5813385248184204,0.5688096284866333,0.0405114851891994,0.6902029514312744,0.5713280439376831,0.047439619898796,0.5686253309249878,0.6776894330978394,0.0521727427840232,0.7066043019294739,0.6811363697052002,0.1173422932624816,0.5865341424942017,0.74912029504776,0.1439634412527084,0.6758559346199036,0.7340556383132935,0.2693759799003601,0.591215193271637,0.7681065201759338,0.1497930586338043,0.6698504090309143,0.7461827993392944,0.296539157629013,0.6002794504165649,0.7646013498306274,0.1583665758371353,0.6601006984710693,0.7413265705108643,0.2946152091026306,0.6009222865104675,0.7576043605804443,0.1486141979694366,0.661109447479248,0.7360250949859619,0.271880954504013,0.60788494348526,0.7777957916259766,0.0078091598115861,0.6675636172294617,0.7824240326881409,-0.0077813998796045,0.6031072735786438,0.9324354529380798,0.1111419424414634,0.6602786183357239,0.9523715376853944,0.0606832616031169,0.587468683719635,1.0549055337905884,0.2174683511257171,0.6578262448310852,1.1070109605789185,0.1371524780988693,0.5881147384643555,1.080441951751709,0.2285641878843307,0.6534047722816467,1.1330482959747314,0.1462464928627014,0.5820991396903992,1.0701638460159302,0.2243545949459076,0.6667712926864624,1.1277134418487549,0.124789610505104,8.577645063400269,neutro
1761586139.4597883,0,0.6311718225479126,0.5012208819389343,0.2548615634441376,0.6269711852073669,0.4893689751625061,0.2234118431806564,0.6239932179450989,0.4890809655189514,0.2234140187501907,0.6208661794662476,0.488959789276123,0.2233326435089111,0.6350497007369995,0.4891090393066406,0.2249669730663299,0.6376923322677612,0.4886943697929382,0.2249146252870559,0.6404297351837158,0.4883641600608825,0.2248015850782394,0.6163963079452515,0.4945299327373504,0.1050714030861854,0.6465222835540771,0.4934118092060089,0.1112807542085647,0.6268518567085266,0.5103918313980103,0.2182481288909912,0.6355983018875122,0.5107136368751526,0.220306321978569,0.5809481739997864,0.5688202381134033,0.0425668805837631,0.6901659369468689,0.5717703700065613,0.055893201380968,0.5683645009994507,0.6776800751686096,0.0439814664423465,0.7054169774055481,0.6806415319442749,0.1206111162900924,0.5827991962432861,0.7488582134246826,0.1143684238195419,0.6751549243927002,0.7284173369407654,0.2611581683158874,0.5893630981445312,0.7684394121170044,0.1189441680908203,0.6688705086708069,0.7399446368217468,0.2858877778053283,0.5987301468849182,0.7644794583320618,0.1280631124973297,0.6591366529464722,0.7371587753295898,0.2834523320198059,0.5995631217956543,0.7571775913238525,0.1181988343596458,0.6602640151977539,0.7317266464233398,0.262957364320755,0.6076582670211792,0.7775698900222778,0.0077933743596076,0.666922926902771,0.7823246717453003,-0.0077687157317996,0.604878306388855,0.932565450668335,0.1079880967736244,0.6603798866271973,0.9525477290153505,0.0512794479727745,0.5916581153869629,1.056623101234436,0.2102532386779785,0.6602128744125366,1.1080291271209717,0.122110940515995,0.592584490776062,1.082397699356079,0.2207015305757522,0.6559310555458069,1.1341068744659424,0.1309335231781005,0.5870364904403687,1.071561574935913,0.2153165340423584,0.6707730889320374,1.128014326095581,0.1034740656614303,8.622125625610352,neutro
1761586139.5089903,0,0.6310736536979675,0.502090573310852,0.2531797289848327,0.6268733739852905,0.4900812804698944,0.2222992479801178,0.6238881945610046,0.4897049367427826,0.2222948521375656,0.6207662224769592,0.489519715309143,0.2222069203853607,0.6349096894264221,0.4900101721286773,0.2235989868640899,0.6375212669372559,0.4896439015865326,0.2235557287931442,0.6402314901351929,0.489367127418518,0.2234581708908081,0.6165813207626343,0.4949159324169159,0.1041258126497268,0.6461692452430725,0.4942463040351867,0.1110295206308364,0.626773476600647,0.5109487771987915,0.2174642086029052,0.6354158520698547,0.5114626288414001,0.2192831337451934,0.580916166305542,0.5688310265541077,0.0435155108571052,0.6899559497833252,0.5719364881515503,0.0556454136967659,0.5692721605300903,0.6778551936149597,0.0430174656212329,0.7047330141067505,0.6803244352340698,0.1200353279709816,0.5905317664146423,0.7486482858657837,0.1182463020086288,0.6750476360321045,0.7266674637794495,0.2577784061431885,0.5963903665542603,0.7665673494338989,0.1239203438162803,0.6682742238044739,0.7401713728904724,0.2771897614002228,0.6056045889854431,0.7629386186599731,0.1326972693204879,0.6585329174995422,0.7373247742652893,0.2735208570957184,0.6061058044433594,0.7557457685470581,0.1222673207521438,0.659813404083252,0.7317036390304565,0.2574616074562073,0.6073125004768372,0.7772876620292664,0.0090415561571717,0.6664518713951111,0.7818785905838013,-0.0090018529444932,0.6065181493759155,0.9317968487739564,0.1112272292375564,0.6602901220321655,0.952071487903595,0.0462406128644943,0.5916837453842163,1.0560373067855835,0.2148905098438263,0.6629651784896851,1.108036756515503,0.1140224710106849,0.5925798416137695,1.0820233821868896,0.2254009991884231,0.6586607098579407,1.1340357065200806,0.1226613149046897,0.5875827074050903,1.0707318782806396,0.2172031700611114,0.675108790397644,1.128400444984436,0.0953993648290634,8.671327590942383,neutro
1761586139.554088,0,0.6307017207145691,0.5020804405212402,0.2438289672136306,0.6265243291854858,0.490030825138092,0.2142818421125412,0.6235661506652832,0.4896646738052368,0.2142710387706756,0.6204708814620972,0.4894919693470001,0.2141779214143753,0.6344951391220093,0.4899496436119079,0.2147140949964523,0.6371092796325684,0.4895774126052856,0.2146724760532379,0.639844536781311,0.4893011152744293,0.2145659923553466,0.6163331270217896,0.4948826134204864,0.1025218516588211,0.6458700895309448,0.4942367970943451,0.1045808643102645,0.6265107989311218,0.5109326243400574,0.2095474004745483,0.6350986361503601,0.5115055441856384,0.2103610038757324,0.5806108117103577,0.5685204267501831,0.0442193560302257,0.6896005868911743,0.5719425082206726,0.0444377958774566,0.5691131353378296,0.6778419613838196,0.0427142903208732,0.7042215466499329,0.6796538829803467,0.1004191264510154,0.5934426784515381,0.7482622265815735,0.1128355264663696,0.6748390197753906,0.7266321778297424,0.2337427884340286,0.5988814830780029,0.76569002866745,0.1187611445784568,0.6681095957756042,0.7403191924095154,0.2538976967334747,0.6080719232559204,0.7622717618942261,0.1260333359241485,0.6581953167915344,0.7367030382156372,0.2506095767021179,0.6085212230682373,0.7551115155220032,0.1158499121665954,0.6595279574394226,0.7310445308685303,0.2341862022876739,0.6071523427963257,0.7763551473617554,0.0142292622476816,0.6661330461502075,0.7809435725212097,-0.0141913788393139,0.6085864305496216,0.9309987425804138,0.1168871149420738,0.66017085313797,0.952217698097229,0.0382676497101783,0.5947108864784241,1.0548113584518433,0.2176411896944046,0.6626856923103333,1.106404423713684,0.1071204915642738,0.5949606895446777,1.0804952383041382,0.2275773584842682,0.658021092414856,1.1318721771240234,0.1158467084169387,0.5941871404647827,1.07042133808136,0.2181210964918136,0.6762605905532837,1.1282860040664673,0.0868319049477577,8.71642541885376,neutro
1761586139.6043775,0,0.6301978826522827,0.5018297433853149,0.2437051087617874,0.6259950399398804,0.4896653294563293,0.2137026041746139,0.6230312585830688,0.4893229603767395,0.2136939018964767,0.6199421882629395,0.4891981184482574,0.2136082202196121,0.6340030431747437,0.489524096250534,0.2143782079219818,0.6366327404975891,0.4891176521778106,0.214329794049263,0.6393792629241943,0.4888618290424347,0.2142146527767181,0.6159592866897583,0.4947065114974975,0.1024818643927574,0.6454793214797974,0.4940069019794464,0.1039884090423584,0.6260579824447632,0.5108230710029602,0.2090003490447998,0.6346643567085266,0.5113280415534973,0.2100301086902618,0.5804661512374878,0.5675594210624695,0.0444762632250785,0.689366340637207,0.5717918276786804,0.0425689332187175,0.5690358877182007,0.6762224435806274,0.0391359329223632,0.7039456367492676,0.6782013177871704,0.1016298085451126,0.5898683071136475,0.7482156157493591,0.1044514998793602,0.674190878868103,0.7243823409080505,0.2455583810806274,0.594711422920227,0.7658913135528564,0.1109449118375778,0.6673346161842346,0.7372909188270569,0.2690723836421966,0.6044125556945801,0.7622271180152893,0.1181817799806594,0.6576324105262756,0.7325356006622314,0.2660731673240661,0.605056643486023,0.7549622058868408,0.1073292344808578,0.6584380865097046,0.7269156575202942,0.246979147195816,0.6069154143333435,0.7744448184967041,0.0167862437665462,0.6660425662994385,0.7789161205291748,-0.0167630203068256,0.6095257997512817,0.9260006546974182,0.1301182061433792,0.660110354423523,0.9521456360816956,0.0177271664142608,0.5957890152931213,1.0489604473114014,0.2308600842952728,0.6641156673431396,1.1069014072418213,0.0651483237743377,0.5960842370986938,1.0733200311660769,0.2406448423862457,0.6595858931541443,1.1323364973068235,0.0715226382017135,0.5952548980712891,1.067046880722046,0.2306940555572509,0.6783766150474548,1.1303452253341677,0.0381940715014934,8.766714811325073,neutro
1761586139.64942,0,0.6300418376922607,0.5017947554588318,0.2405694723129272,0.6258774399757385,0.4896316230297088,0.2097222059965133,0.6228946447372437,0.4892918169498443,0.2097183912992477,0.6197568774223328,0.4891692399978637,0.209648922085762,0.6339089274406433,0.4894823431968689,0.2105439454317093,0.6364604234695435,0.48907271027565,0.2104959487915039,0.639133632183075,0.4888122379779815,0.2103723287582397,0.6155831813812256,0.4946838021278381,0.0961601585149765,0.644914984703064,0.4939877390861511,0.0983746722340583,0.6260225176811218,0.5108240842819214,0.2053138017654419,0.6345034241676331,0.5113065838813782,0.2064568102359771,0.5802732706069946,0.5665915012359619,0.0385414436459541,0.6873286962509155,0.5711721181869507,0.0352915860712528,0.5684112310409546,0.6731800436973572,0.0168208889663219,0.7037857174873352,0.6702736020088196,0.0934290736913681,0.5819848775863647,0.748161256313324,0.0661816522479057,0.6738983392715454,0.7236108183860779,0.240484356880188,0.5796309113502502,0.7718306183815002,0.0694816410541534,0.6675519943237305,0.7386282682418823,0.263990044593811,0.5953480005264282,0.7667064666748047,0.0775863379240036,0.658478856086731,0.7321349382400513,0.2611169517040252,0.596068799495697,0.7585118412971497,0.0691385492682457,0.6580752730369568,0.7268983125686646,0.2422445118427276,0.6069948673248291,0.7718304395675659,0.01805305108428,0.6653963327407837,0.7757677435874939,-0.0180748403072357,0.6105213165283203,0.9204504489898682,0.1388482600450515,0.6600322127342224,0.948200821876526,0.0278897397220134,0.5952273011207581,1.042083501815796,0.2442916184663772,0.664833664894104,1.1000354290008545,0.0864494815468788,0.5954992175102234,1.0665379762649536,0.2547962665557861,0.6598523855209351,1.1250253915786743,0.0942976325750351,0.5949610471725464,1.0609499216079712,0.2484786510467529,0.6795374155044556,1.1257668733596802,0.0653183385729789,8.811757326126099,neutro
1761586139.6953712,0,0.6288700103759766,0.5019364953041077,0.23969466984272,0.62413090467453,0.4898744821548462,0.2083385288715362,0.6211410760879517,0.4895907640457153,0.2083403319120407,0.6181299090385437,0.489498883485794,0.2082722932100296,0.6322885751724243,0.4896611273288727,0.2097936123609542,0.6347752809524536,0.4892522990703583,0.2097420245409011,0.6373679041862488,0.4890017211437225,0.2096211612224578,0.6147416830062866,0.4950437247753143,0.0931176096200943,0.643356204032898,0.4941669106483459,0.0982667207717895,0.6249375343322754,0.5110114216804504,0.2040105611085891,0.6335836052894592,0.5115370154380798,0.2059075385332107,0.5801273584365845,0.567335307598114,0.0349494293332099,0.6856108903884888,0.5711343288421631,0.0368262864649295,0.5679968595504761,0.6733877062797546,0.0152717102319002,0.7035900354385376,0.6704989671707153,0.0976476669311523,0.5769113898277283,0.752071738243103,0.0753085166215896,0.6741995215415955,0.7235469818115234,0.2601698338985443,0.5756324529647827,0.7758790254592896,0.0800152719020843,0.6678925156593323,0.7397447228431702,0.2858277857303619,0.5912097096443176,0.7707640528678894,0.08819330483675,0.6587671041488647,0.7321256399154663,0.2840338349342346,0.5920259356498718,0.7620815634727478,0.0786036998033523,0.6588587760925293,0.7270587682723999,0.2626299560070038,0.6069194078445435,0.771953284740448,0.017329879105091,0.6653671264648438,0.7756990790367126,-0.0173563715070486,0.6100043058395386,0.9193674325942992,0.1403110325336456,0.6599747538566589,0.9479508996009828,0.0413641892373561,0.5967056751251221,1.0412054061889648,0.2498688995838165,0.665378987789154,1.0955219268798828,0.1134634017944336,0.5973769426345825,1.065900802612305,0.2613772749900818,0.66062992811203,1.1200826168060305,0.123513713479042,0.5963175296783447,1.0597634315490725,0.2576283514499664,0.6796359419822693,1.121280074119568,0.1001229286193847,8.85770845413208,neutro
1761586139.7429738,0,0.6242688894271851,0.5021979808807373,0.2501700222492218,0.6186491847038269,0.4901813864707947,0.217603400349617,0.6156288385391235,0.4898986220359802,0.2176032960414886,0.6125875115394592,0.4898234009742737,0.2175258696079254,0.6273945569992065,0.4899600148200989,0.2188721895217895,0.6301917433738708,0.4895457327365875,0.2188221216201782,0.6329020261764526,0.489274114370346,0.2186922132968902,0.60899817943573,0.4953404366970062,0.097311221063137,0.638944685459137,0.4942679107189178,0.1019959673285484,0.6195962429046631,0.5113218426704407,0.2128408253192901,0.6288889050483704,0.5117984414100647,0.2144381254911422,0.5770418047904968,0.5677003860473633,0.0356734879314899,0.6797628402709961,0.5711270570755005,0.0381736904382705,0.5630344152450562,0.6732739210128784,0.0154350623488426,0.7021186947822571,0.6715874075889587,0.0989152044057846,0.5677019357681274,0.7522521615028381,0.0661999508738517,0.6767715811729431,0.7260675430297852,0.255675345659256,0.5673460960388184,0.7772491574287415,0.0687021166086196,0.6706912517547607,0.7463949918746948,0.2809601724147796,0.5751014947891235,0.772034764289856,0.0760190859436988,0.6624173521995544,0.7410644888877869,0.278393805027008,0.5806534886360168,0.7638221383094788,0.0689198300242424,0.6638466119766235,0.7344154715538025,0.2576986849308014,0.6065906882286072,0.7723312973976135,0.0171342007815837,0.6643906831741333,0.7761850953102112,-0.0171697903424501,0.6091099381446838,0.9198459386825562,0.1373786032199859,0.6580895185470581,0.9482425451278688,0.0416874773800373,0.5947743058204651,1.0434054136276243,0.2425519227981567,0.6682941317558289,1.0974396467208862,0.1096931844949722,0.5954782366752625,1.068503975868225,0.2535797953605652,0.6631556153297424,1.1223232746124268,0.118690587580204,0.5935661792755127,1.0607523918151855,0.2484787255525589,0.6852334141731262,1.122235655784607,0.0944521427154541,8.905311107635498,neutro
1761586139.7903626,0,0.6216322779655457,0.502240002155304,0.2574261426925659,0.6158502101898193,0.4902136623859405,0.2252758294343948,0.612991213798523,0.4899255633354187,0.2252703607082367,0.6100860834121704,0.489855021238327,0.2251772582530975,0.6242653131484985,0.4899947047233581,0.2257228791713714,0.6270048022270203,0.4895772337913513,0.2256625145673751,0.6296461820602417,0.489305168390274,0.2255353033542633,0.6064707040786743,0.495433360338211,0.1066109985113143,0.6354937553405762,0.4943200945854187,0.1074790358543396,0.6172634363174438,0.5113420486450195,0.2207574397325515,0.6261430978775024,0.5118506550788879,0.2212849557399749,0.5753563046455383,0.5686863660812378,0.0498854517936706,0.6751550436019897,0.5712299346923828,0.0389940626919269,0.562683641910553,0.6731929183006287,0.0181986205279827,0.6995707750320435,0.6723008751869202,0.0842608660459518,0.5688505172729492,0.7527229189872742,0.0533973276615142,0.6763085126876831,0.7263431549072266,0.190093845129013,0.5694662928581238,0.7779678106307983,0.0517371594905853,0.6705130338668823,0.7523064017295837,0.2032078206539154,0.5781816840171814,0.7736936807632446,0.0579466745257377,0.6627292633056641,0.7419118881225586,0.2026862353086471,0.5827993750572205,0.7644912600517273,0.0548813641071319,0.6641506552696228,0.7363128066062927,0.1913250684738159,0.6062570810317993,0.77619868516922,0.0182197298854589,0.6604973077774048,0.7784835696220398,-0.0182081293314695,0.6084612607955933,0.9213085770606996,0.1438765823841095,0.6554094552993774,0.9526519179344176,0.0396787412464618,0.5940731167793274,1.043287992477417,0.2573869526386261,0.6673194169998169,1.104975938796997,0.109744906425476,0.5947228074073792,1.0680609941482544,0.2685515284538269,0.662380576133728,1.1300232410430908,0.118689440190792,0.5934750437736511,1.061254382133484,0.2563890814781189,0.6832925081253052,1.1325348615646362,0.0845971852540969,8.952699899673462,neutro
1761586139.837458,0,0.6201439499855042,0.5025309324264526,0.2667941451072693,0.6139463782310486,0.4904349744319916,0.2342860698699951,0.6110770106315613,0.4901811480522156,0.2342872321605682,0.6081656813621521,0.4901707768440246,0.2342039048671722,0.6226218938827515,0.4902237355709076,0.2336814403533935,0.6254083514213562,0.4898258149623871,0.2336183786392212,0.6280969977378845,0.4895682334899902,0.2334773242473602,0.6046009063720703,0.4960966110229492,0.1137170568108558,0.6337881088256836,0.494753360748291,0.1103961914777755,0.6156235933303833,0.5117033123970032,0.2293676435947418,0.6247866153717041,0.5121902227401733,0.2285680025815963,0.5729550123214722,0.5699201226234436,0.0549765415489673,0.6722515821456909,0.5713392496109009,0.039218969643116,0.5598257780075073,0.6732679605484009,0.0187034327536821,0.6981347799301147,0.67088383436203,0.0752070322632789,0.5629486441612244,0.7538209557533264,0.0562793426215648,0.6818095445632935,0.7265402674674988,0.1827090084552765,0.5642385482788086,0.7786145806312561,0.0554876811802387,0.6797056794166565,0.754085898399353,0.1977963298559188,0.568763256072998,0.7746869921684265,0.0611702725291252,0.675545334815979,0.7444811463356018,0.1998263299465179,0.5712289810180664,0.764197051525116,0.0577554516494274,0.6750460863113403,0.7363873720169067,0.1859374791383743,0.6055439710617065,0.7787948846817017,0.0226072650402784,0.6572103500366211,0.780209481716156,-0.0225841328501701,0.607990562915802,0.9272431135177612,0.1373221576213836,0.6534461975097656,0.9560147523880004,0.019453402608633,0.593870222568512,1.048598051071167,0.2261075526475906,0.666368305683136,1.1109517812728882,0.071828082203865,0.5943646430969238,1.072420358657837,0.2341756522655487,0.6599298715591431,1.1365678310394287,0.0776606872677803,0.5940501093864441,1.06791353225708,0.2135984003543853,0.6826595067977905,1.1373029947280884,0.0358243510127067,8.999795198440552,neutro
1761586139.8835125,0,0.618183970451355,0.5031588077545166,0.2678118944168091,0.611732542514801,0.4911988377571106,0.23499795794487,0.6088014245033264,0.4909864664077759,0.2349975556135177,0.6058138012886047,0.4910514950752258,0.2349131554365158,0.6205267310142517,0.4910090565681457,0.2342820912599563,0.6233171224594116,0.4906303286552429,0.2342275083065033,0.6259787082672119,0.4903591275215149,0.2340846806764602,0.602042555809021,0.4972466230392456,0.1138045638799667,0.6315327882766724,0.4954389929771423,0.1103886365890502,0.6135056018829346,0.5123425126075745,0.2302537411451339,0.6228868961334229,0.5127707719802856,0.2294146567583084,0.5705312490463257,0.5703652501106262,0.0587096810340881,0.6695799231529236,0.5713293552398682,0.0355178378522396,0.5571118593215942,0.6738023161888123,0.0392304025590419,0.6975626349449158,0.670177161693573,0.0684014186263084,0.5634450912475586,0.7528167963027954,0.0704870149493217,0.688499391078949,0.7263379693031311,0.16680209338665,0.563275933265686,0.7783459424972534,0.0673952996730804,0.6888540983200073,0.7533339262008667,0.1796030104160308,0.5696934461593628,0.774483323097229,0.0633309036493301,0.6846514940261841,0.7442299127578735,0.1819824129343032,0.5713232755661011,0.760454535484314,0.0697291269898414,0.6828979849815369,0.7362207174301147,0.1703405827283859,0.6040388345718384,0.7808651328086853,0.0244174990803003,0.6548339128494263,0.781218945980072,-0.0243890155106782,0.6076696515083313,0.9298557043075562,0.1249396950006485,0.6523858308792114,0.956588089466095,0.0127076255157589,0.5940831899642944,1.049546480178833,0.2108105719089508,0.6657660007476807,1.111595869064331,0.0595995783805847,0.5945414900779724,1.0729107856750488,0.21863754093647,0.6584302186965942,1.1374517679214478,0.0646340027451515,0.5953066349029541,1.0691078901290894,0.2003890573978424,0.682674765586853,1.1372413635253906,0.0240976642817258,9.045849800109863,neutro
1761586139.9282422,0,0.6166091561317444,0.5034188032150269,0.2664806246757507,0.6099973320960999,0.491776168346405,0.2334060221910476,0.6070336699485779,0.4916540682315826,0.2334078252315521,0.604049563407898,0.4918340444564819,0.2333222329616546,0.6188347339630127,0.4914191961288452,0.2328846156597137,0.6216292977333069,0.4909982085227966,0.2328380048274994,0.6242848634719849,0.490670382976532,0.2327050268650055,0.6002241969108582,0.4982632398605346,0.1118944287300109,0.6297704577445984,0.4956998527050018,0.1100669130682945,0.6120039820671082,0.5126084685325623,0.2286511212587356,0.6214331388473511,0.5128813982009888,0.2281971871852874,0.5682860612869263,0.5731261968612671,0.0626960322260856,0.6671895980834961,0.5712793469429016,0.0282958392053842,0.5551819801330566,0.6738025546073914,0.0771165490150451,0.6976308226585388,0.6691084504127502,0.0723413378000259,0.562152087688446,0.7467610836029053,0.154098629951477,0.6964412927627563,0.7261491417884827,0.1853077560663223,0.5603725910186768,0.7737283706665039,0.162492886185646,0.6965458989143372,0.75298011302948,0.1992911249399185,0.5660361647605896,0.7510277032852173,0.1641610413789749,0.6933814287185669,0.7437909245491028,0.2017754316329956,0.5675413608551025,0.7425044178962708,0.1562575846910476,0.691020667552948,0.7360147833824158,0.1892050057649612,0.6031650900840759,0.7811582088470459,0.029162099584937,0.6545596718788147,0.7812005281448364,-0.0291859209537506,0.6075218319892883,0.929824948310852,0.1367484033107757,0.6523946523666382,0.9537622332572936,0.0137151274830102,0.5941553711891174,1.0456197261810305,0.2376552820205688,0.6653695702552795,1.1104190349578855,0.0652267560362815,0.5943800210952759,1.068980693817139,0.2472071647644043,0.6582425832748413,1.136244297027588,0.0714236870408058,0.59651780128479,1.0641021728515625,0.2383508682250976,0.6850639581680298,1.1353380680084229,0.0370912030339241,9.090579509735107,neutro
1761586139.9771192,0,0.6145389080047607,0.5037155747413635,0.2534739375114441,0.6081021428108215,0.4921985268592834,0.2191453278064727,0.6051324605941772,0.4920835793018341,0.2191434800624847,0.6021476984024048,0.4922812581062317,0.2190635204315185,0.6168545484542847,0.4917378425598144,0.2187965810298919,0.6196962594985962,0.4912623763084411,0.2187766581773758,0.6223483681678772,0.4908691644668579,0.2186560183763504,0.5980926156044006,0.4987218677997589,0.0950070619583129,0.6279066205024719,0.4957810938358307,0.0944097340106964,0.6100417375564575,0.5128543376922607,0.2153044044971466,0.6193824410438538,0.5129966139793396,0.2152016162872314,0.5666568279266357,0.5733119249343872,0.0473861023783683,0.6659628748893738,0.5705344676971436,0.0189639888703823,0.553162693977356,0.6725308299064636,0.0612526461482048,0.6973468065261841,0.6668863892555237,0.064136616885662,0.5608707070350647,0.7428032755851746,0.1338263154029846,0.7028101682662964,0.7246946692466736,0.1737076789140701,0.5583540797233582,0.770955502986908,0.1412631571292877,0.7064449787139893,0.7484123706817627,0.187796264886856,0.563758134841919,0.7538440823554993,0.1438928544521331,0.7021785974502563,0.7408782839775085,0.1907714903354644,0.5638316869735718,0.7411605715751648,0.1364897191524505,0.6975695490837097,0.734162449836731,0.1783114522695541,0.6020652055740356,0.7811632752418518,0.0283584389835596,0.6535676717758179,0.7810133099555969,-0.0283032767474651,0.6074098944664001,0.9298718571662904,0.1236723512411117,0.6525750160217285,0.9472134113311768,0.0264147724956274,0.593899130821228,1.045032978057861,0.2161022126674652,0.6650896072387695,1.1030068397521973,0.0760226994752883,0.594131588935852,1.0690982341766355,0.225104883313179,0.65827476978302,1.129289627075195,0.0824230760335922,0.5958667993545532,1.0612778663635254,0.2206030189990997,0.684297502040863,1.1238372325897217,0.0614931508898735,9.139456510543823,neutro
1761586140.0233674,0,0.6126230955123901,0.5041087865829468,0.2390281409025192,0.606346607208252,0.4926378428936004,0.2043790370225906,0.6032906174659729,0.4925394058227539,0.2043773680925369,0.6002640128135681,0.4927591681480407,0.2042905837297439,0.6151666045188904,0.4921127557754516,0.2047055512666702,0.617994487285614,0.4916138648986816,0.2047023028135299,0.6205817461013794,0.4911900460720062,0.2045841515064239,0.5958927869796753,0.4992382824420929,0.0806408524513244,0.6261196136474609,0.4959029853343963,0.0830976814031601,0.6079782247543335,0.513322651386261,0.2014661282300949,0.6172289252281189,0.5133312344551086,0.2022521495819091,0.5642077922821045,0.5734087228775024,0.0316678620874881,0.6638155579566956,0.5689101815223694,0.0144992545247077,0.5461525917053223,0.6714698672294617,0.0721525773406028,0.6974464058876038,0.6639482975006104,0.0574638247489929,0.5602095127105713,0.72707200050354,0.1836538612842559,0.7083877921104431,0.7224788069725037,0.1493415832519531,0.5584596395492554,0.7548829317092896,0.1971365511417389,0.7127437591552734,0.7428681254386902,0.1623049676418304,0.5623474717140198,0.7318132519721985,0.1991273611783981,0.7078296542167664,0.7391422390937805,0.1654738038778305,0.5629926919937134,0.7247413992881775,0.1877756416797638,0.7032424807548523,0.7332099676132202,0.1541678011417389,0.6011713743209839,0.7808950543403625,0.0199547745287418,0.6533836722373962,0.7797982096672058,-0.0200118478387594,0.6072865724563599,0.9294201135635376,0.1011434644460678,0.6526688933372498,0.9440778493881226,0.0384905561804771,0.5938988924026489,1.044724702835083,0.188143640756607,0.6650180220603943,1.0975497961044312,0.0771853625774383,0.5945753455162048,1.0693528652191162,0.1967619806528091,0.6581788659095764,1.1246483325958252,0.0853845626115799,0.5955628156661987,1.0590085983276367,0.192066341638565,0.6830432415008545,1.1155651807785034,0.0680262446403503,9.185704708099365,neutro
1761586140.0710468,0,0.6088337302207947,0.5048420429229736,0.226278468966484,0.6026315093040466,0.4935842156410217,0.1944713443517685,0.5997132062911987,0.4935198724269867,0.1944712251424789,0.5967749357223511,0.4937882125377655,0.1944052428007125,0.6111505031585693,0.4929272830486297,0.1935598850250244,0.6140600442886353,0.4923745691776275,0.1935587674379348,0.6167941093444824,0.4918819069862366,0.1934438198804855,0.5919977426528931,0.5004233121871948,0.0796090811491012,0.6224446892738342,0.4963062405586242,0.0769557505846023,0.6046310663223267,0.514011800289154,0.1914481222629547,0.6134387254714966,0.513959527015686,0.1907516717910766,0.5614050626754761,0.5735423564910889,0.0343715772032737,0.6603500247001648,0.5672619938850403,-0.0017605510074645,0.5413271188735962,0.6710012555122375,0.0638563334941864,0.6965035200119019,0.6579328775405884,0.0432861968874931,0.5559121370315552,0.7309176325798035,0.1586992889642715,0.7177594900131226,0.7157779335975647,0.1624884009361267,0.553458571434021,0.7566608786582947,0.1656374335289001,0.7249241471290588,0.7336477637290955,0.1783586591482162,0.5603500604629517,0.7376441359519958,0.1898998022079467,0.7200868725776672,0.7300131320953369,0.1817609220743179,0.5628758668899536,0.733040452003479,0.1644348055124282,0.7143194079399109,0.7253522872924805,0.1680831909179687,0.5990604162216187,0.7808364629745483,0.0342677719891071,0.651471734046936,0.778898298740387,-0.0344800502061843,0.6066699028015137,0.9298356771469116,0.1072791069746017,0.659214198589325,0.9371083378791808,0.0135043412446975,0.5904239416122437,1.0473148822784424,0.1798479557037353,0.6668475866317749,1.0933842658996582,0.0425328388810157,0.5890408754348755,1.072666049003601,0.1864234507083892,0.6595796346664429,1.1207348108291626,0.0478756725788116,0.5951205492019653,1.0625050067901611,0.1790085583925247,0.6906293630599976,1.110729098320007,0.0232544485479593,9.233384132385254,neutro
1761586140.1162822,0,0.6074676513671875,0.5061332583427429,0.2282416820526123,0.6013261079788208,0.4948350191116333,0.1965664178133011,0.5983250141143799,0.4947760701179504,0.1965608149766922,0.5953189730644226,0.4950282871723175,0.196490079164505,0.6098472476005554,0.4940741658210754,0.1954197734594345,0.6125665903091431,0.4934261739253998,0.1954224556684494,0.6150619983673096,0.4928508996963501,0.1953082084655761,0.5908695459365845,0.5013782382011414,0.0809168070554733,0.6202811002731323,0.4971784949302673,0.0767634063959121,0.6028817892074585,0.5152450799942017,0.1930160820484161,0.611685574054718,0.5150941014289856,0.1919615417718887,0.5606180429458618,0.5735061168670654,0.0363321378827095,0.6584080457687378,0.5661600232124329,1.1082148375862744e-05,0.5399933457374573,0.6683326959609985,0.0640992522239685,0.6963168382644653,0.6559399366378784,0.0421451106667518,0.5518916845321655,0.7329098582267761,0.1434882581233978,0.7194522023200989,0.7152549624443054,0.1545871198177337,0.5497925281524658,0.7592846751213074,0.1516473144292831,0.7265839576721191,0.7325513362884521,0.1694658696651458,0.5567991137504578,0.7395455241203308,0.1589764952659607,0.7202325463294983,0.7289235591888428,0.1741933375597,0.5597148537635803,0.7387399077415466,0.1470770090818405,0.7143048048019409,0.7242015600204468,0.1606680005788803,0.5978091359138489,0.7808008790016174,0.032710988074541,0.6508952975273132,0.7768686413764954,-0.0329225398600101,0.6065820455551147,0.9302140474319458,0.0949740707874298,0.6635005474090576,0.9313185811042786,0.0148743670433759,0.5904760360717773,1.0510663986206057,0.1604715585708618,0.6707086563110352,1.0861066579818726,0.0581418760120868,0.5891709923744202,1.0773338079452517,0.1668812185525894,0.6640878915786743,1.1129662990570068,0.0641422569751739,0.5950679183006287,1.065698504447937,0.1582436859607696,0.6946743130683899,1.1027500629425049,0.0342168100178241,9.278619527816772,neutro
1761586140.165449,0,0.6057096123695374,0.5088587403297424,0.2266217470169067,0.5995661616325378,0.4974730908870697,0.1938849985599517,0.5965999364852905,0.4973948299884796,0.193876177072525,0.5936188101768494,0.4976028800010681,0.1938004046678543,0.6078330874443054,0.496573805809021,0.1944981664419174,0.6103814244270325,0.4958152770996094,0.1945032775402069,0.6127399206161499,0.495121031999588,0.1943846046924591,0.5896552801132202,0.5037408471107483,0.0766609832644462,0.6179497838020325,0.4990082085132599,0.0798915475606918,0.6012072563171387,0.5178331136703491,0.1911743432283401,0.6097897291183472,0.5173960328102112,0.1923775374889373,0.5609833002090454,0.5748889446258545,0.0353026688098907,0.6579239964485168,0.564598798751831,0.0062549202702939,0.5414836406707764,0.6681808829307556,0.0685659423470497,0.6962865591049194,0.6517553329467773,0.0509797036647796,0.5522972345352173,0.7293506264686584,0.1588649451732635,0.7206211090087891,0.7110635638237,0.1653473079204559,0.5500261783599854,0.7607212066650391,0.1702351719141006,0.728204071521759,0.7279542684555054,0.1807155162096023,0.5571879744529724,0.7442983984947205,0.1729461848735809,0.7220755815505981,0.7247918248176575,0.183486595749855,0.5580512285232544,0.7353659272193909,0.1626844257116317,0.715878963470459,0.7203943133354187,0.1701420247554779,0.5979568958282471,0.7792621850967407,0.0322215780615806,0.6510921716690063,0.7714033126831055,-0.0322793610394001,0.6062192320823669,0.9300395250320436,0.0871323198080062,0.6676251888275146,0.9266711473464966,0.0188486911356449,0.5898711681365967,1.050877809524536,0.1473557949066162,0.6746886372566223,1.0821796655654907,0.0534880980849266,0.5889060497283936,1.077089548110962,0.153165653347969,0.6690953373908997,1.1087909936904907,0.0587924942374229,0.5929544568061829,1.0656267404556274,0.1445516645908355,0.6966790556907654,1.0993797779083252,0.0372599102556705,9.327786207199097,neutro
1761586140.2094736,0,0.6046122312545776,0.5091030597686768,0.1973474025726318,0.598450243473053,0.4976054728031158,0.16470268368721,0.5953970551490784,0.4975393116474151,0.1646998226642608,0.5923814177513123,0.4977495372295379,0.1646224111318588,0.6068178415298462,0.4967409372329712,0.1670106649398803,0.6094005107879639,0.4960139393806457,0.167021706700325,0.6118289828300476,0.4953503906726837,0.1669143736362457,0.5886306762695312,0.503967821598053,0.0503096505999565,0.6175958514213562,0.4993421137332916,0.0623516626656055,0.6000946164131165,0.5182082056999207,0.1629172563552856,0.6088787913322449,0.5178104639053345,0.1666444838047027,0.560994565486908,0.5755084753036499,0.0218072962015867,0.6583975553512573,0.5644136071205139,-0.0075595998205244,0.539143443107605,0.6682242155075073,0.0793867260217666,0.6963163018226624,0.6524127125740051,0.0495890490710735,0.5518299341201782,0.7260143160820007,0.2022180259227752,0.7219992280006409,0.70932537317276,0.167959377169609,0.5488731265068054,0.7544734477996826,0.2179480046033859,0.7290589809417725,0.7253068089485168,0.1851837188005447,0.5552517175674438,0.7356746196746826,0.2189984321594238,0.7244210243225098,0.7207484841346741,0.18568155169487,0.5557158589363098,0.7292911410331726,0.2066861391067505,0.7184113264083862,0.7168086767196655,0.1711587756872177,0.5980945229530334,0.7786542773246765,0.030850376933813,0.6513535976409912,0.77066570520401,-0.0308852307498455,0.6058880090713501,0.9300591945648192,0.0680228620767593,0.6705523729324341,0.9243184328079224,0.0259015262126922,0.5898565649986267,1.0558911561965942,0.1143748983740806,0.6804218888282776,1.073452711105347,0.0596828088164329,0.5889893174171448,1.082371473312378,0.1189780458807945,0.6757412552833557,1.0996129512786863,0.0653125122189521,0.5929099917411804,1.0709530115127563,0.1093054637312889,0.7026776075363159,1.089226245880127,0.0377727337181568,9.371810913085938,neutro
1761586140.2552726,0,0.603522777557373,0.5091492533683777,0.2114125490188598,0.5973256230354309,0.4977257549762726,0.1791967898607254,0.5941874384880066,0.497739166021347,0.1791916489601135,0.5911048650741577,0.4980316162109375,0.1791187077760696,0.6058916449546814,0.4968093633651733,0.1802934408187866,0.608516275882721,0.4960922002792358,0.1802955567836761,0.6109961867332458,0.4954536855220794,0.180183857679367,0.5873825550079346,0.5045331716537476,0.0633970722556114,0.6171445250511169,0.4994503259658813,0.0697207972407341,0.5988911390304565,0.5185657739639282,0.1762417405843734,0.6079451441764832,0.5180684328079224,0.1781072318553924,0.5607603788375854,0.5776106715202332,0.0246582571417093,0.6587405204772949,0.5643061995506287,-0.000867485825438,0.5407310128211975,0.6697947978973389,0.0472452268004417,0.6965742111206055,0.6515029072761536,0.0483903177082538,0.5518680214881897,0.7412131428718567,0.1100886091589927,0.7229332327842712,0.7096471190452576,0.1683928668498993,0.5497032403945923,0.7675554156303406,0.1162500753998756,0.729495644569397,0.7255376577377319,0.1861011981964111,0.556506872177124,0.7632662057876587,0.1177869066596031,0.7248378992080688,0.7213980555534363,0.1883801966905594,0.5578557252883911,0.7506474256515503,0.1128553971648216,0.7194223999977112,0.7170366048812866,0.1732482016086578,0.5981485843658447,0.7781211733818054,0.0302901361137628,0.6515160202980042,0.7702000737190247,-0.0304099209606647,0.6057227849960327,0.929755926132202,0.0762782990932464,0.6724027395248413,0.9258654713630676,0.0168023016303777,0.5895182490348816,1.0565354824066162,0.1289706975221634,0.6842015981674194,1.0780928134918213,0.0319060757756233,0.5888548493385315,1.0828304290771484,0.1339141428470611,0.6801060438156128,1.1044700145721436,0.0353568084537982,0.5912876129150391,1.072042465209961,0.1199950724840164,0.7051552534103394,1.095084547996521,0.0086278431117534,9.417609930038452,neutro
1761586140.3007889,0,0.6033297777175903,0.5092762112617493,0.2074100971221923,0.5972182154655457,0.4978849291801452,0.1753201931715011,0.5940335988998413,0.497933566570282,0.175308883190155,0.5908518433570862,0.4982599318027496,0.1752416044473648,0.6059123277664185,0.4970044195652008,0.1770921200513839,0.6085659265518188,0.4963158369064331,0.1770991533994674,0.6111345291137695,0.4957283735275268,0.177001953125,0.587307333946228,0.5047864317893982,0.059117816388607,0.6174605488777161,0.4997101128101349,0.0676041021943092,0.5987487435340881,0.5188133120536804,0.1717661321163177,0.6079040765762329,0.5183711051940918,0.1742987334728241,0.5606766939163208,0.5777609348297119,0.013714182190597,0.6594027876853943,0.5646851062774658,0.0019677535165101,0.5410294532775879,0.6699150204658508,0.0480761118233203,0.6975057125091553,0.652532696723938,0.0496292226016521,0.5515257120132446,0.7409896850585938,0.1368760615587234,0.7234736084938049,0.7091318964958191,0.178779125213623,0.5499381422996521,0.7690049409866333,0.1470396220684051,0.7314795255661011,0.7249197363853455,0.1993008106946945,0.5572338104248047,0.7659494280815125,0.1491940468549728,0.725075364112854,0.7209450006484985,0.2012335807085037,0.5590253472328186,0.7525015473365784,0.1413317620754242,0.7194347381591797,0.7164821028709412,0.1842564642429351,0.5982039570808411,0.7779444456100464,0.0228503793478012,0.6518444418907166,0.7705453038215637,-0.023067282512784,0.6056524515151978,0.929746389389038,0.0603529997169971,0.6726630330085754,0.9264944791793824,0.0178323965519666,0.5909501314163208,1.0576016902923584,0.1113284453749656,0.6872673630714417,1.0743595361709597,0.0406487695872783,0.5908688902854919,1.0840996503829956,0.1164578944444656,0.6840102076530457,1.1005183458328247,0.0445642955601215,0.5913294553756714,1.0728421211242676,0.1003494411706924,0.7073450088500977,1.090748310089111,0.0212293546646833,9.463126182556152,neutro
1761586140.3495562,0,0.604084312915802,0.5092245936393738,0.2132302075624466,0.59801185131073,0.4978283643722534,0.1808741390705108,0.5948516130447388,0.4978808760643005,0.1808496266603469,0.5916726589202881,0.4982111752033233,0.1807944327592849,0.6066364049911499,0.4969442784786224,0.1819470822811126,0.6092671155929565,0.4962631165981293,0.1819518059492111,0.6118381023406982,0.4956856966018677,0.1818708181381225,0.5880759954452515,0.5046812295913696,0.0636114850640297,0.6180806159973145,0.4996805787086487,0.0709304139018058,0.5995415449142456,0.5187719464302063,0.1769380718469619,0.6086481809616089,0.5183359384536743,0.1788745522499084,0.5621834397315979,0.577723503112793,0.0283024106174707,0.6598466038703918,0.5650835633277893,0.0033852693159133,0.5416164994239807,0.6699066758155823,0.0703499764204025,0.6975012421607971,0.6531100869178772,0.0584379024803638,0.5503894090652466,0.7358145117759705,0.1693993806838989,0.721632719039917,0.7070516347885132,0.2049792557954788,0.549848198890686,0.7667674422264099,0.1807683557271957,0.7291733622550964,0.7226933240890503,0.2255996912717819,0.5569899082183838,0.765358567237854,0.1827342212200164,0.7243016958236694,0.7190869450569153,0.2276019304990768,0.559226930141449,0.7494720816612244,0.1732456982135772,0.7182086706161499,0.7147315740585327,0.2107922732830047,0.5987917184829712,0.7776153087615967,0.0288382973521947,0.6519128680229187,0.7708361148834229,-0.029070895165205,0.6056309938430786,0.9306039810180664,0.0666501000523567,0.6749459505081177,0.927774965763092,0.0011320437770336,0.5907390117645264,1.0575473308563232,0.1341418921947479,0.6941314935684204,1.076120138168335,0.0037589562125504,0.5901317000389099,1.083138346672058,0.1398815810680389,0.6898523569107056,1.1023424863815308,0.0057761808857321,0.5913213491439819,1.0730338096618652,0.1245787888765335,0.7193382978439331,1.0939429998397827,-0.0233255922794342,9.511893510818481,neutro
1761586140.394679,0,0.6044140458106995,0.5098681449890137,0.2221025228500366,0.598128080368042,0.4984379410743713,0.1891016364097595,0.5949328541755676,0.4984623789787292,0.1890681833028793,0.5917801260948181,0.498755544424057,0.1890236288309097,0.6068865060806274,0.4975253343582153,0.1911264359951019,0.6095722913742065,0.4968443810939789,0.1911351233720779,0.6121394634246826,0.4962485134601593,0.1910476237535476,0.5881515145301819,0.504888117313385,0.0695907101035118,0.6183241605758667,0.5000280141830444,0.0805970281362533,0.5997672080993652,0.5192648768424988,0.1850416213274002,0.6090055108070374,0.5186965465545654,0.1881471872329712,0.5635384321212769,0.577277421951294,0.0288122743368148,0.6618425846099854,0.5654065012931824,0.0099981306120753,0.5419682264328003,0.6697568893432617,0.0563130564987659,0.6982845067977905,0.6535552740097046,0.0694306343793869,0.5502896308898926,0.7358533143997192,0.1373072266578674,0.720732569694519,0.7055788040161133,0.2141424417495727,0.5494367480278015,0.766340434551239,0.1453691124916076,0.7278863191604614,0.7211253643035889,0.235496237874031,0.5570316314697266,0.7644602060317993,0.1482834070920944,0.7227329015731812,0.7178686857223511,0.2379150688648224,0.5596449375152588,0.7499919533729553,0.1410618424415588,0.7165358066558838,0.7136455178260803,0.220082014799118,0.5991010069847107,0.7772194743156433,0.0284985657781362,0.6522089838981628,0.7709856629371643,-0.0287143494933843,0.6055504679679871,0.9309474229812622,0.0710330680012703,0.6765379309654236,0.9304105043411256,0.0008327715331688,0.5904154777526855,1.057307481765747,0.1194543689489364,0.6972418427467346,1.078076958656311,-0.0001354256819467,0.5897920727729797,1.0828152894973757,0.1236445680260658,0.6933395862579346,1.104960322380066,0.0015667664119973,0.5905033349990845,1.0733342170715332,0.1055311560630798,0.7218404412269592,1.0952318906784058,-0.0269280932843685,9.557016372680664,neutro
1761586140.44213,0,0.6072682738304138,0.5098479986190796,0.2246666699647903,0.6015709042549133,0.4983988404273987,0.190724566578865,0.5984503626823425,0.4984651505947113,0.1906918585300445,0.5953248739242554,0.4988086521625519,0.1906551569700241,0.6099539995193481,0.4974840581417084,0.1950401365756988,0.6125411987304688,0.4968204200267792,0.1950356066226959,0.615157425403595,0.496223509311676,0.1949369758367538,0.5918936133384705,0.5048764944076538,0.0705825686454773,0.6222913861274719,0.4999417662620544,0.0890047252178192,0.6037806272506714,0.5192382335662842,0.1870252788066864,0.612632155418396,0.5185019969940186,0.1929261684417724,0.567773699760437,0.5771905183792114,0.0246557220816612,0.6686062812805176,0.566566526889801,0.0249610673636198,0.5497282147407532,0.6737468242645264,0.039819698780775,0.7057957649230957,0.653837263584137,0.0992941334843635,0.554038405418396,0.7469639182090759,0.1273271739482879,0.719866156578064,0.7026600241661072,0.2741572260856628,0.551188588142395,0.7734708786010742,0.1363520324230194,0.7263256311416626,0.7152718305587769,0.3034267723560333,0.5601151585578918,0.7700363993644714,0.141085535287857,0.7211323976516724,0.7134615182876587,0.3063119649887085,0.563805341720581,0.7604532837867737,0.1314034312963485,0.7152997851371765,0.7110650539398193,0.2808018326759338,0.6017047762870789,0.7771082520484924,0.0191840641200542,0.6568136215209961,0.7714816331863403,-0.0193986259400844,0.6055842041969299,0.9373616576194764,0.0447272397577762,0.67950439453125,0.9389852285385132,0.0087211858481168,0.5906034708023071,1.0672513246536257,0.0759429633617401,0.7010331153869629,1.0861927270889282,0.018529849126935,0.5905729532241821,1.093441128730774,0.0788949653506279,0.6982589960098267,1.1141211986541748,0.0214048437774181,0.5877145528793335,1.0833598375320437,0.0616064853966236,0.720966100692749,1.1008819341659546,-0.0039476980455219,9.604467391967773,neutro
1761586140.488412,0,0.6101083755493164,0.5098091959953308,0.2268379479646682,0.604812741279602,0.498398095369339,0.1931378841400146,0.6018518209457397,0.4985064566135406,0.1931064426898956,0.5988720059394836,0.4988854229450226,0.1930681020021438,0.6129325032234192,0.4974389672279358,0.1983527243137359,0.6155070066452026,0.4967832863330841,0.1983366906642913,0.6181848645210266,0.4962027370929718,0.1982278376817703,0.5959267020225525,0.5048653483390808,0.0764696300029754,0.6256438493728638,0.4998891651630401,0.0978178530931472,0.6072283983230591,0.5191974639892578,0.1908812075853347,0.6159010529518127,0.5183534026145935,0.197674885392189,0.572172999382019,0.5771302580833435,0.027619058266282,0.6727754473686218,0.5667580366134644,0.0358058735728263,0.5591843128204346,0.6753992438316345,0.0322473011910915,0.709199845790863,0.6539316773414612,0.1055671796202659,0.5598272681236267,0.7517986297607422,0.0932235121726989,0.7196272611618042,0.702622652053833,0.2678617537021637,0.5563191771507263,0.780072808265686,0.0983099117875099,0.7262648344039917,0.7147048711776733,0.2941149771213531,0.5640267133712769,0.7752339243888855,0.1027016192674636,0.7148225903511047,0.7134349942207336,0.2961439490318298,0.5678504705429077,0.763688862323761,0.0960014685988426,0.7096723318099976,0.7101393342018127,0.2735332250595093,0.6030717492103577,0.7770169973373413,0.0167414732277393,0.6589571237564087,0.7717776894569397,-0.0169151239097118,0.6057549715042114,0.9417299628257751,0.0391299575567245,0.6806446313858032,0.9417501091957092,0.010644351132214,0.5906246304512024,1.0705279111862185,0.0654840096831321,0.7031119465827942,1.092394232749939,0.0212276987731456,0.590750515460968,1.0965834856033323,0.0675859972834587,0.7007068395614624,1.1199073791503906,0.0238277036696672,0.5865001678466797,1.0872018337249756,0.0452748425304889,0.7224785685539246,1.1076925992965698,-0.0033670901320874,9.650749206542969,neutro
1761586140.5354493,0,0.6140725612640381,0.5094650983810425,0.2276691943407058,0.6089831590652466,0.4983157217502594,0.1947923451662063,0.6061912178993225,0.4984565675258636,0.1947704255580902,0.6033543348312378,0.4988544881343841,0.1947354078292846,0.6166488528251648,0.497264564037323,0.1986497789621353,0.6190824508666992,0.4965994656085968,0.1986331492662429,0.6216809749603271,0.495997816324234,0.1985214352607727,0.6002458333969116,0.5048046112060547,0.0826747938990593,0.6289756894111633,0.4997621476650238,0.0953319370746612,0.6114921569824219,0.5188167691230774,0.1933225840330124,0.6195343732833862,0.5177969932556152,0.1979701220989227,0.5754059553146362,0.5760892629623413,0.0367427319288253,0.6749529242515564,0.5667490363121033,0.0351230986416339,0.561792254447937,0.6753413677215576,0.029234129935503,0.7100454568862915,0.6525481939315796,0.0961699858307838,0.5642938613891602,0.7511810064315796,0.0665286183357238,0.7199329733848572,0.7010375261306763,0.2426684200763702,0.5605682730674744,0.7806270718574524,0.0699671432375907,0.7261604070663452,0.7134309411048889,0.265472948551178,0.5707674026489258,0.7729023098945618,0.0733866542577743,0.7181271910667419,0.7107446789741516,0.2675291001796722,0.5714422464370728,0.7620927691459656,0.0681565925478935,0.712772786617279,0.7071340680122375,0.2480330020189285,0.6040998101234436,0.7759914398193359,0.0202838312834501,0.6593412160873413,0.7718858122825623,-0.0204329658299684,0.6058262586593628,0.9422338604927064,0.0440963022410869,0.6816592216491699,0.9425607919692992,0.0058251949958503,0.5903915166854858,1.0692088603973389,0.0627975836396217,0.7041360139846802,1.0929516553878784,0.009485837072134,0.5903770923614502,1.0951212644577026,0.0640312880277633,0.7011876106262207,1.1200906038284302,0.0117224110290408,0.5864060521125793,1.0864781141281128,0.0422020219266414,0.725279688835144,1.1095805168151855,-0.0156659856438636,9.697786569595337,neutro
1761586140.5828297,0,0.6183117628097534,0.5091971158981323,0.2276300191879272,0.6134142279624939,0.4982754588127136,0.1948527246713638,0.6106916666030884,0.4984302818775177,0.1948327124118805,0.607903778553009,0.4988329112529754,0.1948007643222808,0.620725154876709,0.497185081243515,0.19843789935112,0.6230483651161194,0.4965129196643829,0.1984204053878784,0.6256045699119568,0.4959011375904083,0.1983061730861663,0.6044780611991882,0.5047677755355835,0.0846678465604782,0.632422924041748,0.4997463822364807,0.0939954817295074,0.615731954574585,0.5184161067008972,0.1935105472803115,0.623353123664856,0.5174100995063782,0.1978892534971237,0.5788387060165405,0.5750007033348083,0.0412394218146801,0.6767696738243103,0.5667447447776794,0.0281455032527446,0.5646881461143494,0.6752609014511108,0.02853381074965,0.7100340723991394,0.6518704295158386,0.0820253044366836,0.5656158924102783,0.7507725358009338,0.0579892806708812,0.7209444046020508,0.7002562880516052,0.2414143979549408,0.56186443567276,0.7794227600097656,0.0608454346656799,0.7265492677688599,0.7124954462051392,0.2617862224578857,0.5709405541419983,0.7721126079559326,0.0640696361660957,0.7206831574440002,0.7090972065925598,0.2623631656169891,0.5720252990722656,0.7609143853187561,0.059471309185028,0.7152341604232788,0.7053728699684143,0.2452835738658905,0.6051785945892334,0.7742316126823425,0.0242655463516712,0.6599792242050171,0.7716177105903625,-0.0244394205510616,0.60588538646698,0.9414985179901124,0.0465009212493896,0.6819812059402466,0.9416916966438292,0.0040029427036643,0.5902458429336548,1.0679396390914917,0.0637301355600357,0.7023186683654785,1.0919359922409058,0.0072556985542178,0.5900236368179321,1.093814492225647,0.0649230107665062,0.6987670660018921,1.1188958883285522,0.0095971869304776,0.586506724357605,1.0851503610610962,0.0425862669944763,0.7242294549942017,1.108967423439026,-0.0177973825484514,9.745167016983032,neutro
1761586140.6272066,0,0.6216107606887817,0.5091592073440552,0.2276535779237747,0.6167390942573547,0.4982447922229767,0.195628210902214,0.6138648390769958,0.4984007179737091,0.1956119686365127,0.6109057664871216,0.4988023638725281,0.1955728083848953,0.6242702603340149,0.4971590340137481,0.1983373016119003,0.626637876033783,0.4964954555034637,0.1983182877302169,0.6292025446891785,0.4958860278129577,0.1981996297836303,0.6070348620414734,0.5047363042831421,0.0894940122961998,0.6353090405464172,0.4997252523899078,0.0931793600320816,0.6186438798904419,0.5183477997779846,0.1942506730556488,0.6265001893043518,0.5172572731971741,0.1978135704994201,0.5809667110443115,0.5750904083251953,0.0625694394111633,0.6780403852462769,0.566739022731781,0.0074888081289827,0.5697542428970337,0.6755698323249817,0.0517060346901416,0.7103777527809143,0.6523830890655518,0.0587916858494281,0.5740760564804077,0.7503775358200073,0.0798721313476562,0.7204938530921936,0.7002931833267212,0.2110150605440139,0.5770383477210999,0.7757114171981812,0.084024079144001,0.7261636257171631,0.7130264043807983,0.230612963438034,0.5879148244857788,0.7631113529205322,0.0859403237700462,0.7173870205879211,0.7098132371902466,0.2326968014240265,0.5876951217651367,0.7551154494285583,0.0808537006378173,0.7131717205047607,0.7051461935043335,0.2161238640546798,0.6059175729751587,0.7731065154075623,0.0384606458246707,0.660436749458313,0.7714054584503174,-0.0385828167200088,0.6064323782920837,0.9410616159439088,0.0510315112769603,0.682852566242218,0.941559374332428,-0.0137517349794507,0.5902785062789917,1.0678677558898926,0.0626686960458755,0.7042058110237122,1.0922073125839231,-0.0181202813982963,0.5897353887557983,1.0936769247055054,0.0625181570649147,0.6994906067848206,1.1191993951797483,-0.0165966227650642,0.5897409915924072,1.0843428373336792,0.0391811728477478,0.7303006052970886,1.1096231937408447,-0.0456931479275226,9.789543867111206,neutro
1761586140.676312,0,0.6232115030288696,0.5091380476951599,0.229195162653923,0.6183792948722839,0.4982219040393829,0.1968613862991333,0.6155635714530945,0.4983798265457153,0.1968475729227066,0.6126547455787659,0.4987817406654358,0.196802020072937,0.6260403394699097,0.4971272647380829,0.2001951038837433,0.6285533308982849,0.4964612424373626,0.2001712620258331,0.631215512752533,0.4958514273166656,0.2000539749860763,0.6091673970222473,0.5047213435173035,0.0883035808801651,0.6378106474876404,0.4997458457946777,0.0978563204407692,0.6201844215393066,0.5183264017105103,0.1954497247934341,0.6282409429550171,0.517241895198822,0.1998472958803177,0.5843057036399841,0.5752308368682861,0.0550971515476703,0.6815628409385681,0.5682497024536133,0.0216025728732347,0.5737432837486267,0.6772156953811646,0.04665307700634,0.7148832678794861,0.657932460308075,0.0794840008020401,0.5756718516349792,0.7503606081008911,0.0856836661696434,0.7147687673568726,0.7015878558158875,0.2277770936489105,0.5746454000473022,0.7756261825561523,0.0900350585579872,0.7143765687942505,0.7141034007072449,0.2498526126146316,0.5873391628265381,0.7624053359031677,0.0930560976266861,0.7017975449562073,0.7108287215232849,0.2499798834323883,0.5875966548919678,0.754823625087738,0.0872542038559913,0.7002649307250977,0.7055812478065491,0.2318267524242401,0.6076233386993408,0.7727810740470886,0.0356089696288108,0.6630276441574097,0.7717427611351013,-0.0356547459959983,0.6077125668525696,0.9412857294082642,0.0441482625901699,0.6840492486953735,0.941531777381897,-0.0067370347678661,0.5917026400566101,1.0671508312225342,0.0594098642468452,0.7067710161209106,1.092165231704712,-0.0020696804858744,0.5912407040596008,1.093017339706421,0.06024169921875,0.7025934457778931,1.1191433668136597,0.0002856644568964,0.5899824500083923,1.0837383270263672,0.0381445102393627,0.7294067144393921,1.1096097230911257,-0.027039423584938,9.838649272918701,neutro
1761586140.7216918,0,0.6261454224586487,0.5089327692985535,0.2243575602769851,0.6213344931602478,0.49808469414711,0.1913131028413772,0.6184366941452026,0.498251736164093,0.1912967562675476,0.6154744625091553,0.4986537098884582,0.1912331134080886,0.629273533821106,0.4969867467880249,0.1950309723615646,0.6318380236625671,0.4963214993476867,0.195024162530899,0.6345170736312866,0.4957226812839508,0.1949199736118316,0.6119791269302368,0.504626452922821,0.0786410570144653,0.6408840417861938,0.4997361004352569,0.0953306332230568,0.6228879690170288,0.5180962085723877,0.1900934129953384,0.6311448812484741,0.5170571208000183,0.1954322159290313,0.5856348276138306,0.5752393007278442,0.0425201281905174,0.6838669776916504,0.569030225276947,0.0197252314537763,0.5729362368583679,0.6778916120529175,0.0538646653294563,0.7199511528015137,0.6613486409187317,0.0785945057868957,0.5791012048721313,0.744240939617157,0.1404230892658233,0.7182723879814148,0.7018597722053528,0.2265584915876388,0.5835646986961365,0.7536884546279907,0.1513499915599823,0.7157709002494812,0.7142197489738464,0.2502937912940979,0.5910652279853821,0.7481455206871033,0.1548482924699783,0.7023125886917114,0.7109361886978149,0.2512016296386719,0.5905057787895203,0.7421279549598694,0.1436037570238113,0.7018688321113586,0.7062119245529175,0.2312386482954025,0.6098060011863708,0.7728385329246521,0.0309512317180633,0.6650574207305908,0.7722437381744385,-0.0309707019478082,0.6091073751449585,0.9411859512329102,0.0437910184264183,0.685448408126831,0.9416964650154114,-0.0051968186162412,0.5918954610824585,1.066815733909607,0.0612000413239002,0.7079828977584839,1.0916125774383545,0.0008568170596845,0.5914093255996704,1.0928375720977783,0.062538057565689,0.7037703990936279,1.118551254272461,0.0029152429196983,0.5897449254989624,1.083524465560913,0.0483591370284557,0.7296398878097534,1.1084548234939575,-0.0212190076708793,9.884029150009155,neutro
1761586140.768423,0,0.6292122006416321,0.508071780204773,0.2143040597438812,0.6245363354682922,0.4974944293498993,0.1821162402629852,0.6216992139816284,0.4977337419986725,0.1821152120828628,0.6188024878501892,0.4981966316699981,0.1820494830608368,0.6320682764053345,0.4962324798107147,0.1835681945085525,0.6344855427742004,0.4955591857433319,0.1835682839155197,0.6370552778244019,0.4949789047241211,0.1834635883569717,0.6150745153427124,0.5043972134590149,0.0724952295422554,0.6430469155311584,0.4995701909065246,0.0809043645858764,0.6261501312255859,0.5173778533935547,0.1817201226949691,0.6338092088699341,0.5162202715873718,0.1844265311956405,0.5880991220474243,0.5751393437385559,0.0431174635887146,0.6851248741149902,0.5690135359764099,-0.002084677806124,0.5741097927093506,0.678145170211792,0.0782150030136108,0.7202386260032654,0.6596948504447937,0.0601344928145408,0.5824652910232544,0.7271387577056885,0.1728167533874511,0.7301278710365295,0.6980029940605164,0.2144670784473419,0.5886397361755371,0.7391140460968018,0.1863533854484558,0.7310200333595276,0.7114490270614624,0.2390799969434738,0.5948843359947205,0.7351900339126587,0.1877689808607101,0.7279850244522095,0.7074910998344421,0.2403963804244995,0.5942947268486023,0.7295284867286682,0.175565093755722,0.7209548950195312,0.7028495669364929,0.2202505767345428,0.611643373966217,0.7720725536346436,0.033282320946455,0.6655495166778564,0.7720372080802917,-0.0333791859447956,0.6099597215652466,0.9388274550437928,0.0457944124937057,0.6856322884559631,0.9392204880714417,-0.0032898921053856,0.5923707485198975,1.0661237239837646,0.0575781650841236,0.7072771787643433,1.088351130485535,-0.0049148905090987,0.5915834903717041,1.0921180248260498,0.0580681972205638,0.70257967710495,1.1152663230895996,-0.0029819200281053,0.5910409688949585,1.0830438137054443,0.0455854348838329,0.7299584150314331,1.1044714450836182,-0.0203785970807075,9.930760383605957,neutro
1761586140.8161964,0,0.635712206363678,0.5081283450126648,0.2154726684093475,0.6317760348320007,0.4979171752929687,0.1826137602329254,0.6293718814849854,0.4981966614723205,0.1826003491878509,0.626630425453186,0.4986757934093475,0.1825312227010727,0.6388581395149231,0.4965867102146148,0.1842688471078872,0.6415022611618042,0.4959087371826172,0.1842725127935409,0.6442142724990845,0.4952811598777771,0.1841579973697662,0.6226692199707031,0.5047459602355957,0.0725818276405334,0.6506456136703491,0.4996932744979858,0.0812669247388839,0.6337809562683105,0.5173885226249695,0.1829043328762054,0.6407448053359985,0.5163682103157043,0.1855853050947189,0.5955413579940796,0.5729909539222717,0.0552154369652271,0.6903730630874634,0.5677977204322815,0.0006493951077573,0.5807697176933289,0.675457775592804,0.0864128023386001,0.7318143844604492,0.647651731967926,0.0563271157443523,0.5784205794334412,0.729846179485321,0.1581494659185409,0.7633142471313477,0.6844832301139832,0.1930589973926544,0.5712742805480957,0.7422254681587219,0.1673798263072967,0.773640513420105,0.6979405283927917,0.2093871831893921,0.5747302174568176,0.7425731420516968,0.1671914607286453,0.7719374895095825,0.6937121748924255,0.2116985023021698,0.5814276933670044,0.7387157082557678,0.1601731479167938,0.7671508193016052,0.6897467374801636,0.1988017261028289,0.618364691734314,0.7721046805381775,0.0377441607415676,0.6707766056060791,0.7723328471183777,-0.0379707105457782,0.6123190522193909,0.938027799129486,0.0449591539800167,0.6900774836540222,0.939681351184845,-0.0102920588105916,0.5941071510314941,1.0605005025863647,0.0565227344632148,0.7113365530967712,1.087983012199402,-0.0130636151880025,0.5922969579696655,1.0853893756866455,0.0565957315266132,0.7054635286331177,1.114560842514038,-0.0114578185603022,0.5940979719161987,1.0792181491851809,0.031238779425621,0.7360400557518005,1.1046549081802368,-0.0405836813151836,9.978533744812012,neutro
1761586140.8626094,0,0.6395549774169922,0.5081304311752319,0.1867270618677139,0.6357121467590332,0.4980154931545257,0.1526130437850952,0.6332405805587769,0.4983090758323669,0.1526220291852951,0.6304264068603516,0.4988025426864624,0.152530089020729,0.6426160931587219,0.4966605007648468,0.1570844799280166,0.6453404426574707,0.4959829747676849,0.1570900529623031,0.6481671929359436,0.4953524768352508,0.1569924056529998,0.6267517805099487,0.504867672920227,0.0398759916424751,0.6547616720199585,0.4997602701187134,0.0633807480335235,0.6377667188644409,0.5173860192298889,0.1532606482505798,0.6446515917778015,0.5164526700973511,0.1602533459663391,0.599057137966156,0.5724141597747803,0.0420054718852043,0.6947472095489502,0.5665907263755798,-0.0198618229478597,0.5835138559341431,0.6743099689483643,0.1261513531208038,0.7383413910865784,0.6420190334320068,0.046254314482212,0.5869501829147339,0.7057374119758606,0.2799656391143799,0.7710469961166382,0.6788588762283325,0.1870949119329452,0.5904812216758728,0.7179040312767029,0.3016518950462341,0.7827969789505005,0.6907999515533447,0.2062718123197555,0.59490567445755,0.7136374115943909,0.2995409965515136,0.7819898128509521,0.6864176392555237,0.2054582834243774,0.5960410833358765,0.7087073922157288,0.2836389243602752,0.7762402296066284,0.6825661063194275,0.1920181810855865,0.621422529220581,0.7720251679420471,0.038616482168436,0.6745434999465942,0.7727155685424805,-0.0388048812747001,0.6134798526763916,0.9360495209693908,0.0567348711192607,0.6924267411231995,0.9401006698608398,-0.0086684552952647,0.5949302911758423,1.054775953292847,0.0701108425855636,0.7125809192657471,1.0843287706375122,-0.018999446183443,0.5923756957054138,1.0786898136138916,0.0702627897262573,0.7058039903640747,1.1107642650604248,-0.0179396141320467,0.5966200232505798,1.0750606060028076,0.0565566308796405,0.7409211993217468,1.1015926599502563,-0.0373128205537796,10.024946689605713,neutro
1761586140.9096706,0,0.6427757740020752,0.508216917514801,0.1990886926651001,0.6390822529792786,0.4982593953609466,0.1660713702440261,0.6364995241165161,0.4985323548316955,0.166071206331253,0.6336461305618286,0.4990050196647644,0.1659991443157196,0.6459468603134155,0.4969619214534759,0.1684448271989822,0.6486247181892395,0.4963237345218658,0.1684344410896301,0.6514618992805481,0.4957142174243927,0.1683138161897659,0.6298690438270569,0.5050331950187683,0.0531458258628845,0.6576034426689148,0.5000060796737671,0.0719961449503898,0.6408339142799377,0.517422080039978,0.1652172207832336,0.6477586030960083,0.5165970325469971,0.1686287224292755,0.6016679406166077,0.5720694661140442,0.0451648868620395,0.6977856159210205,0.5664685964584351,-0.0114968353882431,0.5849112272262573,0.674174964427948,0.1435515582561493,0.7434163093566895,0.640255331993103,0.0607600137591362,0.5861225724220276,0.704634428024292,0.3101727068424225,0.780414879322052,0.6765038967132568,0.1972960233688354,0.5902741551399231,0.7174819111824036,0.3333877325057983,0.7935682535171509,0.6904729604721069,0.2148512601852417,0.5957640409469604,0.7127634882926941,0.3321874439716339,0.7913787364959717,0.6854314208030701,0.214916706085205,0.5962321758270264,0.7073485255241394,0.3145152926445007,0.7860885858535767,0.6807442903518677,0.2029871940612793,0.6231254935264587,0.7718667984008789,0.0320141389966011,0.6768229007720947,0.7727264761924744,-0.0321329347789287,0.615060031414032,0.9367218017578124,0.0407692790031433,0.6944183707237244,0.9404441714286804,-0.0075395889580249,0.6012958288192749,1.0551999807357788,0.0543174222111702,0.7179362773895264,1.084614634513855,-0.0145052447915077,0.5999019145965576,1.0792689323425293,0.0549276769161224,0.7121981978416443,1.1109869480133057,-0.0133387623354792,0.5997064709663391,1.075135588645935,0.0378341078758239,0.7431315779685974,1.101799249649048,-0.0327124185860157,10.072007894515991,neutro
1761586140.9558518,0,0.6454164981842041,0.5081773400306702,0.2135916501283645,0.641726016998291,0.4982540011405945,0.180160254240036,0.6390517950057983,0.498526781797409,0.1801548302173614,0.6361713409423828,0.4990000426769256,0.1800574511289596,0.6486577391624451,0.4969573020935058,0.1847598254680633,0.6512831449508667,0.4963188171386719,0.1847481876611709,0.6541867852210999,0.4957091510295868,0.1846560835838318,0.632206380367279,0.5050262212753296,0.0631773844361305,0.6608198881149292,0.5000031590461731,0.0873808115720748,0.6432085633277893,0.5173162817955017,0.1782743483781814,0.6501508951187134,0.5165852308273315,0.1843599677085876,0.6034699082374573,0.5713720321655273,0.0444575361907482,0.7006053924560547,0.5661140084266663,0.0166690573096275,0.5852816700935364,0.6736463904380798,0.1182808130979538,0.7486342191696167,0.6367686986923218,0.0840658396482467,0.5830197930335999,0.7087497115135193,0.2640485465526581,0.7800583243370056,0.6719539165496826,0.2278340607881546,0.5725017786026001,0.7215307950973511,0.2831119894981384,0.792589008808136,0.68783038854599,0.2476470917463302,0.5886539220809937,0.7193048000335693,0.2835122346878052,0.7912912368774414,0.6833003163337708,0.2516002357006073,0.5901079177856445,0.7131350636482239,0.2687442302703857,0.78477942943573,0.6778270602226257,0.2345620393753051,0.6252087354660034,0.771887481212616,0.020863126963377,0.6804385781288147,0.7730314135551453,-0.0210179593414068,0.6163264513015747,0.9374266266822816,0.030228316783905,0.6962758302688599,0.9415147304534912,0.0046910447999835,0.604796826839447,1.0558477640151978,0.0491306334733963,0.7186979055404663,1.08983051776886,-0.0007425200892612,0.6045003533363342,1.0797208547592163,0.0504344999790191,0.7137411832809448,1.1161458492279053,0.000502752372995,0.5997341871261597,1.0753146409988403,0.031533982604742,0.7405809164047241,1.107840061187744,-0.0200945232063531,10.118189096450806,neutro
1761586141.00389,0,0.6482530832290649,0.5085613131523132,0.2137627303600311,0.6445352435112,0.49870765209198,0.180620938539505,0.6418513655662537,0.4989648461341858,0.180615946650505,0.6389734148979187,0.4994184672832489,0.1805138289928436,0.6516337990760803,0.4974559843540191,0.1850960999727249,0.6543983817100525,0.4968448579311371,0.1850943118333816,0.6574023365974426,0.4962638616561889,0.1850160658359527,0.6351805329322815,0.5053388476371765,0.0631983578205108,0.6642358899116516,0.5003902316093445,0.092088297009468,0.6460642218589783,0.5177013278007507,0.1787181496620178,0.6531774997711182,0.5171058177947998,0.1873107701539993,0.6067139506340027,0.5712078809738159,0.0443811044096946,0.7061519622802734,0.5664957761764526,0.0200544781982898,0.5860844254493713,0.6734256744384766,0.1472768932580948,0.7557533979415894,0.6386074423789978,0.0832800790667533,0.5954716801643372,0.6922894716262817,0.3233940601348877,0.7870413064956665,0.6655809283256531,0.2136857509613037,0.5990463495254517,0.7016961574554443,0.3459183871746063,0.8027788996696472,0.6727271676063538,0.2274909019470214,0.6075104475021362,0.6957015991210938,0.3418018221855163,0.7996436357498169,0.6663931608200073,0.2297831326723098,0.6075833439826965,0.6912701725959778,0.3271060585975647,0.7930078506469727,0.6663227677345276,0.2188863456249237,0.6272257566452026,0.7718169689178467,0.0208640284836292,0.6821997165679932,0.7736226916313171,-0.0209481418132781,0.6180952787399292,0.9384284615516664,0.0318650566041469,0.6970609426498413,0.9429768323898317,-9.22042381716892e-05,0.6062780618667603,1.05512535572052,0.0611663982272148,0.7218865156173706,1.094334363937378,-0.0204509086906909,0.6058160662651062,1.0787394046783447,0.0634300932288169,0.7167651057243347,1.1204384565353394,-0.0207381322979927,0.6016125679016113,1.0741020441055298,0.0476587563753128,0.7458598613739014,1.1124252080917358,-0.0424559786915779,10.166227340698242,neutro
1761586141.051337,0,0.6505697965621948,0.5077860355377197,0.2140052318572998,0.6467157602310181,0.4977982342243194,0.1797546446323394,0.6440237760543823,0.4980545938014984,0.1797508746385574,0.641207218170166,0.498509019613266,0.1796348989009857,0.653969943523407,0.4965079128742218,0.1843736171722412,0.6564631462097168,0.4958949089050293,0.1843726933002472,0.6592617630958557,0.4953348338603973,0.1842892318964004,0.6373873949050903,0.5046535730361938,0.0620316676795482,0.6661196351051331,0.4998825788497925,0.0895396992564201,0.6480030417442322,0.5171502232551575,0.1790598481893539,0.6552525758743286,0.5164352655410767,0.1871476769447326,0.6092996001243591,0.5708222985267639,0.0440037883818149,0.710328221321106,0.5668949484825134,0.0129431840032339,0.5887593030929565,0.673238217830658,0.1520332247018814,0.756599485874176,0.638583779335022,0.0800118297338485,0.603285551071167,0.6866205930709839,0.3407934308052063,0.7861295938491821,0.6629084944725037,0.21353380382061,0.610011637210846,0.695472776889801,0.366599828004837,0.8017705678939819,0.6724016070365906,0.2279010117053985,0.6177884936332703,0.6888458728790283,0.3637717366218567,0.7975413203239441,0.6643574833869934,0.2299350798130035,0.6175002455711365,0.6846523880958557,0.3449954986572265,0.7917512059211731,0.6640907526016235,0.2187996804714203,0.6309313774108887,0.7717961072921753,0.0210464559495449,0.6839439868927002,0.7740445733070374,-0.0210278909653425,0.6197095513343811,0.9384214878082277,0.0515446253120899,0.6978670358657837,0.9438527822494508,-0.0047413250431418,0.6069918274879456,1.0526130199432373,0.0816552937030792,0.7219060659408569,1.098617434501648,-0.0208672396838665,0.6060114502906799,1.0755996704101562,0.0841618999838829,0.7162322402000427,1.124614119529724,-0.020502682775259,0.6031960844993591,1.0714364051818848,0.0745521038770675,0.7469854354858398,1.117498755455017,-0.0398340411484241,10.213674306869507,neutro
1761586141.0985775,0,0.6578069925308228,0.5103263854980469,0.214252084493637,0.6543399691581726,0.5002848505973816,0.1788709312677383,0.651796281337738,0.5006227493286133,0.1788641512393951,0.648934006690979,0.5010743141174316,0.1787469834089279,0.6614090204238892,0.4990128576755523,0.1845689266920089,0.6640236973762512,0.4985196888446808,0.1845666915178299,0.6667411923408508,0.4980135560035705,0.1844793856143951,0.6457051634788513,0.5066179633140564,0.0575985424220562,0.6725083589553833,0.5022266507148743,0.0902503505349159,0.6556854844093323,0.5199965834617615,0.1789361536502838,0.6626783013343811,0.5195721983909607,0.1875015199184417,0.6171435117721558,0.5709419846534729,0.0333815924823284,0.7183742523193359,0.5685803890228271,0.0200437009334564,0.5964563488960266,0.6727668046951294,0.1376588493585586,0.7669258117675781,0.6391029357910156,0.0888798683881759,0.6024801731109619,0.6940248012542725,0.3294929265975952,0.7923566699028015,0.6645020246505737,0.2326190173625946,0.6064743399620056,0.7059503793716431,0.355141669511795,0.8042251467704773,0.6783722043037415,0.2520025372505188,0.6131964921951294,0.6990612149238586,0.3536550998687744,0.8015710711479187,0.6708027720451355,0.2555899322032928,0.6138290762901306,0.6940296292304993,0.3347238898277282,0.7955642938613892,0.6687483191490173,0.2386271506547927,0.6393635869026184,0.7732114791870117,0.0156407617032527,0.690607488155365,0.775614321231842,-0.0156979225575923,0.6221276521682739,0.938419759273529,0.0514400005340576,0.7019878625869751,0.9454018473625184,-0.0021688411943614,0.6077882051467896,1.0511071681976318,0.0845752283930778,0.7224970459938049,1.1015609502792358,-0.0170010048896074,0.6071286201477051,1.0738379955291748,0.087834246456623,0.7172313928604126,1.127590537071228,-0.0160634331405162,0.6024316549301147,1.069709300994873,0.0766841769218444,0.7455940246582031,1.1208596229553225,-0.0362996719777584,10.26091480255127,neutro
1761586141.143876,0,0.6613272428512573,0.5101799964904785,0.2181019335985183,0.657708466053009,0.5000703930854797,0.180456280708313,0.6550758481025696,0.5004016160964966,0.1804553866386413,0.6521822810173035,0.5008820295333862,0.1803366243839264,0.6649635434150696,0.4988546967506408,0.1892671734094619,0.6677747964859009,0.498371809720993,0.1892622411251068,0.6708471775054932,0.4978938698768616,0.1891824305057525,0.6488678455352783,0.5065668821334839,0.0578150376677513,0.6774667501449585,0.5021964907646179,0.0958520546555519,0.6591591835021973,0.5199285745620728,0.1802243292331695,0.666481614112854,0.5195263028144836,0.192028060555458,0.6199114322662354,0.5709660649299622,0.0245184786617755,0.7220064401626587,0.5700370669364929,0.033690620213747,0.5982096791267395,0.6735414266586304,0.1299189627170562,0.7691989541053772,0.6443361043930054,0.1171623617410659,0.5985175371170044,0.6962560415267944,0.334604799747467,0.7897070646286011,0.6672394275665283,0.2852174639701843,0.601401686668396,0.7125948071479797,0.3612445294857025,0.8004980087280273,0.6773660778999329,0.3116916120052337,0.6081050634384155,0.7028675675392151,0.3612575232982635,0.7991306781768799,0.6715155243873596,0.3140864074230194,0.6088879108428955,0.6970199346542358,0.3408171236515045,0.7920244932174683,0.6688802242279053,0.2913516461849212,0.6412879228591919,0.7731755971908569,0.0097621092572808,0.6945749521255493,0.7758224010467529,-0.0098298639059066,0.6240495443344116,0.9380223751068116,0.0274898670613765,0.7046951055526733,0.9460265040397644,0.0154207721352577,0.6069794297218323,1.0544074773788452,0.0425129197537899,0.7216847538948059,1.1007399559020996,-0.0006022786255925,0.6064738035202026,1.0785462856292725,0.0441853813827037,0.7163618803024292,1.1272052526474,7.702785296714865e-06,0.5991132259368896,1.0716094970703125,0.0336698219180107,0.7446552515029907,1.1195067167282104,-0.014680397696793,10.30621337890625,neutro
1761586141.1933534,0,0.6639344096183777,0.5095252394676208,0.2158249914646148,0.660043478012085,0.4990849494934082,0.1789163202047348,0.6572922468185425,0.4993775188922882,0.178922101855278,0.6543887257575989,0.4998630881309509,0.1788066029548645,0.6673482060432434,0.4980331361293793,0.1872436106204986,0.6697736978530884,0.4976118206977844,0.1872357428073883,0.6724663972854614,0.4972390234470367,0.187161237001419,0.6507874727249146,0.5059887766838074,0.0568607673048973,0.678993284702301,0.502022922039032,0.0942347869277,0.6608975529670715,0.51947420835495,0.1781491935253143,0.6684049367904663,0.5191885232925415,0.1893729865550995,0.6211498975753784,0.5708319544792175,0.0241841711103916,0.7241658568382263,0.5717089176177979,0.0290279723703861,0.6013867259025574,0.6732293963432312,0.1292055547237396,0.7675086855888367,0.6456037163734436,0.1041218265891075,0.5966366529464722,0.6981115937232971,0.3339599967002868,0.7905360460281372,0.6678210496902466,0.2685824036598205,0.598950207233429,0.7116830348968506,0.3597914576530456,0.8007308840751648,0.679081916809082,0.2940025925636291,0.6056475639343262,0.7043138742446899,0.3613733649253845,0.7988308668136597,0.6736075282096863,0.2962288558483124,0.6065128445625305,0.6988644003868103,0.3404899835586548,0.7927210330963135,0.6694868803024292,0.2747102379798889,0.6433573961257935,0.7728577256202698,0.0117922322824597,0.6964498162269592,0.775678813457489,-0.0118600046262145,0.6259838342666626,0.9370046257972716,0.021389614790678,0.7068002820014954,0.9459285736083984,0.0174736380577087,0.6070396900177002,1.0572500228881836,0.0330274738371372,0.7228699922561646,1.0988614559173584,0.0100042624399065,0.6061871647834778,1.0816223621368408,0.0341546908020973,0.7174190282821655,1.1249433755874634,0.0114942705258727,0.5991167426109314,1.074939846992493,0.020914576947689,0.7445156574249268,1.1179276704788208,-0.0024854952935129,10.355690717697144,neutro
1761586141.2409286,0,0.6671636700630188,0.509194552898407,0.2180641442537307,0.6633303165435791,0.498692512512207,0.1811475902795791,0.6605046987533569,0.4989768862724304,0.1811650842428207,0.6575359106063843,0.499457448720932,0.1810483932495117,0.6705585718154907,0.4976570010185241,0.189013198018074,0.6728892922401428,0.4972424209117889,0.1890099495649337,0.6755477786064148,0.4969013631343841,0.1889403760433197,0.6535404920578003,0.5056424736976624,0.057247407734394,0.6818486452102661,0.5019453167915344,0.0937226936221122,0.6638994216918945,0.5191819071769714,0.1801911145448684,0.6714184284210205,0.5189541578292847,0.1907290518283844,0.6225045919418335,0.5708582401275635,0.0267101041972637,0.7257970571517944,0.5730020403862,0.0268437210470438,0.6042630672454834,0.6742958426475525,0.1338563710451126,0.7692605257034302,0.6481641530990601,0.1011809110641479,0.6051099300384521,0.7002333998680115,0.3343915045261383,0.7914562225341797,0.6723266839981079,0.2598903775215149,0.6092910766601562,0.7140134572982788,0.3603635728359222,0.8017719388008118,0.6805828213691711,0.2842525243759155,0.6156586408615112,0.7069969773292542,0.3601419031620025,0.7997699975967407,0.674770176410675,0.2865575850009918,0.6160374879837036,0.7014301419258118,0.3400454521179199,0.7936415672302246,0.6735016703605652,0.2659161984920501,0.6446912884712219,0.7728502750396729,0.0120556037873029,0.6985765695571899,0.7757171988487244,-0.0120934909209609,0.6276736259460449,0.9360302090644836,0.0220285020768642,0.7080670595169067,0.9458692669868468,0.0155204432085156,0.6070486307144165,1.0603371858596802,0.0313880257308483,0.7235331535339355,1.098493218421936,0.0073690600693225,0.6061708927154541,1.0852254629135132,0.0322396419942379,0.7179626822471619,1.1247483491897583,0.0092278616502881,0.5990489721298218,1.0781832933425903,0.018704954534769,0.7444354295730591,1.1173590421676636,-0.0077701108530163,10.403265953063965,neutro
1761586141.287113,0,0.6700323820114136,0.509062647819519,0.2327093183994293,0.6663102507591248,0.4985589683055877,0.1991347372531891,0.6635538935661316,0.4988177716732025,0.1991446167230606,0.6606504321098328,0.499270349740982,0.1990630328655243,0.6732568740844727,0.4975551962852478,0.2030806094408035,0.675520658493042,0.4971407353878021,0.2030632495880127,0.6781572103500366,0.4968161880970001,0.2029763758182525,0.6565223336219788,0.5054093599319458,0.0816972479224205,0.6841078400611877,0.501907467842102,0.1000532135367393,0.6668015122413635,0.5189769864082336,0.196652203798294,0.6741534471511841,0.5187820196151733,0.2019849270582199,0.62413489818573,0.5708678960800171,0.0395249351859092,0.7260348200798035,0.573144257068634,0.0302844680845737,0.6069292426109314,0.6748201847076416,0.1019940599799156,0.7667962908744812,0.6483347415924072,0.1026372462511062,0.6025053858757019,0.7165489196777344,0.2348182648420334,0.7890440225601196,0.6826530694961548,0.2746070027351379,0.6081479787826538,0.7327621579170227,0.2520320415496826,0.7985299825668335,0.6892380118370056,0.300797164440155,0.6132660508155823,0.7300537824630737,0.2541078925132751,0.79692542552948,0.6874271035194397,0.3051362633705139,0.6147310137748718,0.7231718301773071,0.2392671853303909,0.7910934686660767,0.6858208179473877,0.2817071378231048,0.6466560363769531,0.772806704044342,0.0124910464510321,0.6988617181777954,0.7755503058433533,-0.0124798342585563,0.6296738386154175,0.9337377548217772,0.0251289159059524,0.7092100381851196,0.9443896412849426,0.0111002791672945,0.6080660223960876,1.0608935356140137,0.0367740392684936,0.7247403860092163,1.0982489585876465,0.0056520518846809,0.6067207455635071,1.085611343383789,0.0376638658344745,0.7193554639816284,1.12450909614563,0.0071953921578824,0.5999988913536072,1.0796452760696411,0.0184637513011693,0.7447680830955505,1.1174023151397705,-0.0142966601997613,10.449450254440308,neutro
1761586141.3342824,0,0.6731604337692261,0.5093192458152771,0.207718163728714,0.6695267558097839,0.4989608526229858,0.173597514629364,0.6667981147766113,0.4991568326950073,0.1736169457435608,0.6638819575309753,0.4995386004447937,0.1735267341136932,0.6763813495635986,0.498087614774704,0.178172767162323,0.6788040995597839,0.4977140128612518,0.1781792342662811,0.6815235614776611,0.4974316954612732,0.1780963838100433,0.6597635746002197,0.5054590106010437,0.0593264624476432,0.6868358850479126,0.5024113059043884,0.081380009651184,0.6700286865234375,0.5190123319625854,0.1732528209686279,0.6774377822875977,0.51887446641922,0.1798421144485473,0.6253218650817871,0.5708727240562439,0.0334459617733955,0.7278755903244019,0.573546290397644,0.0109627861529588,0.6072045564651489,0.6758272051811218,0.1230714321136474,0.7659616470336914,0.6508052945137024,0.0851542130112648,0.6155356764793396,0.7091484665870667,0.309222400188446,0.7872495055198669,0.6949627995491028,0.2511879801750183,0.622348427772522,0.7213757038116455,0.3350165486335754,0.7967276573181152,0.7022431492805481,0.2798736989498138,0.6285407543182373,0.7180356383323669,0.3352875113487243,0.7945438623428345,0.700214147567749,0.2780001163482666,0.6281572580337524,0.7127882838249207,0.3145665824413299,0.788864254951477,0.6983701586723328,0.2564318478107452,0.6489120125770569,0.7723783850669861,0.0150675075128674,0.699341893196106,0.7752720713615417,-0.0150367142632603,0.6308774948120117,0.9326136112213136,0.0274496916681528,0.7095893621444702,0.944215714931488,0.0091876499354839,0.6078607439994812,1.0615191459655762,0.0376552678644657,0.7241465449333191,1.0980733633041382,0.0014863085234537,0.6065254211425781,1.0859862565994265,0.0379635468125343,0.7187011241912842,1.1243348121643066,0.0027465282473713,0.6012023687362671,1.0815284252166748,0.0221073757857084,0.7450248003005981,1.1175557374954224,-0.0158779472112655,10.496619701385498,neutro
1761586141.3824303,0,0.6745580434799194,0.5096072554588318,0.2143913805484771,0.671005129814148,0.4993990659713745,0.1792471706867218,0.6682933568954468,0.4996114075183868,0.1792713701725006,0.6653904914855957,0.500005304813385,0.1791999042034149,0.677907407283783,0.4985345005989074,0.185378223657608,0.6804417371749878,0.4981875717639923,0.1853720545768737,0.683268129825592,0.497930496931076,0.1852913647890091,0.661448061466217,0.5058789849281311,0.0608075782656669,0.688804566860199,0.5029597878456116,0.0875255912542343,0.6715578436851501,0.5192609429359436,0.1780895590782165,0.6789838075637817,0.5190953016281128,0.1861645132303238,0.6273536086082458,0.5708861947059631,0.0261549446731805,0.729859471321106,0.5742133259773254,0.0295404102653265,0.6096521615982056,0.6758219599723816,0.1117239817976951,0.7651318907737732,0.6529906392097473,0.1113954037427902,0.61025470495224,0.7110802531242371,0.3057570159435272,0.7862704396247864,0.697523295879364,0.2875149548053741,0.6147341728210449,0.723467230796814,0.3283857107162475,0.7904698252677917,0.7079817652702332,0.3167370855808258,0.6210248470306396,0.720562756061554,0.3263821899890899,0.7883609533309937,0.7036106586456299,0.3177638351917267,0.6212424635887146,0.7152035236358643,0.3091344535350799,0.7856355905532837,0.7015354633331299,0.2934382557868957,0.6509494185447693,0.772284209728241,0.0068469331599771,0.7011115550994873,0.7749841213226318,-0.0068873884156346,0.6326180696487427,0.931858241558075,0.0134900081902742,0.710116446018219,0.9433127045631408,0.0146316047757864,0.6082149147987366,1.0650629997253418,0.0192719623446464,0.7237473130226135,1.0959826707839966,0.0078218346461653,0.6072230935096741,1.0896446704864502,0.0198042131960392,0.7183881402015686,1.1218994855880735,0.0089496551081538,0.6000311970710754,1.086068868637085,0.0018751301104202,0.7409209609031677,1.1165488958358765,-0.0112730339169502,10.544767618179321,neutro
1761586141.4294646,0,0.6768062710762024,0.5098020434379578,0.2057929337024688,0.6730718612670898,0.4996707737445831,0.1705884337425232,0.6703200340270996,0.4999048113822937,0.170607104897499,0.6673599481582642,0.5003030896186829,0.1705339252948761,0.6801455020904541,0.498796671628952,0.177087515592575,0.6827793121337891,0.4984800517559051,0.1770831197500229,0.6856452226638794,0.4982390999794006,0.1769994497299194,0.663457453250885,0.5061671733856201,0.0529445931315422,0.6912047266960144,0.5033336877822876,0.0824090391397476,0.6739801168441772,0.5194697976112366,0.1701434403657913,0.6815282106399536,0.5192641615867615,0.1788808107376098,0.6293415427207947,0.5706499218940735,0.0184570234268903,0.732172966003418,0.57419753074646,0.0273423343896865,0.6102727055549622,0.6754449009895325,0.1099893003702163,0.7661551833152771,0.6538304686546326,0.1065995916724205,0.6106444597244263,0.7099303007125854,0.2994679510593414,0.7855823636054993,0.6971730589866638,0.2829003930091858,0.6147751212120056,0.7220630049705505,0.3227209448814392,0.7885987758636475,0.708263635635376,0.3126053214073181,0.6205205917358398,0.7189614176750183,0.3227258920669555,0.7862562537193298,0.7025887370109558,0.3131183683872223,0.6207858324050903,0.7138614654541016,0.3041907846927643,0.7837573289871216,0.7001209259033203,0.2888578176498413,0.6527706384658813,0.7722534537315369,0.0084344185888767,0.7032963037490845,0.7749696969985962,-0.0085014486685395,0.6333400011062622,0.9314205646514891,0.0160760972648859,0.7104309797286987,0.9431262612342834,0.0166639219969511,0.6083863973617554,1.0654171705245972,0.0209035351872444,0.723444402217865,1.0934460163116455,0.0083215162158012,0.6071601510047913,1.0900343656539917,0.0212825629860162,0.7181071043014526,1.1191422939300537,0.0094840694218873,0.6000126004219055,1.086023211479187,0.0059594619087874,0.7405548691749573,1.11397385597229,-0.0076418844982981,10.591801881790161,neutro
1761586141.473448,0,0.6820581555366516,0.5108323693275452,0.1911375075578689,0.6787136793136597,0.5010375380516052,0.1575634330511093,0.6762470602989197,0.5012847781181335,0.1575678288936615,0.6735409498214722,0.5016273260116577,0.1574811041355133,0.6861627101898193,0.5002612471580505,0.1607434749603271,0.6888784170150757,0.500051736831665,0.1607494354248047,0.6918265223503113,0.4998835325241089,0.1606436222791671,0.6693870425224304,0.5073937773704529,0.0454201437532901,0.6963071823120117,0.5052117705345154,0.0608315169811248,0.6792045831680298,0.520492672920227,0.1575633883476257,0.6868131756782532,0.5205016732215881,0.1623056977987289,0.6320914030075073,0.5709193348884583,0.0186349898576736,0.7355497479438782,0.5743188858032227,-0.0035869306884706,0.615082859992981,0.6767994165420532,0.0945812314748764,0.7654450535774231,0.6568015217781067,0.0671815276145935,0.6454694867134094,0.7073878049850464,0.2421989887952804,0.7639260292053223,0.6954485774040222,0.2205289304256439,0.6533711552619934,0.7182359099388123,0.2597928643226623,0.7645820379257202,0.707665741443634,0.2463946044445037,0.6611964106559753,0.7128461599349976,0.2600865662097931,0.7556675672531128,0.7011966705322266,0.2428807914257049,0.6602734923362732,0.7082423567771912,0.2454494535923004,0.753372073173523,0.6986424326896667,0.2238195836544037,0.6552615761756897,0.7722985744476318,0.0167398229241371,0.7046682238578796,0.774964451789856,-0.0166958440095186,0.6361905336380005,0.9310122728347778,0.0344980582594871,0.7123788595199585,0.943227469921112,0.0078933658078312,0.6084600687026978,1.0652977228164673,0.0429828092455863,0.7233891487121582,1.0929889678955078,0.0070064044557511,0.6070307493209839,1.0893245935440063,0.04286540299654,0.7180474996566772,1.1183899641036987,0.0087125934660434,0.602474570274353,1.0855058431625366,0.0253206752240657,0.7405787706375122,1.113946795463562,-0.0132417026907205,10.635785341262817,neutro
1761586141.5195022,0,0.6844539642333984,0.5110739469528198,0.1912565678358078,0.6811092495918274,0.5013026595115662,0.1587538421154022,0.6787078976631165,0.5015164017677307,0.1587579399347305,0.6759902238845825,0.5018187165260315,0.1586712747812271,0.688631534576416,0.5006393194198608,0.1612350195646286,0.6914283037185669,0.5004613399505615,0.1612346023321151,0.6944618225097656,0.5003053545951843,0.1611239612102508,0.6716498136520386,0.5076765418052673,0.0482425689697265,0.6986963748931885,0.5057876110076904,0.0609473474323749,0.6815147995948792,0.5206917524337769,0.1582435220479965,0.689070999622345,0.5208064317703247,0.1620016545057296,0.6340219378471375,0.5712012052536011,0.020623805001378,0.7368686199188232,0.5742256045341492,-0.0061739520169794,0.6167136430740356,0.6778850555419922,0.0962889641523361,0.7653127908706665,0.6587950587272644,0.0651481822133064,0.6544860601425171,0.7054147124290466,0.2433669567108154,0.7538394331932068,0.6946194767951965,0.2210684567689895,0.6634537577629089,0.7152683138847351,0.2616731226444244,0.7519396543502808,0.7033811211585999,0.2478988915681839,0.6713646650314331,0.7090416550636292,0.2624832987785339,0.7481311559677124,0.7003117203712463,0.2443722486495971,0.6700252890586853,0.7047902941703796,0.2467578202486038,0.7382692098617554,0.6977551579475403,0.2243779599666595,0.6577010750770569,0.7723144292831421,0.018831456080079,0.7055271863937378,0.7749501466751099,-0.0187776442617177,0.6375008821487427,0.930578887462616,0.0340945571660995,0.713172972202301,0.9432041645050048,0.0035587418824434,0.6088775396347046,1.0650136470794678,0.040545005351305,0.7233461737632751,1.0895804166793823,0.0018132854020223,0.6068795323371887,1.089109182357788,0.0401073507964611,0.7179242372512817,1.1141624450683594,0.0035426407121121,0.6042596697807312,1.0856322050094604,0.0218277983367443,0.7406376600265503,1.111669421195984,-0.0196765102446079,10.68183946609497,neutro
1761586141.566044,0,0.6850236654281616,0.5110500454902649,0.1961291134357452,0.6816060543060303,0.5012675523757935,0.1629400551319122,0.6789667010307312,0.5014830827713013,0.1629454046487808,0.6760021448135376,0.5017912983894348,0.1628573983907699,0.6891831159591675,0.5005905032157898,0.1663808673620224,0.6920108795166016,0.5004013180732727,0.1663791537284851,0.6950572729110718,0.5002390742301941,0.1662753969430923,0.6716626882553101,0.5076483488082886,0.0497991964221,0.6999198198318481,0.5057400465011597,0.0654501020908355,0.6818181276321411,0.5206695199012756,0.1623477637767791,0.6897352337837219,0.5207593441009521,0.1673178970813751,0.6346954703330994,0.5712223052978516,0.0174279492348432,0.7393327355384827,0.5745298862457275,-0.0005464675487019,0.6176759600639343,0.677997887134552,0.0914305821061134,0.765832245349884,0.6602324843406677,0.0710723549127578,0.6534122824668884,0.7047602534294128,0.2437212914228439,0.7536430954933167,0.689989447593689,0.2268888056278228,0.6617597341537476,0.7146994471549988,0.2626918256282806,0.7522954344749451,0.7021501660346985,0.2484768182039261,0.6697772741317749,0.708087146282196,0.2636127769947052,0.7486547231674194,0.7001909017562866,0.2480854541063308,0.6688032746315002,0.7037490606307983,0.2475229501724243,0.7448491454124451,0.6918241381645203,0.2318451702594757,0.658372163772583,0.7730817794799805,0.0156487431377172,0.7071937918663025,0.7755345702171326,-0.0155642256140708,0.6383394002914429,0.9317453503608704,0.0346677228808403,0.7136409282684326,0.94432532787323,0.0051127872429788,0.6098185777664185,1.0672047138214111,0.0446454957127571,0.7214334011077881,1.091478943824768,0.007404594682157,0.6076545715332031,1.0910135507583618,0.0448461398482322,0.7168644070625305,1.115943431854248,0.0091820387169718,0.6039642095565796,1.088683009147644,0.0277348812669515,0.7369924187660217,1.113840937614441,-0.0153555888682603,10.728381395339966,neutro
1761586141.6110115,0,0.6855331659317017,0.511027455329895,0.1969619542360305,0.6819086670875549,0.501247763633728,0.1661261022090912,0.6791067719459534,0.5014609098434448,0.1661238372325897,0.6760783791542053,0.5017694234848022,0.1660396456718444,0.689406156539917,0.5005714893341064,0.166565865278244,0.6921815872192383,0.5003818273544312,0.1665575206279754,0.6951808929443359,0.5002303719520569,0.1664643287658691,0.6718860268592834,0.5076270699501038,0.0572460405528545,0.7005475759506226,0.5057703852653503,0.0684422329068183,0.6820546388626099,0.5206441283226013,0.1652430742979049,0.6902943253517151,0.5207267999649048,0.1687446385622024,0.635617196559906,0.5712192058563232,0.0180304981768131,0.7399531602859497,0.5745391249656677,0.0005539621924981,0.616901159286499,0.6779812574386597,0.0897450074553489,0.7657958269119263,0.660918653011322,0.0686905831098556,0.6507245302200317,0.7041202187538147,0.2256428003311157,0.74875807762146,0.6973983645439148,0.1992778927087783,0.6588332056999207,0.7149373888969421,0.2415391653776168,0.7440787553787231,0.7142153382301331,0.2216019183397293,0.6675178408622742,0.7084805965423584,0.2420444190502166,0.7408784031867981,0.7110334038734436,0.2202050983905792,0.6666237115859985,0.7039952874183655,0.2284741848707199,0.7377744913101196,0.708128809928894,0.2027311027050018,0.6590740084648132,0.7732129693031311,0.01262560300529,0.7091477513313293,0.7758629322052002,-0.0125088095664978,0.6387205123901367,0.9325421452522278,0.0303313974291086,0.7141958475112915,0.9446665048599244,0.0053379922173917,0.6124715209007263,1.0696932077407837,0.0414468646049499,0.7203192114830017,1.0923161506652832,0.0075276629067957,0.61078941822052,1.0936000347137451,0.0416819117963314,0.7164750695228577,1.1165708303451538,0.009226955473423,0.6042474508285522,1.0913653373718262,0.0227476079016923,0.732925534248352,1.115227460861206,-0.0154226366430521,10.773348808288574,neutro
1761586141.65723,0,0.6858499646186829,0.5110089182853699,0.1989980041980743,0.6819700002670288,0.5012263059616089,0.1671468913555145,0.6791155934333801,0.5014380812644958,0.1671464592218399,0.67613685131073,0.5017477869987488,0.1670586615800857,0.6894494295120239,0.5005464553833008,0.1687929332256317,0.6921526193618774,0.5003507137298584,0.1687866896390915,0.695140540599823,0.5002002120018005,0.1686928421258926,0.6719678640365601,0.5076118111610413,0.0578585974872112,0.700890064239502,0.5057685375213623,0.0700487419962883,0.6823046803474426,0.5206218957901001,0.1659754663705825,0.6906411051750183,0.5206943154335022,0.1705403625965118,0.6360993981361389,0.5712502598762512,0.0184402074664831,0.7396578192710876,0.5742509365081787,0.0036136556882411,0.6169413924217224,0.6780861616134644,0.0837501361966133,0.767516016960144,0.6605757474899292,0.0702900439500808,0.6501566171646118,0.7047622799873352,0.2200626134872436,0.7539335489273071,0.6971418857574463,0.2003503739833831,0.6590856909751892,0.7153127193450928,0.2364052534103393,0.7514609694480896,0.711644172668457,0.2241652011871338,0.6678476929664612,0.7091242074966431,0.2374408990144729,0.7440283894538879,0.7082868814468384,0.2234028279781341,0.666446328163147,0.7045767307281494,0.2233652770519256,0.742479145526886,0.7060561776161194,0.2042741775512695,0.6598230600357056,0.7733100652694702,0.0087564028799533,0.710242509841919,0.7758569717407227,-0.0086731109768152,0.6393107175827026,0.9335170984268188,0.025213411077857,0.7147254347801208,0.94470477104187,0.0120855430141091,0.6130704283714294,1.0704420804977417,0.0356100462377071,0.721337080001831,1.0923277139663696,0.0134704951196908,0.6116102933883667,1.0948338508605957,0.0361105240881443,0.7178839445114136,1.1167207956314087,0.0151881929486989,0.6041830778121948,1.0911369323730469,0.0195731632411479,0.7333883047103882,1.1150126457214355,-0.0062977210618555,10.819567203521729,neutro
1761586141.7047138,0,0.6858171224594116,0.5111078023910522,0.1984841078519821,0.6817059516906738,0.5013532042503357,0.1651321053504943,0.6788651943206787,0.501570463180542,0.1651378124952316,0.6759362816810608,0.5018789768218994,0.1650508046150207,0.6892948746681213,0.5006186366081238,0.1682350486516952,0.6919694542884827,0.5003969669342041,0.1682286113500595,0.6949647068977356,0.5002344250679016,0.1681332290172577,0.6718723177909851,0.5077000856399536,0.0531635656952858,0.7007055878639221,0.5058205127716064,0.0690098404884338,0.6821492314338684,0.5207080841064453,0.1649186909198761,0.690710723400116,0.5207017064094543,0.170095220208168,0.6370189189910889,0.571360170841217,0.014231352135539,0.7412456274032593,0.5742723941802979,0.004497533198446,0.6176432967185974,0.678309977054596,0.0847299471497535,0.7707487344741821,0.660902738571167,0.0718001872301101,0.6546924114227295,0.7052097916603088,0.2332948744297027,0.7564210295677185,0.694022536277771,0.211208626627922,0.6639345288276672,0.7154603600502014,0.2514427304267883,0.752806544303894,0.711266279220581,0.2345788180828094,0.6724339723587036,0.7093214392662048,0.2525084316730499,0.7472805380821228,0.7050194144248962,0.2352059334516525,0.6710301041603088,0.7046917676925659,0.237098291516304,0.7451660633087158,0.7023066878318787,0.2160069048404693,0.6602333188056946,0.7744044661521912,0.0066247931681573,0.7111316919326782,0.776923418045044,-0.0065663843415677,0.6399987936019897,0.934228241443634,0.0245151482522487,0.7150911092758179,0.9447021484375,0.0169087667018175,0.6130069494247437,1.071053981781006,0.036101646721363,0.7216209769248962,1.0919743776321411,0.0212491974234581,0.6115760803222656,1.095510721206665,0.0367569774389267,0.7181909680366516,1.1165672540664673,0.0232250951230525,0.6041077375411987,1.0913081169128418,0.0201734956353902,0.7339399456977844,1.113779902458191,0.0037684284616261,10.867051124572754,neutro
1761586141.751848,0,0.6865526437759399,0.5114226937294006,0.1941479742527008,0.6824484467506409,0.5015183091163635,0.1604422181844711,0.6796122193336487,0.5017029047012329,0.1604540050029754,0.6767227649688721,0.5019640922546387,0.160372108221054,0.6899932622909546,0.5007622838020325,0.1637309491634369,0.6926122903823853,0.5005127787590027,0.1637333929538726,0.6955567598342896,0.5003246068954468,0.1636386066675186,0.6724773645401001,0.5077194571495056,0.0496663823723793,0.7012081146240234,0.5058962106704712,0.0653691962361335,0.6826053261756897,0.5209783911705017,0.1613945066928863,0.6911226511001587,0.5209527611732483,0.1663738191127777,0.6378050446510315,0.5713654160499573,0.0147246168926358,0.7419053912162781,0.5739939212799072,0.0028470817487686,0.6186562776565552,0.6782109141349792,0.0877548679709434,0.7739797234535217,0.6608460545539856,0.069830909371376,0.6546290516853333,0.7052733302116394,0.2387245893478393,0.7634767293930054,0.6935313940048218,0.2145152390003204,0.6643821001052856,0.7157665491104126,0.2571940124034881,0.7553814649581909,0.71077960729599,0.2396714240312576,0.672569990158081,0.709606945514679,0.2578456401824951,0.7482086420059204,0.7047736644744873,0.2391630411148071,0.6707924008369446,0.7049086689949036,0.242592841386795,0.7474725842475891,0.7015785574913025,0.2190074473619461,0.661007821559906,0.7743909358978271,0.0074437544681131,0.7117384672164917,0.7769034504890442,-0.007394284941256,0.640715479850769,0.9346144199371338,0.0248959902673959,0.715449869632721,0.9442319273948668,0.017538933083415,0.6131597757339478,1.071138858795166,0.0364741757512092,0.7226377725601196,1.091076135635376,0.0211241971701383,0.6114784479141235,1.0958489179611206,0.0370722860097885,0.7188110947608948,1.1159077882766724,0.0232199132442474,0.6049584150314331,1.0910218954086304,0.0233064927160739,0.7373332977294922,1.1120566129684448,0.0066299648024141,10.914185285568237,neutro
1761586141.7971225,0,0.6871081590652466,0.5113292932510376,0.188540980219841,0.682996392250061,0.501132071018219,0.1550333201885223,0.6801949739456177,0.5012362599372864,0.1550385057926178,0.6773576140403748,0.5014153122901917,0.1549620330333709,0.6904526948928833,0.5004797577857971,0.1582360863685608,0.6930330991744995,0.5002322793006897,0.1582415401935577,0.6959429979324341,0.5000573396682739,0.1581491529941558,0.6730979681015015,0.5072763562202454,0.0461915545165538,0.701697051525116,0.5057098269462585,0.0609582960605621,0.683236837387085,0.5209227800369263,0.1567626446485519,0.6915016174316406,0.5209435820579529,0.1614115387201309,0.6383999586105347,0.5713399052619934,0.0091277072206139,0.7428204417228699,0.5738078951835632,0.0023830160498619,0.6203805208206177,0.6780755519866943,0.071907989680767,0.7764973044395447,0.6586070656776428,0.0585050359368324,0.6535996794700623,0.7077581286430359,0.2109355926513672,0.7661932706832886,0.6938399076461792,0.1820486634969711,0.6630954742431641,0.7196292281150818,0.2265739887952804,0.7580040693283081,0.7114209532737732,0.2047478407621383,0.670746386051178,0.7141698598861694,0.229988694190979,0.7493764162063599,0.707118570804596,0.2032402008771896,0.6689199805259705,0.7089821100234985,0.21541228890419,0.7506998181343079,0.7030895352363586,0.1856288909912109,0.6616283059120178,0.7744801640510559,0.0044761835597455,0.7118844985961914,0.7768005132675171,-0.0044488338753581,0.6412197351455688,0.9348176121711732,0.0197648126631975,0.7153127193450928,0.9426994323730468,0.026364704594016,0.613095223903656,1.071076273918152,0.035643883049488,0.7230880260467529,1.0879745483398438,0.0376310721039772,0.6114283204078674,1.09623920917511,0.036583062261343,0.7194229364395142,1.1129616498947144,0.0404127426445484,0.6048909425735474,1.0907713174819946,0.0229048654437065,0.7374777793884277,1.1074540615081787,0.0247192364186048,10.959459781646729,neutro
1761586141.8449955,0,0.6885472536087036,0.5127885937690735,0.2134901583194732,0.684768795967102,0.5024381875991821,0.1799361258745193,0.6820727586746216,0.5023949146270752,0.1799500882625579,0.6792643070220947,0.5023893117904663,0.1798780858516693,0.6918482184410095,0.5019795298576355,0.1815840452909469,0.6943563222885132,0.5017647743225098,0.1816063225269317,0.697162926197052,0.5015956163406372,0.1815221756696701,0.674972653388977,0.5078356862068176,0.0700373798608779,0.7026678919792175,0.5069554448127747,0.0779087468981742,0.68506920337677,0.5219917297363281,0.1817040890455246,0.6928141117095947,0.5220746397972107,0.1843234598636627,0.6386157274246216,0.5718068480491638,0.036811240017414,0.7425037622451782,0.5735979080200195,0.0056769950315356,0.6217068433761597,0.6772909164428711,0.1098663657903671,0.7878479361534119,0.6496118903160095,0.0630349293351173,0.6561212539672852,0.7058675289154053,0.2553814649581909,0.7886701226234436,0.6936807036399841,0.1979160606861114,0.666215717792511,0.7186859250068665,0.2740293443202972,0.7893048524856567,0.7108016610145569,0.2211806029081344,0.6722244620323181,0.7129985690116882,0.2758461534976959,0.7772281765937805,0.7086848616600037,0.2199969738721847,0.6702145338058472,0.7078593373298645,0.2603274583816528,0.7759959697723389,0.7021154165267944,0.2019914090633392,0.6622684001922607,0.7748029232025146,0.0111294370144605,0.7123532891273499,0.7767537236213684,-0.0111286621540784,0.6417478322982788,0.9353063106536864,0.0340339615941047,0.7165535688400269,0.9437687993049622,0.0218486823141574,0.6129939556121826,1.0735927820205688,0.0533491484820842,0.7252798080444336,1.09015691280365,0.0302337016910314,0.6113847494125366,1.0992432832717896,0.0546366460621356,0.7206336259841919,1.1153075695037842,0.0326847434043884,0.6057900190353394,1.0928606986999512,0.0465832874178886,0.7431873083114624,1.1102310419082642,0.015888262540102,11.007332801818848,neutro
1761586141.8933718,0,0.6896256804466248,0.5134884715080261,0.1802597194910049,0.6860688924789429,0.5029763579368591,0.1465193331241607,0.6834683418273926,0.5028885006904602,0.1465334147214889,0.6806982755661011,0.5028238892555237,0.1464554220438003,0.6927892565727234,0.5026020407676697,0.1497493684291839,0.6951858401298523,0.502414882183075,0.1497687399387359,0.6978819966316223,0.5022658705711365,0.1496808677911758,0.676010251045227,0.5081544518470764,0.0397288873791694,0.7030957937240601,0.5075649619102478,0.054746963083744,0.6863203048706055,0.5226148962974548,0.149844691157341,0.6936541199684143,0.5227636694908142,0.1545190066099167,0.6383600234985352,0.5723001956939697,0.0116163017228245,0.7420988082885742,0.573366105556488,-0.0067790537141263,0.6212029457092285,0.6768041253089905,0.1065229922533035,0.7898712158203125,0.6468511819839478,0.0509736761450767,0.6552613377571106,0.7034692764282227,0.2844717502593994,0.7989124059677124,0.6951236724853516,0.1848415583372116,0.6654369831085205,0.7164341807365417,0.307976484298706,0.8027777671813965,0.7108727097511292,0.2065711021423339,0.6712243556976318,0.7109898924827576,0.3094832301139831,0.7936883568763733,0.7093421220779419,0.2045497447252273,0.6692163348197937,0.706257164478302,0.2905865311622619,0.7891244888305664,0.7051375508308411,0.1890281587839126,0.6628404259681702,0.7752096652984619,0.0095170568674802,0.7126191854476929,0.7767351269721985,-0.0095382099971175,0.6422798037528992,0.9354460835456848,0.0332471020519733,0.7167471647262573,0.9437407851219176,0.0271602235734462,0.6138539910316467,1.0734840631484983,0.0545114055275917,0.7271639704704285,1.0883064270019531,0.0432635024189949,0.6122549772262573,1.0988234281539917,0.0564691722393035,0.7229593992233276,1.113545060157776,0.046571247279644,0.6059974431991577,1.090830683708191,0.0502531006932258,0.7446451187133789,1.1072356700897217,0.0362704768776893,11.05570912361145,neutro
1761586141.9387398,0,0.6904945373535156,0.5138792395591736,0.1781302690505981,0.6868631839752197,0.5033895373344421,0.1435077041387558,0.6841577291488647,0.5032857060432434,0.1435224860906601,0.6812568306922913,0.5031872391700745,0.1434440612792968,0.6938070058822632,0.5030674338340759,0.1467604041099548,0.6962651610374451,0.5029112696647644,0.1467684358358383,0.6989690661430359,0.5027779936790466,0.1466628015041351,0.6762582063674927,0.5084541440010071,0.034032829105854,0.7040032148361206,0.5079748034477234,0.0486450158059597,0.6871134042739868,0.5228331089019775,0.1466495543718338,0.6947291493415833,0.5230782628059387,0.1511455923318863,0.6380464434623718,0.5731261968612671,0.0069051282480359,0.7424564957618713,0.5732138752937317,-0.0095106391236186,0.6210078001022339,0.6770147681236267,0.1056770831346511,0.7883472442626953,0.6456604599952698,0.0558573417365551,0.6556788682937622,0.703734815120697,0.289890706539154,0.795905351638794,0.6739863157272339,0.2065909802913665,0.6656810641288757,0.7166944742202759,0.3151845037937164,0.8016274571418762,0.6785266399383545,0.2341451644897461,0.6719067692756653,0.7112159132957458,0.3156263530254364,0.7918757200241089,0.6699239611625671,0.2343839108943939,0.6701184511184692,0.7065181136131287,0.2955972552299499,0.7897189259529114,0.6787904500961304,0.2125913351774215,0.6630853414535522,0.7766199707984924,0.0103484857827425,0.7127712965011597,0.7776299118995667,-0.0103947985917329,0.6419613361358643,0.9365608096122742,0.0391808822751045,0.7170466184616089,0.944363296031952,0.0253639221191406,0.6115694642066956,1.0731549263000488,0.0576826743781566,0.7270216941833496,1.089621663093567,0.0363057069480419,0.6090434789657593,1.0985145568847656,0.0595011822879314,0.7223461270332336,1.1152762174606323,0.0390397608280181,0.6039334535598755,1.0907400846481323,0.0537246987223625,0.7442412972450256,1.1077483892440796,0.0258900858461856,11.10107707977295,neutro
1761586141.9851274,0,0.6910727024078369,0.5154510736465454,0.1832778304815292,0.6875304579734802,0.5049595236778259,0.1488697081804275,0.6848341822624207,0.5047934055328369,0.1488787233829498,0.6819169521331787,0.5045950412750244,0.148795872926712,0.6945393681526184,0.5046783685684204,0.1522562801837921,0.6970266699790955,0.5045169591903687,0.1522634476423263,0.6997224688529968,0.5043444037437439,0.1521610170602798,0.6767873764038086,0.5094295144081116,0.0391703508794307,0.7044699192047119,0.5091192722320557,0.0536303222179412,0.6875243186950684,0.5239732265472412,0.1507298201322555,0.6952983140945435,0.524224579334259,0.1558424830436706,0.6378059387207031,0.5739109516143799,0.0212449319660663,0.74241042137146,0.5731354355812073,-0.0094402814283967,0.6208266615867615,0.6769720911979675,0.1195758357644081,0.7893308401107788,0.6447319388389587,0.0566362030804157,0.6543239951133728,0.7062845826148987,0.2960114777088165,0.8031080365180969,0.6788923144340515,0.2153434306383133,0.6642763018608093,0.7192748785018921,0.3212176561355591,0.8046762347221375,0.6839587092399597,0.2437867224216461,0.6704816818237305,0.7141892910003662,0.3223663568496704,0.8008327484130859,0.6731542348861694,0.2443488538265228,0.6686707735061646,0.7095385193824768,0.3016614913940429,0.7968826293945312,0.6814115643501282,0.2219878882169723,0.6630781888961792,0.7770559787750244,0.0171868335455656,0.7133177518844604,0.7776811718940735,-0.0172815974801778,0.641741156578064,0.9370262622833252,0.0459660813212394,0.7173060178756714,0.945473313331604,0.0208047609776258,0.6092251539230347,1.0733076333999634,0.0638742819428443,0.7236508131027222,1.0933794975280762,0.0329536646604537,0.6055361032485962,1.0986307859420776,0.0656062215566635,0.7171604037284851,1.1196378469467163,0.036477006971836,0.602616012096405,1.0915522575378418,0.0609306469559669,0.7422869205474854,1.1112223863601685,0.0223044194281101,11.147464752197266,neutro
1761586142.0315108,0,0.6921866536140442,0.5163228511810303,0.1757490485906601,0.6885552406311035,0.5058223605155945,0.144522488117218,0.6858434677124023,0.5055822134017944,0.1445442736148834,0.6828672289848328,0.5052900910377502,0.1444599330425262,0.6958287954330444,0.5057005286216736,0.1462914645671844,0.69838547706604,0.5055589079856873,0.1463177502155304,0.7011145353317261,0.5053710341453552,0.1462269127368927,0.6774585247039795,0.5098296999931335,0.0417082160711288,0.7054608464241028,0.5098190903663635,0.0530714206397533,0.6885495185852051,0.5245707631111145,0.1475299745798111,0.6963893175125122,0.5248764157295227,0.1504184454679489,0.6377056837081909,0.5744386315345764,0.0278704818338155,0.7424277067184448,0.5728229880332947,-0.0161042921245098,0.6205860376358032,0.6770683526992798,0.1310178339481353,0.7918057441711426,0.6442155838012695,0.0373695269227027,0.6534224152565002,0.7066735029220581,0.30657958984375,0.813877284526825,0.6889132857322693,0.1718161553144455,0.6635339260101318,0.719290018081665,0.3320150077342987,0.8242707252502441,0.7007453441619873,0.1932928264141082,0.6700197458267212,0.7143446803092957,0.3320644199848175,0.8192976713180542,0.6975277066230774,0.1942980289459228,0.6679352521896362,0.7099257707595825,0.3118283152580261,0.8133983612060547,0.6996861696243286,0.1777727007865905,0.6628448367118835,0.7770918011665344,0.0193111468106508,0.7136425971984863,0.7776654958724976,-0.0193832293152809,0.6415950059890747,0.9384859204292296,0.0440412163734436,0.7175400257110596,0.9462587237358092,0.0197603274136781,0.60808926820755,1.0757399797439575,0.0614128932356834,0.7231655716896057,1.0941452980041504,0.0310221016407012,0.6041986346244812,1.101335525512695,0.0629882588982582,0.7164360284805298,1.1203185319900513,0.0340110585093498,0.6016170978546143,1.0943704843521118,0.0559702329337596,0.7422318458557129,1.112039566040039,0.0194386057555675,11.193848133087158,neutro
1761586142.079177,0,0.6936621069908142,0.5171607136726379,0.1773675233125686,0.6900333166122437,0.5065328478813171,0.1469887048006057,0.6874090433120728,0.5062345862388611,0.1470131427049636,0.6845034956932068,0.5058904886245728,0.1469308584928512,0.6973311901092529,0.5065798759460449,0.1478932201862335,0.6998441815376282,0.5064453482627869,0.1479263752698898,0.7025277614593506,0.5062425136566162,0.1478429138660431,0.6788574457168579,0.5102141499519348,0.0473157539963722,0.7066611051559448,0.5103489756584167,0.0539962872862815,0.6901359558105469,0.525206983089447,0.1497580707073211,0.6977830529212952,0.5257502198219299,0.1515281349420547,0.6375665664672852,0.5750029683113098,0.0396698005497455,0.7427905201911926,0.5728164911270142,-0.0199205819517374,0.6204017996788025,0.6773673892021179,0.1383052766323089,0.7949895262718201,0.6446459889411926,0.0272446908056736,0.6531804203987122,0.7084168195724487,0.3012383282184601,0.822854220867157,0.7048300504684448,0.1519937366247177,0.6634607911109924,0.7208768129348755,0.3249492049217224,0.835130512714386,0.7250276803970337,0.170341745018959,0.6698309183120728,0.7163826823234558,0.3242360055446625,0.8297039866447449,0.721841037273407,0.170875146985054,0.6676697731018066,0.7121393084526062,0.3059418201446533,0.8237501978874207,0.7178500890731812,0.1575411558151245,0.662645697593689,0.7773881554603577,0.0236812010407447,0.7139421105384827,0.7777600884437561,-0.0237467382103204,0.6415033936500549,0.9393298625946044,0.049476645886898,0.7176266312599182,0.9484835863113404,0.0160050205886364,0.6081862449645996,1.0783623456954956,0.072384625673294,0.7208462953567505,1.0986876487731934,0.0299173388630151,0.604351818561554,1.104261040687561,0.0743215158581733,0.7131511569023132,1.1257286071777344,0.0326213799417018,0.6019625663757324,1.0968319177627563,0.0663929283618927,0.7404687404632568,1.1153035163879397,0.0185798723250627,11.241514205932617,neutro
1761586142.126576,0,0.6941767930984497,0.5180743932723999,0.1787477284669876,0.6906368136405945,0.5074105858802795,0.1485682427883148,0.6880707740783691,0.5070873498916626,0.148590087890625,0.6852060556411743,0.5067248940467834,0.1485083103179931,0.6979364156723022,0.5074874758720398,0.1490905582904815,0.7004557847976685,0.5073271989822388,0.1491304337978363,0.7031432390213013,0.5070794224739075,0.1490524709224701,0.6795378923416138,0.510843813419342,0.0510862953960895,0.7075506448745728,0.5108544826507568,0.0542424209415912,0.6908655762672424,0.5259473323822021,0.1511809527873993,0.6984817385673523,0.5265985131263733,0.1524840146303177,0.6374126076698303,0.575032651424408,0.0403105467557907,0.7429487109184265,0.5726683735847473,-0.0203344337642192,0.6200237274169922,0.6771029829978943,0.1329795718193054,0.797279417514801,0.6432995200157166,0.0137422699481248,0.6528493762016296,0.7095291018486023,0.2985467314720154,0.8280123472213745,0.7106125950813293,0.1149189621210098,0.6629642248153687,0.7225499749183655,0.3224826455116272,0.8425061106681824,0.7359201908111572,0.128089964389801,0.6697357892990112,0.7191914916038513,0.3144814968109131,0.834027111530304,0.7339247465133667,0.1294431090354919,0.6673281788825989,0.7150164842605591,0.3055368065834045,0.8276287317276001,0.7255191206932068,0.1202618479728698,0.6626645922660828,0.777350127696991,0.0243096239864826,0.7148508429527283,0.7776909470558167,-0.0243922118097543,0.641503632068634,0.939756453037262,0.0494863353669643,0.7173565030097961,0.9489722847938538,0.0135588720440864,0.6085290312767029,1.078999638557434,0.0753331333398819,0.7183722853660583,1.0994807481765747,0.0290534310042858,0.6044345498085022,1.1052088737487793,0.0774029865860939,0.7106653451919556,1.1264737844467163,0.0318458154797554,0.6033040285110474,1.096968412399292,0.0676119551062583,0.7375295758247375,1.1161545515060425,0.0174577627331018,11.288913249969482,neutro
1761586142.1726062,0,0.6962707042694092,0.5184404850006104,0.1789230704307556,0.6927732229232788,0.5078543424606323,0.1493948101997375,0.6902428269386292,0.5075472593307495,0.1494154036045074,0.687472939491272,0.5072121620178223,0.1493322402238845,0.7001932263374329,0.5079239010810852,0.1489950120449066,0.702765703201294,0.5077601075172424,0.1490303426980972,0.7055435180664062,0.5075032711029053,0.1489496678113937,0.6818104982376099,0.5113872289657593,0.0572916269302368,0.7092769145965576,0.5112934708595276,0.054249532520771,0.6933189630508423,0.5262420773506165,0.1520850509405136,0.7009270191192627,0.5269982218742371,0.1526463776826858,0.6377060413360596,0.5752882361412048,0.0532323308289051,0.7433267831802368,0.572162926197052,-0.0251170210540294,0.6198033094406128,0.6770492196083069,0.1507818698883056,0.7984027862548828,0.6388043165206909,0.0147190485149621,0.6543096303939819,0.7048018574714661,0.3047516942024231,0.8376525640487671,0.6812924146652222,0.1350475251674652,0.6658788919448853,0.7143518924713135,0.3273455500602722,0.8447009325027466,0.6854681372642517,0.1508025377988815,0.6735516786575317,0.7102157473564148,0.3228561878204345,0.8376387357711792,0.6752955317497253,0.1546678245067596,0.6705731153488159,0.7072675824165344,0.3084518909454345,0.8351763486862183,0.6802158951759338,0.1416333019733429,0.6630011200904846,0.7772752642631531,0.0306439641863107,0.7151941657066345,0.7776831388473511,-0.0307029038667678,0.6416205167770386,0.9402738809585572,0.0549449548125267,0.7172967791557312,0.9493902921676636,0.0047686998732388,0.6085922122001648,1.078617811203003,0.0799806416034698,0.7156046628952026,1.1001436710357666,0.0189336743205785,0.6043490767478943,1.1046336889266968,0.0818463787436485,0.706863284111023,1.1270579099655151,0.0221964698284864,0.6044503450393677,1.0973485708236694,0.0705332607030868,0.7365274429321289,1.117273449897766,0.0023249210789799,11.334943532943726,neutro
1761586142.219559,0,0.6973985433578491,0.5190466642379761,0.1663441359996795,0.6938053369522095,0.5084640979766846,0.1397332549095153,0.6912788152694702,0.5081573128700256,0.1397494971752166,0.6885253190994263,0.5078359842300415,0.1396599858999252,0.7012738585472107,0.5085261464118958,0.1372683346271515,0.7038815021514893,0.5083471536636353,0.1373081356287002,0.7067310214042664,0.5080704092979431,0.1372297257184982,0.6827594041824341,0.5119280815124512,0.0566813647747039,0.7102304100990295,0.5117270946502686,0.0472663678228855,0.69464510679245,0.5267121195793152,0.1442164778709411,0.7022579312324524,0.527553141117096,0.1418452262878418,0.6379436254501343,0.5758035778999329,0.0542279072105884,0.7434681057929993,0.5720167756080627,-0.0352547690272331,0.6190694570541382,0.6770592927932739,0.1499468982219696,0.7998237013816833,0.6365088820457458,-0.0046170381829142,0.6549994349479675,0.7027731537818909,0.298692375421524,0.8425506353378296,0.6801154613494873,0.1024514809250831,0.6670498847961426,0.7107016444206238,0.3205371797084808,0.8551895022392273,0.6853293180465698,0.1141721755266189,0.6750717163085938,0.7064670324325562,0.3172797560691833,0.8542952537536621,0.6799097657203674,0.1196232289075851,0.67197185754776,0.7041244506835938,0.3020569980144501,0.8448036313056946,0.6812540888786316,0.1093610897660255,0.6633225083351135,0.7772732377052307,0.0319693908095359,0.7156607508659363,0.7777290344238281,-0.0320057682693004,0.6417537927627563,0.9410637617111206,0.0521877035498619,0.7172685265541077,0.9495760202407836,-0.0011528042377904,0.6086735129356384,1.0800106525421145,0.0765034630894661,0.7149658799171448,1.102087378501892,0.0126757370308041,0.6044797301292419,1.1055229902267456,0.0781530290842056,0.706256628036499,1.1288572549819946,0.0158511139452457,0.6047881841659546,1.0997613668441772,0.0663800686597824,0.7352027893066406,1.1190776824951172,-0.0060782665386796,11.381896257400513,neutro
1761586142.267671,0,0.6988388299942017,0.5190802216529846,0.1703798621892929,0.6952134966850281,0.508564829826355,0.1424731612205505,0.6925820112228394,0.5082428455352783,0.1424899399280548,0.6897662878036499,0.5079103112220764,0.1424016654491424,0.7027153372764587,0.5086551904678345,0.1409575939178466,0.7052578926086426,0.5084819197654724,0.1409941613674163,0.7080463171005249,0.5082052946090698,0.140915185213089,0.6837354898452759,0.5120323300361633,0.0582368858158588,0.7110849618911743,0.5118263959884644,0.0491928234696388,0.6956850290298462,0.5267044901847839,0.1463545709848404,0.7033742666244507,0.5275671482086182,0.1451786458492279,0.6384651064872742,0.5761126279830933,0.0565853826701641,0.7436120510101318,0.571797788143158,-0.0315860584378242,0.6184873580932617,0.6770579218864441,0.1594400107860565,0.8008204698562622,0.6356421709060669,0.0064556235447525,0.6549936532974243,0.6954809427261353,0.3145452737808227,0.8445078134536743,0.6744011044502258,0.1197846382856369,0.6673436164855957,0.701559841632843,0.3368072211742401,0.8567318916320801,0.6836325526237488,0.1334249377250671,0.6757058501243591,0.6964523792266846,0.3322675228118896,0.8479366302490234,0.6701695322990417,0.1377145051956176,0.6725198030471802,0.6945708990097046,0.3172423243522644,0.8476082682609558,0.6726272106170654,0.1264411509037017,0.6635390520095825,0.7772606611251831,0.0325642749667167,0.7160252332687378,0.777759850025177,-0.0325767584145069,0.6419190764427185,0.94182950258255,0.0513129010796546,0.7174333930015564,0.949676513671875,-0.0017346953973174,0.6091859936714172,1.0812299251556396,0.0738864764571189,0.714892566204071,1.103177547454834,0.0083227138966321,0.6046640872955322,1.1064571142196655,0.0754369422793388,0.7061136960983276,1.1300221681594849,0.0111889373511075,0.6058996319770813,1.1014050245285034,0.0640353262424469,0.7352524399757385,1.120129108428955,-0.0095826489850878,11.43000841140747,neutro
1761586142.31263,0,0.6990208625793457,0.5191424489021301,0.1686206310987472,0.6954742074012756,0.5088109374046326,0.141706958413124,0.6928571462631226,0.5085244178771973,0.141718715429306,0.6900627613067627,0.5082265734672546,0.1416258215904235,0.7029998898506165,0.5088030099868774,0.1392932832241058,0.7055457830429077,0.5086032748222351,0.139334350824356,0.708344042301178,0.5083016157150269,0.1392562091350555,0.68409264087677,0.5123427510261536,0.0586229972541332,0.7114799618721008,0.5119145512580872,0.0485453493893146,0.6957846879959106,0.5267229676246643,0.1461270898580551,0.7035108804702759,0.5275670886039734,0.1438563168048858,0.6391086578369141,0.5763149261474609,0.0583334676921367,0.7442999482154846,0.5717905759811401,-0.0344830080866813,0.6181889176368713,0.6770004034042358,0.1543416827917099,0.8014159202575684,0.6350317597389221,-0.0070566488429903,0.6554683446884155,0.6925528049468994,0.3075365126132965,0.8438396453857422,0.6758961081504822,0.0930939763784408,0.668589174747467,0.7024803757667542,0.3308340013027191,0.8605613708496094,0.6868472695350647,0.1035438627004623,0.6771796941757202,0.6977450847625732,0.3302300572395324,0.8581132888793945,0.6763374209403992,0.1093509048223495,0.6739672422409058,0.6956059336662292,0.312810480594635,0.8515995144844055,0.6757689714431763,0.0999435037374496,0.663662314414978,0.7772526144981384,0.0332483202219009,0.7163000106811523,0.7777621150016785,-0.0332749113440513,0.6422547698020935,0.942138671875,0.0512778759002685,0.7175297737121582,0.9498476386070251,-0.0037180073559284,0.6110283136367798,1.081454157829285,0.0762794613838195,0.7151466608047485,1.1032962799072266,0.0090870801359415,0.6062538623809814,1.106564164161682,0.0778245702385902,0.7065519094467163,1.1299604177474976,0.0120994001626968,0.6082068681716919,1.101603627204895,0.0653060227632522,0.7353851199150085,1.120354175567627,-0.0097780991345644,11.474967241287231,neutro
1761586142.3606477,0,0.6991881728172302,0.5191768407821655,0.169905811548233,0.6956276893615723,0.5089283585548401,0.1438444256782531,0.6930064558982849,0.5086645483970642,0.14385487139225,0.6902035474777222,0.5083879828453064,0.1437529623508453,0.7032422423362732,0.5088768005371094,0.1403564065694809,0.7058154940605164,0.5086708664894104,0.1403883993625641,0.708641529083252,0.5083547234535217,0.1402994245290756,0.6842250823974609,0.5124978423118591,0.065377339720726,0.7120675444602966,0.5119449496269226,0.0492913834750652,0.6959668397903442,0.5267406105995178,0.149064689874649,0.7037786841392517,0.5275874137878418,0.1445139050483703,0.639651894569397,0.5764591097831726,0.0651190280914306,0.7450563907623291,0.5718308091163635,-0.0325929559767246,0.6178836822509766,0.6767675280570984,0.159808874130249,0.803173840045929,0.6343729496002197,-0.0088939294219017,0.6552908420562744,0.690895676612854,0.3029155135154724,0.8493658900260925,0.6775194406509399,0.0808383971452713,0.6689905524253845,0.7001978158950806,0.3252820968627929,0.8654584884643555,0.6874157190322876,0.088566355407238,0.6780346632003784,0.6956419348716736,0.3260656893253326,0.8605766296386719,0.6799345016479492,0.0957119092345237,0.6748545169830322,0.6935858130455017,0.3071983158588409,0.8529351949691772,0.6788827776908875,0.0879564136266708,0.6636950373649597,0.7778000235557556,0.0327595397830009,0.7164817452430725,0.7785650491714478,-0.0327854976058006,0.642370343208313,0.9429771304130554,0.0506672374904155,0.7176133394241333,0.950490653514862,-0.0029524187557399,0.6111668348312378,1.0829178094863892,0.0775318369269371,0.7152833938598633,1.103676199913025,0.0105409761890769,0.6065766215324402,1.1081421375274658,0.0793218091130256,0.7069875001907349,1.1301839351654053,0.0134953036904335,0.6080635786056519,1.1024518013000488,0.0661550313234329,0.7354812026023865,1.1207858324050903,-0.0077451160177588,11.522984981536865,neutro
1761586142.407596,0,0.7004001140594482,0.5191485285758972,0.1744505017995834,0.6966342329978943,0.5089023113250732,0.1511161625385284,0.6939453482627869,0.5086395740509033,0.1511275321245193,0.6911218166351318,0.5083655714988708,0.1510325372219085,0.704350471496582,0.508867084980011,0.1438557654619217,0.7069317102432251,0.5086753964424133,0.1438966989517212,0.7097679376602173,0.50837242603302,0.1438083350658416,0.6851121783256531,0.5125066041946411,0.0757031440734863,0.7129080295562744,0.5119789242744446,0.0497983023524284,0.6970776319503784,0.5267243385314941,0.1561298966407776,0.7049250602722168,0.5276058316230774,0.147267147898674,0.6402342915534973,0.5765761137008667,0.0761400014162063,0.7450824975967407,0.5715546011924744,-0.036191452294588,0.6180607676506042,0.6766866445541382,0.1603708863258361,0.8035510182380676,0.6328510046005249,-0.0185161959379911,0.658178448677063,0.6918363571166992,0.2894494235515594,0.8486491441726685,0.6770318150520325,0.0764707848429679,0.6712992787361145,0.7019105553627014,0.3085305988788605,0.8639336824417114,0.6857230067253113,0.0843579247593879,0.6801306009292603,0.6971319317817688,0.3037478327751159,0.8596617579460144,0.6815182566642761,0.0926900804042816,0.6769763231277466,0.6946624517440796,0.290743738412857,0.8520780801773071,0.6804829835891724,0.0842888727784156,0.6637688875198364,0.7783709168434143,0.0354014672338962,0.7169028520584106,0.7789768576622009,-0.0354567244648933,0.6424058675765991,0.9433541893959044,0.0549704544246196,0.7181236147880554,0.9515856504440308,-0.0074051981791853,0.6112342476844788,1.0836995840072632,0.0863878726959228,0.716403067111969,1.1053410768508911,0.0107040544971823,0.6066262722015381,1.1088148355484009,0.0883030444383621,0.707710862159729,1.1317464113235474,0.0139002026990056,0.6078904867172241,1.1032599210739136,0.0745167583227157,0.7362585663795471,1.1225978136062622,-0.0100918496027588,11.569933414459229,neutro
1761586142.4546432,0,0.7008182406425476,0.5191066265106201,0.174708142876625,0.6970211267471313,0.5088881850242615,0.1508121192455291,0.694308876991272,0.5086259841918945,0.150824099779129,0.6914695501327515,0.5083547234535217,0.1507262885570526,0.7047894597053528,0.5088518857955933,0.1443915516138076,0.707382082939148,0.5086574554443359,0.1444314420223236,0.7102537751197815,0.5083545446395874,0.1443470567464828,0.6854631900787354,0.5124963521957397,0.0716536343097686,0.7135359048843384,0.5119691491127014,0.0503924712538719,0.6974767446517944,0.5266650319099426,0.1559689939022064,0.7053715586662292,0.5275902152061462,0.1479656100273132,0.6405036449432373,0.5767763257026672,0.0705795735120773,0.7455362677574158,0.5712436437606812,-0.0356981232762336,0.6180452108383179,0.6767670512199402,0.1618029773235321,0.8040792346000671,0.6330817937850952,-0.0153337968513369,0.6581496000289917,0.6928135752677917,0.2959618270397186,0.8490461111068726,0.6776504516601562,0.0737165287137031,0.6710330247879028,0.7019751071929932,0.3157010674476623,0.8644523620605469,0.6870133280754089,0.0810420662164688,0.679998517036438,0.6974677443504333,0.3095632791519165,0.8597065210342407,0.6826328039169312,0.0886367484927177,0.6768699884414673,0.6950445771217346,0.2970117926597595,0.8523346781730652,0.6815566420555115,0.0810199677944183,0.6637541055679321,0.7786272168159485,0.0342888981103897,0.7171944379806519,0.7791804075241089,-0.0343356356024742,0.6424332857131958,0.9434192180633544,0.0540761724114418,0.7185030579566956,0.9519182443618774,-0.0053204712457954,0.611231803894043,1.0840153694152832,0.0836141258478164,0.7164937257766724,1.105265498161316,0.0124113503843545,0.6066537499427795,1.1090680360794067,0.085537701845169,0.7078503966331482,1.1316152811050415,0.0159717332571744,0.6074331998825073,1.1035068035125732,0.0720873177051544,0.736285924911499,1.122525930404663,-0.0099972765892744,11.61698055267334,neutro
1761586142.5007565,0,0.701462984085083,0.5190861225128174,0.1749034821987152,0.6977744698524475,0.5088732838630676,0.1513532400131225,0.6950722932815552,0.5086132287979126,0.1513650119304657,0.6922915577888489,0.5083436369895935,0.1512663215398788,0.705535352230072,0.5088416934013367,0.1445915848016739,0.7081498503684998,0.5086542367935181,0.1446279287338256,0.711040735244751,0.5083589553833008,0.1445422321557998,0.6863430738449097,0.512491762638092,0.0724562630057334,0.714134931564331,0.5120136141777039,0.0507553219795227,0.6981312036514282,0.5266785025596619,0.1563840359449386,0.7059038877487183,0.527622401714325,0.148206889629364,0.6410447359085083,0.5767818093299866,0.0729232877492904,0.7460445165634155,0.5709001421928406,-0.0378779843449592,0.6184244155883789,0.676765501499176,0.1612263619899749,0.8039064407348633,0.6330616474151611,-0.0206496622413396,0.6600889563560486,0.6929512619972229,0.2913748025894165,0.8498505353927612,0.6781238317489624,0.0667179822921752,0.6728541254997253,0.7015202641487122,0.31013885140419,0.8646839261054993,0.6878213882446289,0.0729649811983108,0.6819185018539429,0.6971877217292786,0.3032148778438568,0.8606786727905273,0.683331310749054,0.0804410576820373,0.6788379549980164,0.6947952508926392,0.2918334305286407,0.8529728651046753,0.6822597980499268,0.0739464610815048,0.6637991070747375,0.7788525819778442,0.0356164723634719,0.7172041535377502,0.7794145941734314,-0.0356504991650581,0.6425789594650269,0.9433809518814088,0.0553766787052154,0.7187543511390686,0.9519726037979126,-0.0074695139192044,0.612528920173645,1.084179401397705,0.0859169512987136,0.7191704511642456,1.1058584451675415,0.0114199258387088,0.6080235242843628,1.1092228889465332,0.0878044515848159,0.7104426026344299,1.1322097778320312,0.0149674285203218,0.6087964177131653,1.1037344932556152,0.0744410380721092,0.7396212816238403,1.123364806175232,-0.0106361657381057,11.66309380531311,neutro
1761586142.5486023,0,0.7048481106758118,0.5190871357917786,0.1610656082630157,0.7008131742477417,0.5088919997215271,0.1378763616085052,0.6981897354125977,0.5086351633071899,0.1378890573978424,0.695578932762146,0.5083669424057007,0.1378051936626434,0.7082645297050476,0.5088794827461243,0.1320778876543045,0.71079021692276,0.5087096691131592,0.132116824388504,0.7135095596313477,0.5084272623062134,0.1320345103740692,0.6901750564575195,0.5125411152839661,0.0666140019893646,0.7157909870147705,0.5120874047279358,0.0421694591641426,0.7016469240188599,0.5267570614814758,0.1428504884243011,0.7086610198020935,0.527664065361023,0.1359613239765167,0.6430267691612244,0.5764254331588745,0.0693935826420784,0.7470840215682983,0.5707386136054993,-0.0441252440214157,0.6193844079971313,0.6760237812995911,0.1629293859004974,0.803348183631897,0.6333507299423218,-0.0149369342252612,0.6596788167953491,0.6958159804344177,0.2979758679866791,0.8480602502822876,0.6784698963165283,0.0776369348168373,0.6723016500473022,0.7043872475624084,0.3197096884250641,0.8640871047973633,0.6882670521736145,0.0928838774561882,0.6812804937362671,0.7007577419281006,0.3123588562011719,0.8597465753555298,0.6843889951705933,0.1002901047468185,0.6783756613731384,0.6983557939529419,0.2988030016422272,0.8493883013725281,0.6836182475090027,0.088339976966381,0.6637755036354065,0.7785590887069702,0.0367855094373226,0.7170745730400085,0.7789386510848999,-0.0368513911962509,0.6425867080688477,0.9433685541152954,0.0546546354889869,0.7187198400497437,0.951893389225006,-0.0076780095696449,0.6135399341583252,1.083653688430786,0.084692470729351,0.7197206616401672,1.1054667234420776,0.0061927987262606,0.6085585355758667,1.1080498695373535,0.0854454189538955,0.7111833095550537,1.1316152811050415,0.0093854274600744,0.6115227937698364,1.103873610496521,0.0692541450262069,0.7407541871070862,1.123570203781128,-0.0150957014411687,11.710939645767212,neutro
1761586142.5985763,0,0.7072271108627319,0.5194048285484314,0.1492474228143692,0.7031465768814087,0.5090324282646179,0.1271970868110656,0.7005375623703003,0.5087280869483948,0.1272102892398834,0.6979623436927795,0.5084230899810791,0.1271315813064575,0.710595428943634,0.5092329382896423,0.120576225221157,0.713152289390564,0.5091473460197449,0.120612695813179,0.7158517837524414,0.5089278817176819,0.1205264925956726,0.6925857663154602,0.5125731825828552,0.0608572475612163,0.7175841927528381,0.5124382972717285,0.0314454026520252,0.703788697719574,0.5272014141082764,0.1321742832660675,0.7106894254684448,0.5282324552536011,0.1242464035749435,0.643987238407135,0.5760380029678345,0.0673050433397293,0.7478777766227722,0.571034848690033,-0.0521024279296398,0.6199847459793091,0.6746544241905212,0.1612792760133743,0.8030464053153992,0.6334743499755859,-0.0194107647985219,0.660076379776001,0.6947749257087708,0.2973992228507995,0.8474897146224976,0.6816999316215515,0.0878109410405159,0.6719516515731812,0.7080840468406677,0.3193536102771759,0.8622976541519165,0.6964831948280334,0.0992091298103332,0.6809905171394348,0.7052204012870789,0.3122991919517517,0.8572574853897095,0.6960129141807556,0.1060822382569313,0.6777235269546509,0.7024672031402588,0.2985025346279144,0.8476848602294922,0.6914770603179932,0.0960293412208557,0.6637810468673706,0.778455913066864,0.0373377837240695,0.717028796672821,0.778792142868042,-0.0374273136258125,0.6425834894180298,0.9414824843406676,0.0551028549671173,0.7186188101768494,0.950876235961914,-0.0069456584751605,0.6136437058448792,1.0800400972366333,0.0831173807382583,0.7197150588035583,1.1014063358306885,0.006650005467236,0.6085493564605713,1.1038498878479004,0.0841261148452758,0.7111853957176208,1.127248764038086,0.0099401120096445,0.6122413873672485,1.1023800373077393,0.0693224892020225,0.7407512068748474,1.122293472290039,-0.0132131297141313,11.760913610458374,neutro
1761586142.6395602,0,0.7066823840141296,0.5193262100219727,0.1505651772022247,0.7028088569641113,0.508953332901001,0.1252234131097793,0.7002017498016357,0.5086368918418884,0.1252346038818359,0.6976228952407837,0.5083239674568176,0.1251430958509445,0.710321843624115,0.5092106461524963,0.1224200502038002,0.7129467725753784,0.5091379284858704,0.1224539652466774,0.7157758474349976,0.5089136362075806,0.1223797649145126,0.6922957301139832,0.5124792456626892,0.0458016544580459,0.7180706262588501,0.5124363899230957,0.0342257469892501,0.7032846212387085,0.5271392464637756,0.1292631328105926,0.7104734182357788,0.5282093286514282,0.1261936724185943,0.6449757218360901,0.575718343257904,0.0410227961838245,0.7491629123687744,0.5710132718086243,-0.0516919121146202,0.6202770471572876,0.6741212010383606,0.1310351490974426,0.802715003490448,0.6345207691192627,-0.0088155856356024,0.6599436402320862,0.7008001804351807,0.2761059403419494,0.8375716209411621,0.6807374358177185,0.1063906922936439,0.6712011694908142,0.7216193079948425,0.2982291579246521,0.8473285436630249,0.6927400827407837,0.1216131597757339,0.6794685125350952,0.7189487814903259,0.2935865521430969,0.8439200520515442,0.690533459186554,0.1269799768924713,0.6761489510536194,0.7148362994194031,0.2785857319831848,0.8399314880371094,0.6886711716651917,0.1138544902205467,0.6638163924217224,0.7781851291656494,0.028064776211977,0.717012345790863,0.7785051465034485,-0.0281435642391443,0.6427579522132874,0.9398950934410096,0.0433230102062225,0.7186163663864136,0.9490941762924194,0.0075909062288701,0.615432620048523,1.0782110691070557,0.0667263120412826,0.7215957045555115,1.0922458171844482,0.0215906165540218,0.6112301349639893,1.1024433374404907,0.0678149461746215,0.7147014737129211,1.1175426244735718,0.0249068569391965,0.6131114959716797,1.0984625816345217,0.0520238876342773,0.7418109774589539,1.1127125024795532,0.0075082792900502,11.801897525787354,neutro
1761586142.6881292,0,0.7072781324386597,0.519341766834259,0.1551571041345596,0.70344477891922,0.5089443922042847,0.1295731514692306,0.7008010149002075,0.5086209177970886,0.1295845657587051,0.6981937885284424,0.5082823634147644,0.1294931769371032,0.7109783291816711,0.5092191696166992,0.126580998301506,0.7136303186416626,0.5091550946235657,0.1266155242919922,0.7165083885192871,0.5089434385299683,0.12653848528862,0.6927531957626343,0.5123914480209351,0.0490992106497287,0.7187011241912842,0.5124428868293762,0.0368029102683067,0.7037226557731628,0.527138352394104,0.1336278468370437,0.7110742330551147,0.528232991695404,0.1303195804357528,0.6459380388259888,0.575316846370697,0.0451590307056903,0.7491630911827087,0.5705059766769409,-0.0495069734752178,0.6207916140556335,0.6739509105682373,0.1346309036016464,0.8021713495254517,0.6346253156661987,-0.0054498724639415,0.659818708896637,0.7036789655685425,0.2793886065483093,0.8332606554031372,0.6783235669136047,0.1137401685118675,0.671047031879425,0.7249663472175598,0.3015849888324737,0.844986081123352,0.6929019689559937,0.1298991590738296,0.6794362664222717,0.72196364402771,0.2970377504825592,0.8436712026596069,0.6894569993019104,0.1363127380609512,0.6760650873184204,0.7178024649620056,0.281935840845108,0.8387514352798462,0.6865360140800476,0.1216333135962486,0.6638413667678833,0.7781800627708435,0.0275957286357879,0.7169796228408813,0.7780624628067017,-0.0276822410523891,0.6427565813064575,0.9399080872535706,0.0430090427398681,0.718716561794281,0.9491103291511536,0.008781349286437,0.6164611577987671,1.078240990638733,0.0663567632436752,0.7245243787765503,1.0916962623596191,0.0241804327815771,0.6123985648155212,1.1024837493896484,0.0675250887870788,0.7178601622581482,1.117059350013733,0.0276016201823949,0.6143518686294556,1.098520278930664,0.0527353771030902,0.7457634210586548,1.1122783422470093,0.0107499370351433,11.85046648979187,neutro
1761586142.735151,0,0.7069529294967651,0.5192693471908569,0.1574461758136749,0.7032922506332397,0.5088768005371094,0.1309141367673874,0.7006874084472656,0.508534848690033,0.1309219300746917,0.6981005072593689,0.508185088634491,0.1308233588933944,0.7108515501022339,0.5091872811317444,0.1285531669855117,0.7135478854179382,0.5091311931610107,0.1285875886678695,0.7165299654006958,0.5089303851127625,0.128506988286972,0.6927504539489746,0.512316107749939,0.0429656878113746,0.719214916229248,0.5124443173408508,0.0402315333485603,0.7034462690353394,0.5270907878875732,0.1347174346446991,0.7108595371246338,0.5282153487205505,0.1320714652538299,0.6473029851913452,0.5746511816978455,0.0300688836723566,0.7495065927505493,0.5700600743293762,-0.028288971632719,0.6211143732070923,0.6736142039299011,0.1269477754831314,0.8015030026435852,0.6377881169319153,0.0198027342557907,0.6599229574203491,0.7035963535308838,0.2828879356384277,0.8249271512031555,0.6783954501152039,0.1331570595502853,0.6702119708061218,0.7228758335113525,0.3067747354507446,0.8334657549858093,0.6941426992416382,0.1504437774419784,0.6782540678977966,0.7195630669593811,0.305132508277893,0.8329724073410034,0.6894561648368835,0.1529301106929779,0.6750448346138,0.7157211899757385,0.287591814994812,0.8277671933174133,0.6862788796424866,0.1391002237796783,0.6638507843017578,0.7779666781425476,0.0207693073898553,0.7169508934020996,0.7775617837905884,-0.0208280570805072,0.6428892016410828,0.939017117023468,0.0319977812469005,0.718781590461731,0.9474406838417052,0.0194296687841415,0.6178560256958008,1.077264428138733,0.0475868694484233,0.7281505465507507,1.086162805557251,0.0289893485605716,0.6143878698348999,1.1021672487258911,0.0484916418790817,0.7219005227088928,1.11164391040802,0.0319281108677387,0.6158180832862854,1.094866394996643,0.0357145890593528,0.7508472800254822,1.1051723957061768,0.0203122925013303,11.897488355636597,neutro
1761586142.7807708,0,0.7067740559577942,0.5191752314567566,0.1662866473197937,0.7033469080924988,0.5088194012641907,0.1373297274112701,0.7007989287376404,0.5084677338600159,0.1373312622308731,0.6982431411743164,0.5081092715263367,0.1372296512126922,0.7109273672103882,0.5091679692268372,0.1376342475414276,0.7136784791946411,0.509125828742981,0.1376679390668869,0.7167433500289917,0.5089222192764282,0.1375903487205505,0.6929270029067993,0.5122553706169128,0.0459350049495697,0.7198886871337891,0.5124833583831787,0.0474738851189613,0.7032879590988159,0.5269830226898193,0.139727234840393,0.7107618451118469,0.5281417965888977,0.1404718309640884,0.648017942905426,0.5739717483520508,0.0338001176714897,0.7494110465049744,0.5690644979476929,-0.0188172496855258,0.621267557144165,0.6731464266777039,0.1293298304080963,0.7982642650604248,0.6407558917999268,0.0272155813872814,0.6596827507019043,0.7032971978187561,0.2839016020298004,0.8206132650375366,0.6803122162818909,0.1374028176069259,0.6678200960159302,0.7217795252799988,0.3072877526283264,0.8299589157104492,0.6959226727485657,0.1539136171340942,0.6756688952445984,0.7183284163475037,0.3049437701702118,0.8277548551559448,0.6893793344497681,0.1563325226306915,0.672855019569397,0.7144569754600525,0.2880695164203644,0.8225429654121399,0.6862890124320984,0.1433083862066269,0.6639553308486938,0.7771743535995483,0.0208015982061624,0.7169616222381592,0.7766390442848206,-0.0208543464541435,0.643081784248352,0.9385321140289308,0.0311527103185653,0.7187777757644653,0.9476302266120912,0.0160497613251209,0.6180214881896973,1.077061891555786,0.043173462152481,0.7276960611343384,1.0872347354888916,0.0171980801969766,0.6143000721931458,1.1019898653030396,0.043534331023693,0.7213030457496643,1.1127063035964966,0.0188630763441324,0.61646968126297,1.0950909852981567,0.0263036526739597,0.7500373721122742,1.1059174537658691,0.0007819857564754,11.943108081817627,neutro
1761586142.8276937,0,0.7070114016532898,0.5190215706825256,0.16628298163414,0.7038019895553589,0.5087358951568604,0.1365164667367935,0.7012538313865662,0.5083691477775574,0.136519506573677,0.6987076997756958,0.5080034136772156,0.1364184468984604,0.7114821672439575,0.5091450810432434,0.1376219540834427,0.7143018245697021,0.5091204643249512,0.1376551389694214,0.7174465656280518,0.5089161992073059,0.1375769078731537,0.6935049891471863,0.5122215747833252,0.037607092410326,0.7207192778587341,0.5125480890274048,0.0473472401499748,0.7034103274345398,0.5268213152885437,0.1385672390460968,0.7110010385513306,0.5280644297599792,0.140474334359169,0.6483859419822693,0.5733901858329773,0.0163083877414464,0.7495031952857971,0.5687989592552185,-0.0153501303866505,0.621474027633667,0.6725448369979858,0.115449346601963,0.7956017851829529,0.6458844542503357,0.039399791508913,0.6582155823707581,0.7049490213394165,0.2844869494438171,0.8151567578315735,0.6843287348747253,0.1590379923582077,0.6671260595321655,0.7211735248565674,0.3076214492321014,0.822281539440155,0.6970273852348328,0.1789114624261856,0.6748613119125366,0.7176506519317627,0.3055659532546997,0.8207733035087585,0.6929245591163635,0.1782826483249664,0.6721754670143127,0.7136972546577454,0.288301944732666,0.815855860710144,0.6867783069610596,0.1638477444648742,0.6644601225852966,0.7771797180175781,0.0155145525932312,0.7170277833938599,0.7765752077102661,-0.01554736495018,0.6432076692581177,0.938405215740204,0.0276672095060348,0.7185969948768616,0.9476592540740968,0.0196043662726879,0.6179813742637634,1.0764625072479248,0.0394489131867885,0.7272090315818787,1.0879886150360107,0.0244802553206682,0.6143364906311035,1.1017177104949951,0.0398701578378677,0.7209112048149109,1.1135486364364624,0.0264874547719955,0.6160584092140198,1.093451976776123,0.0230323746800422,0.7492157220840454,1.1071182489395142,0.0106285875663161,11.990031003952026,neutro
1761586142.8739517,0,0.7070337533950806,0.5190112590789795,0.1628461182117462,0.7040086984634399,0.5087748169898987,0.1329234093427658,0.7014835476875305,0.5084116458892822,0.1329315602779388,0.6989359855651855,0.5080510377883911,0.1328307390213012,0.7116986513137817,0.5091946721076965,0.1349433958530426,0.7145386934280396,0.5091840624809265,0.1349730044603347,0.7177144885063171,0.5090082287788391,0.1348897069692611,0.693791389465332,0.5122947692871094,0.0363151244819164,0.721157431602478,0.5128104090690613,0.0462525114417076,0.7033829689025879,0.5268157124519348,0.1351403594017028,0.7109605073928833,0.5280429124832153,0.1379910409450531,0.64876788854599,0.5731801986694336,0.0142041640356183,0.7503672242164612,0.5688032507896423,-0.0131153557449579,0.6228658556938171,0.6724928021430969,0.1120671033859252,0.793947696685791,0.648291289806366,0.0336219631135463,0.658033013343811,0.7063954472541809,0.276511400938034,0.8172019720077515,0.7081922888755798,0.1495477706193924,0.6653923988342285,0.7234771847724915,0.2981449961662292,0.825548529624939,0.7271339297294617,0.16657654941082,0.6729173064231873,0.720333456993103,0.2962537407875061,0.8226269483566284,0.7242709398269653,0.1749895066022873,0.6703744530677795,0.715837299823761,0.280730664730072,0.8180248141288757,0.7170485854148865,0.1595034897327423,0.6653543710708618,0.7773059010505676,0.0091478610411286,0.7172601222991943,0.7765781283378601,-0.0091753378510475,0.6432620286941528,0.9383383989334106,0.0229519177228212,0.7184134125709534,0.9477214217185974,0.025907602161169,0.6185216307640076,1.0766608715057373,0.0372759588062763,0.727933406829834,1.0882819890975952,0.0354399159550666,0.6157168745994568,1.1021970510482788,0.0380389802157878,0.7231013774871826,1.1136424541473389,0.0380670577287673,0.6151312589645386,1.0937180519104004,0.0204080082476139,0.7491545677185059,1.1079230308532717,0.0218032170087099,12.036288976669312,neutro
1761586142.9211876,0,0.7069311738014221,0.5190883874893188,0.1585642695426941,0.7039374113082886,0.5089086294174194,0.1281101554632187,0.7014229893684387,0.5085479617118835,0.128117173910141,0.6988655924797058,0.5081960558891296,0.1280142962932586,0.7116302251815796,0.5093610286712646,0.1312631070613861,0.7144694328308105,0.509369432926178,0.1312891542911529,0.7176507115364075,0.50923091173172,0.1312021166086197,0.6937444806098938,0.5124524235725403,0.030793210491538,0.721291184425354,0.513146698474884,0.0450261384248733,0.7032851576805115,0.5268509387969971,0.1306360065937042,0.7108756303787231,0.528080403804779,0.1349564492702484,0.649125337600708,0.5731018781661987,0.0080775013193488,0.7509160041809082,0.568942129611969,-0.0111083379015326,0.6241472959518433,0.6724125742912292,0.1084331423044204,0.7933058738708496,0.6500155329704285,0.0345798879861831,0.6580563187599182,0.7060807943344116,0.2755778431892395,0.8175101280212402,0.7173418402671814,0.1420914232730865,0.6653226613998413,0.7229108810424805,0.2971963286399841,0.8260293006896973,0.7378914952278137,0.1581839472055435,0.6728074550628662,0.7196794748306274,0.2954318523406982,0.8219918012619019,0.7342291474342346,0.1729589849710464,0.6703072190284729,0.7152678966522217,0.2800310552120209,0.8173921704292297,0.7291080951690674,0.1531742066144943,0.6661149263381958,0.7776600122451782,0.0047855507582426,0.7176047563552856,0.776659369468689,-0.0048160357400774,0.6432592868804932,0.9385228753089904,0.0203380547463893,0.7183479070663452,0.947869598865509,0.0304371453821659,0.6200166344642639,1.076703429222107,0.0360632725059986,0.7299661636352539,1.0879133939743042,0.043065957725048,0.61810702085495,1.1022173166275024,0.0370086543262004,0.7266925573348999,1.112752914428711,0.0460600107908248,0.6150762438774109,1.093811273574829,0.0190791487693786,0.7486031651496887,1.1081888675689695,0.0302779041230678,12.083524942398071,neutro
1761586142.9696996,0,0.7068761587142944,0.5190942287445068,0.1581120789051056,0.7038991451263428,0.5089251399040222,0.1264674812555313,0.7014046907424927,0.5085683465003967,0.1264751553535461,0.6988546252250671,0.5082249045372009,0.1263734996318817,0.7115662097930908,0.5093874335289001,0.1303445547819137,0.7143906950950623,0.5094050765037537,0.130371019244194,0.7175617814064026,0.5092875361442566,0.1302832961082458,0.6938591003417969,0.5125393271446228,0.0245404113084077,0.7212567329406738,0.5132743716239929,0.0436756685376167,0.7032496929168701,0.5268523097038269,0.12923264503479,0.710831344127655,0.528092622756958,0.1345360577106475,0.6497056484222412,0.5730639696121216,0.0049838940612971,0.7517728805541992,0.5698720216751099,-0.0125097036361694,0.6253661513328552,0.6724177002906799,0.1094339042901992,0.7935308218002319,0.6525834798812866,0.0336659885942935,0.658496081829071,0.7061425447463989,0.2770569026470184,0.8164588809013367,0.7259842157363892,0.1379628926515579,0.666688084602356,0.7226682305335999,0.2995645403861999,0.8242523074150085,0.7458695769309998,0.1541017144918441,0.6744888424873352,0.7193045020103455,0.2992120683193207,0.8186700940132141,0.743353009223938,0.1669887602329254,0.6723276376724243,0.7149183750152588,0.2826195657253265,0.8144034147262573,0.7372826337814331,0.1501724272966385,0.6668634414672852,0.7777495980262756,0.0056448560208082,0.7175946235656738,0.7767670750617981,-0.0056567951105535,0.6435155868530273,0.9384990334510804,0.0208222679793834,0.718345046043396,0.9478375911712646,0.0277064535766839,0.6211820840835571,1.0768930912017822,0.0389742255210876,0.7298781871795654,1.0880967378616333,0.0417284928262233,0.6194989085197449,1.1025298833847046,0.0400675348937511,0.7265288829803467,1.1130499839782717,0.044633962213993,0.6150639653205872,1.0940437316894531,0.0220323745161294,0.7482877969741821,1.1091009378433228,0.0266710426658391,12.132036924362183,neutro
1761586143.0160406,0,0.7068259716033936,0.5193606019020081,0.1651106178760528,0.7038313746452332,0.5092591047286987,0.1323474943637848,0.7013458609580994,0.5089375376701355,0.1323565244674682,0.6988005638122559,0.5086362361907959,0.1322676390409469,0.7114842534065247,0.5096209049224854,0.1363179683685302,0.7143005728721619,0.509609580039978,0.1363426148891449,0.717461109161377,0.5094820261001587,0.1362504661083221,0.6939233541488647,0.5128938555717468,0.0285675711929798,0.7211776971817017,0.51347815990448,0.0469276569783687,0.7032179832458496,0.5270698070526123,0.1352626681327819,0.7108100652694702,0.5282078385353088,0.1407707333564758,0.6498342752456665,0.5730587840080261,0.0126241501420736,0.7535306215286255,0.5705167055130005,-0.0110040688887238,0.6266895532608032,0.6724225282669067,0.1121819987893104,0.7936266660690308,0.6516284942626953,0.0406128130853176,0.6603872179985046,0.7059997916221619,0.2779760956764221,0.8144212961196899,0.7186945676803589,0.1574534475803375,0.6666474938392639,0.7248819470405579,0.3006122708320617,0.821582019329071,0.7373734712600708,0.1766028404235839,0.6741899251937866,0.7216651439666748,0.29969522356987,0.815147876739502,0.7348052859306335,0.1775689274072647,0.6720849871635437,0.7167901396751404,0.2831206023693084,0.810167670249939,0.7280197143554688,0.1633466184139251,0.666946530342102,0.7777898907661438,0.0081828664988279,0.7176793813705444,0.7767829895019531,-0.0082045616582036,0.6435316205024719,0.9385096430778505,0.0213106162846088,0.7181880474090576,0.9478952288627625,0.0254141744226217,0.6209903359413147,1.076862931251526,0.0407312139868736,0.7288565635681152,1.0889729261398315,0.0385553836822509,0.6189963817596436,1.1024874448776243,0.0421967692673206,0.725745439529419,1.1138153076171875,0.0414752885699272,0.6151399612426758,1.0941658020019531,0.0275101326406002,0.7469735145568848,1.1106308698654177,0.0235472172498703,12.178377866744995,neutro
1761586143.063654,0,0.7067914605140686,0.5187004804611206,0.1763383448123932,0.7037765383720398,0.5087014436721802,0.1421609073877334,0.7012902498245239,0.5084400773048401,0.1421674042940139,0.6987392902374268,0.5082039833068848,0.1420834362506866,0.7114220857620239,0.5090330243110657,0.145860344171524,0.7142320871353149,0.5090614557266235,0.1458720862865448,0.7173858880996704,0.5090004205703735,0.1457791328430175,0.6938470602035522,0.5126574039459229,0.0291251987218856,0.7211706042289734,0.5131987929344177,0.0510351285338401,0.7031839489936829,0.5264703035354614,0.1449825316667556,0.7108242511749268,0.5275548100471497,0.1501427441835403,0.649996280670166,0.5729326605796814,0.0143646271899342,0.7549080848693848,0.5705143809318542,-0.0087368600070476,0.6278629899024963,0.6724300384521484,0.1051888465881347,0.7938075065612793,0.6515284180641174,0.0542211309075355,0.6606536507606506,0.7059066891670227,0.2698540985584259,0.8099557161331177,0.7088480591773987,0.1955500394105911,0.6665490865707397,0.7256793975830078,0.2921700477600097,0.815697968006134,0.7225157022476196,0.2183597534894943,0.6740270256996155,0.7223007082939148,0.2916747331619262,0.8078540563583374,0.7203919887542725,0.2186377495527267,0.6719807386398315,0.7172242999076843,0.2745714783668518,0.8038263320922852,0.7144365310668945,0.2010160386562347,0.6672524213790894,0.7774084806442261,0.0095076989382505,0.7181342840194702,0.776637852191925,-0.0095351124182343,0.6436933279037476,0.9385412335395812,0.0234225913882255,0.718054473400116,0.948053240776062,0.0245952382683753,0.6208747625350952,1.0768884420394895,0.0422749072313308,0.7281323671340942,1.0903050899505615,0.034326110035181,0.6186712980270386,1.102504849433899,0.0435091629624366,0.7250045537948608,1.1153388023376465,0.0365311242640018,0.6151957511901855,1.0944658517837524,0.0287317428737878,0.7463024854660034,1.1125677824020386,0.0175134502351284,12.225991249084473,neutro
1761586143.1089373,0,0.706443727016449,0.5184726715087891,0.1931339502334594,0.7032740116119385,0.5085293054580688,0.1570824086666107,0.7007273435592651,0.5083030462265015,0.1570789963006973,0.6980464458465576,0.5080975890159607,0.1569865942001342,0.7108854055404663,0.5087665319442749,0.161599650979042,0.7136974930763245,0.5087858438491821,0.1616105139255523,0.7168093919754028,0.5087375044822693,0.1615184545516967,0.6934007406234741,0.5126282572746277,0.0394722372293472,0.7211434245109558,0.5130994319915771,0.0641742795705795,0.7028146386146545,0.5263847708702087,0.1602784246206283,0.7106079459190369,0.5274030566215515,0.166533812880516,0.6503585577011108,0.5727994441986084,0.0163611844182014,0.7557874321937561,0.5703175067901611,0.0015111446846276,0.6289098262786865,0.6721447110176086,0.1083239689469337,0.7959064841270447,0.6478049159049988,0.0695714130997657,0.6605945825576782,0.7055032849311829,0.2900117039680481,0.8071690797805786,0.6919156312942505,0.2154786586761474,0.6677321195602417,0.7222884297370911,0.3142000436782837,0.8127435445785522,0.7018928527832031,0.2383274734020233,0.6752725839614868,0.718181848526001,0.3130184412002563,0.8042469024658203,0.6970962882041931,0.2386463433504104,0.6731585264205933,0.7130487561225891,0.294751763343811,0.8007181882858276,0.69291752576828,0.2206359654664993,0.6675698757171631,0.776369035243988,0.0098642352968454,0.7182018160820007,0.7765952944755554,-0.0098887020722031,0.6437047719955444,0.9386181235313416,0.024836428463459,0.7180504202842712,0.9480770826339722,0.0228626709431409,0.6210952997207642,1.0771318674087524,0.0416723415255546,0.7273541688919067,1.0930707454681396,0.0268883109092712,0.6187537908554077,1.1026251316070557,0.0427620634436607,0.7240089178085327,1.1180182695388794,0.0285773873329162,0.6155818104743958,1.0959244966506958,0.0284580830484628,0.7458872199058533,1.116507649421692,0.0092210732400417,12.27127456665039,neutro
1761586143.1552477,0,0.7061433792114258,0.518562376499176,0.2239550352096557,0.7028608918190002,0.5086060762405396,0.1877709776163101,0.7002427577972412,0.5083829760551453,0.1877750903367996,0.6974623203277588,0.508178174495697,0.1876889616250991,0.7103378176689148,0.5088014006614685,0.1910621225833892,0.7130627632141113,0.5088101625442505,0.1910766065120697,0.7160394787788391,0.5087573528289795,0.190988153219223,0.6929140686988831,0.5126706957817078,0.0702097713947296,0.7207898497581482,0.5130983591079712,0.0869373679161071,0.7023440003395081,0.5265355706214905,0.1902215182781219,0.7102388143539429,0.527457594871521,0.1949352324008941,0.6506286263465881,0.5725326538085938,0.0377682596445083,0.7556814551353455,0.5694277882575989,0.0153580587357282,0.6291232705116272,0.672099232673645,0.1191771626472473,0.7973669767379761,0.6425453424453735,0.0844409987330436,0.6605098843574524,0.7054522633552551,0.2888817191123962,0.8048281669616699,0.689238965511322,0.2332450151443481,0.6678997874259949,0.7221489548683167,0.3125233650207519,0.8086697459220886,0.7003680467605591,0.257610023021698,0.6754193305969238,0.7178207635879517,0.3112011551856994,0.7979776859283447,0.6983517408370972,0.2582488059997558,0.6732446551322937,0.7124156355857849,0.2934095561504364,0.7976771593093872,0.6947384476661682,0.2388618290424347,0.6675602197647095,0.7749764323234558,0.0105288559570908,0.7181071639060974,0.7761027812957764,-0.0105399377644062,0.6437868475914001,0.9385792016983032,0.0278508700430393,0.7179237604141235,0.9481499195098876,0.0165920443832874,0.6215329170227051,1.0771467685699463,0.0426508709788322,0.7273091077804565,1.094839334487915,0.0181506164371967,0.6188856959342957,1.1025334596633911,0.0437031649053096,0.7237590551376343,1.119651436805725,0.0199746917933225,0.6173400282859802,1.097760558128357,0.0289162136614322,0.7460898756980896,1.1196632385253906,0.0002251298574265,12.317584991455078,neutro
1761586143.201169,0,0.7056413888931274,0.5185374021530151,0.213577002286911,0.7022533416748047,0.508457362651825,0.1780800372362136,0.6994987726211548,0.5082128047943115,0.178078606724739,0.696600079536438,0.507982075214386,0.177977055311203,0.7097066640853882,0.5086390972137451,0.1812688410282135,0.7123672962188721,0.5086432695388794,0.181281641125679,0.7152743935585022,0.5086069703102112,0.1811881363391876,0.691902756690979,0.512488067150116,0.0654269605875015,0.7200865149497986,0.5130543112754822,0.0805491730570793,0.7013365030288696,0.5265383124351501,0.1812139600515365,0.7095999121665955,0.5274574756622314,0.185658723115921,0.6506094336509705,0.5725299715995789,0.0355552956461906,0.7555035352706909,0.5694347023963928,0.0139085222035646,0.6290509700775146,0.6720403432846069,0.1327730566263198,0.7976059317588806,0.6406485438346863,0.0847051292657852,0.6615840196609497,0.6998291611671448,0.3170421719551086,0.8041149377822876,0.6702858209609985,0.2383360564708709,0.6704875230789185,0.7131292819976807,0.3423345386981964,0.8087276220321655,0.6670089364051819,0.2629732489585876,0.6783511638641357,0.7067606449127197,0.3403593301773071,0.8017940521240234,0.66330486536026,0.2640419900417328,0.6763479709625244,0.7019072771072388,0.321527361869812,0.7962597608566284,0.6654797792434692,0.2439446747303009,0.667534351348877,0.7749953866004944,0.0107743013650178,0.7180450558662415,0.7762866616249084,-0.0107962861657142,0.6438928842544556,0.9388276934623718,0.0279967226088047,0.7179207801818848,0.9488632678985596,0.0157112274318933,0.6215683221817017,1.077671766281128,0.0399575680494308,0.7273151874542236,1.0975496768951416,0.0133797647431492,0.6188220977783203,1.1031556129455566,0.0406743958592414,0.723526120185852,1.1228630542755127,0.0148625718429684,0.6174851655960083,1.0981998443603516,0.0278349816799163,0.7470896244049072,1.1211988925933838,-0.0024704725947231,12.363506317138672,neutro
1761586143.249607,0,0.7046089768409729,0.5186371207237244,0.2089079916477203,0.7012007236480713,0.508469820022583,0.1738684028387069,0.698386549949646,0.5082283616065979,0.1738594770431518,0.6954852342605591,0.5080003142356873,0.1737535893917083,0.7084985971450806,0.5086367130279541,0.176708698272705,0.7110336422920227,0.5086330771446228,0.1767205893993377,0.7138332724571228,0.5085922479629517,0.1766259372234344,0.690832257270813,0.5124934911727905,0.062568686902523,0.7186000347137451,0.5130534768104553,0.0758057683706283,0.699842095375061,0.526804506778717,0.1769760549068451,0.7083855867385864,0.5275527238845825,0.1808788180351257,0.6505827307701111,0.5725832581520081,0.0325059480965137,0.7553719878196716,0.5694276690483093,0.0109641160815954,0.6290224194526672,0.6720437407493591,0.1217308863997459,0.7980239391326904,0.6393929719924927,0.0796586796641349,0.661500096321106,0.702284574508667,0.303676575422287,0.8028801679611206,0.6582649946212769,0.2361688911914825,0.6705397367477417,0.7163468599319458,0.3267976641654968,0.8086205720901489,0.6618213057518005,0.2616147398948669,0.6781790852546692,0.7098305225372314,0.3266599178314209,0.8019657135009766,0.6523253917694092,0.2637624144554138,0.6761284470558167,0.704412043094635,0.3089269697666168,0.798433780670166,0.6633262634277344,0.2423775494098663,0.6675187349319458,0.7750188112258911,0.0111383935436606,0.718384325504303,0.7763336896896362,-0.0111589850857853,0.6440565586090088,0.9388380646705629,0.0291865579783916,0.7179176211357117,0.948849320411682,0.0186383780092,0.6215489506721497,1.0776691436767578,0.0431052260100841,0.7272619605064392,1.0971801280975342,0.0190414655953645,0.6187970042228699,1.1031851768493652,0.0445101745426654,0.723246693611145,1.122767686843872,0.0208492241799831,0.6175575852394104,1.096730351448059,0.0361390262842178,0.7472734451293945,1.118387222290039,0.0079306941479444,12.411944389343262,neutro
1761586143.2948835,0,0.7040571570396423,0.5184155106544495,0.2034841775894165,0.7005483508110046,0.508128821849823,0.1689052879810333,0.6976927518844604,0.5079306960105896,0.1689000129699707,0.6947846412658691,0.5077453255653381,0.1687976419925689,0.7077885866165161,0.5081338286399841,0.1716014444828033,0.7102649807929993,0.5080863833427429,0.1716141998767852,0.713028073310852,0.5080379843711853,0.1715222299098968,0.6900466084480286,0.5123420357704163,0.0621400885283947,0.7178488373756409,0.5126988887786865,0.0732749849557876,0.6990867257118225,0.5267772078514099,0.1719631403684616,0.7077401280403137,0.5273807644844055,0.1756992489099502,0.6505715250968933,0.5726543664932251,0.0248677507042884,0.7553566098213196,0.569600522518158,0.0075807906687259,0.6289650797843933,0.6720377206802368,0.1113578677177429,0.7979879379272461,0.6393184661865234,0.0741627514362335,0.6624346971511841,0.7009706497192383,0.2859865725040436,0.8023430705070496,0.6566450595855713,0.2336629629135131,0.6705438494682312,0.7209469079971313,0.3088031411170959,0.8085243105888367,0.6543083786964417,0.2593205273151397,0.6780537366867065,0.7148386240005493,0.3077048063278198,0.8016840815544128,0.6521123647689819,0.2622852623462677,0.6759623289108276,0.7091089487075806,0.2908306121826172,0.8003139495849609,0.658112108707428,0.2402808964252472,0.6675857305526733,0.7750327587127686,0.0115773268043994,0.7187126278877258,0.776503324508667,-0.0116264838725328,0.6442851424217224,0.939062476158142,0.0325748324394226,0.7181549668312073,0.948940932750702,0.0188415981829166,0.6215791702270508,1.0776584148406982,0.0480077266693115,0.7275990843772888,1.0971107482910156,0.0193262882530689,0.6187689900398254,1.103190541267395,0.0496075525879859,0.7230434417724609,1.1227538585662842,0.0210052505135536,0.6181968450546265,1.0962543487548828,0.0416608452796936,0.7484863996505737,1.1181026697158811,0.008836512453854,12.457220792770386,neutro
1761586143.3419173,0,0.7038266658782959,0.5183711647987366,0.2301536053419113,0.7003011703491211,0.5080092549324036,0.1958322674036026,0.6974610686302185,0.5078050494194031,0.1958307474851608,0.694580078125,0.5076197981834412,0.195732980966568,0.7074233889579773,0.5079951882362366,0.1967342048883438,0.7098373174667358,0.5079333186149597,0.1967333257198333,0.7125400304794312,0.5078838467597961,0.1966420412063598,0.6898618340492249,0.5122265815734863,0.0838357284665107,0.717284619808197,0.5125485062599182,0.087376520037651,0.698893666267395,0.5267664194107056,0.197480708360672,0.7074723839759827,0.5273465514183044,0.1986906230449676,0.650531530380249,0.5726650953292847,0.039161529392004,0.7552841901779175,0.5696679353713989,0.0172870121896266,0.6288132667541504,0.6719805002212524,0.1028808578848838,0.7987030744552612,0.6387360692024231,0.0734142810106277,0.6623430252075195,0.7066739797592163,0.236897274851799,0.7997220158576965,0.6637187600135803,0.2217800170183181,0.6706636548042297,0.7250300645828247,0.2535295486450195,0.8064795732498169,0.6667917370796204,0.2451308518648147,0.67796391248703,0.7196443676948547,0.2544362843036651,0.8014670610427856,0.6633159518241882,0.2487207204103469,0.6758660078048706,0.7134841680526733,0.240801453590393,0.7982542514801025,0.6663795113563538,0.2282651662826538,0.667795717716217,0.7749097943305969,0.0119127528741955,0.7188897728919983,0.7764979004859924,-0.0119609450921416,0.6446994543075562,0.9390855431556702,0.0385674685239791,0.7180591821670532,0.9489688277244568,0.018102953210473,0.6223604679107666,1.0776640176773071,0.0607926025986671,0.7275887131690979,1.0970942974090576,0.0255232453346252,0.6197003126144409,1.103211760520935,0.0628330409526825,0.7228940725326538,1.122690200805664,0.0282752774655818,0.6190880537033081,1.096205472946167,0.0522781126201152,0.7484285831451416,1.1180758476257324,0.011502169072628,12.504254579544067,neutro
1761586143.38836,0,0.7034412026405334,0.5183486342430115,0.2336703240871429,0.69987952709198,0.5079196691513062,0.1989931762218475,0.6970312595367432,0.5077296495437622,0.1989917755126953,0.6941555142402649,0.507561445236206,0.1988930404186248,0.7069815397262573,0.5078495144844055,0.2002550363540649,0.7093753814697266,0.5077654719352722,0.2002460658550262,0.7120741605758667,0.507709264755249,0.2001524269580841,0.6894800066947937,0.5121390223503113,0.0853600576519966,0.7169274091720581,0.5123596787452698,0.0903597548604011,0.6984178423881531,0.5267666578292847,0.2006170749664306,0.7070838212966919,0.5273237824440002,0.2022975236177444,0.6505082845687866,0.572666585445404,0.0401483997702598,0.7554228901863098,0.5698611736297607,0.0201486237347126,0.6289083361625671,0.6720895171165466,0.0848571956157684,0.8003526926040649,0.6388599276542664,0.073873721063137,0.6622737050056458,0.7115035653114319,0.1991353332996368,0.7971440553665161,0.6671057343482971,0.2183222025632858,0.6707457900047302,0.7293500304222107,0.2131674736738205,0.8007220029830933,0.6736199259757996,0.2412610948085785,0.6780650019645691,0.7240062952041626,0.2154262810945511,0.797408401966095,0.6654843688011169,0.2457147389650344,0.6759392023086548,0.7176228165626526,0.202794998884201,0.793682336807251,0.6698058843612671,0.2249049842357635,0.667964518070221,0.775263786315918,0.0117369089275598,0.7190740704536438,0.776738166809082,-0.01177469920367,0.6447782516479492,0.9397974610328674,0.0442414656281471,0.7183924317359924,0.9493711590766908,0.020598029717803,0.6236018538475037,1.0777156352996826,0.0724258199334144,0.7284986972808838,1.0966063737869265,0.0420665368437767,0.6215387582778931,1.103363871574402,0.0752014070749282,0.7235865592956543,1.1219531297683716,0.0461015962064266,0.6199222803115845,1.0961570739746094,0.0663316920399665,0.7495123147964478,1.1174266338348389,0.0292770899832248,12.550697326660156,neutro
1761586143.4356408,0,0.7032744288444519,0.5182459950447083,0.2240926325321197,0.6996718645095825,0.5076754689216614,0.1902582347393036,0.6968172788619995,0.5075070261955261,0.1902566403150558,0.6939390897750854,0.5073703527450562,0.1901457160711288,0.7067407965660095,0.5075615048408508,0.1923489719629287,0.7091120481491089,0.5074684023857117,0.1923664808273315,0.7117928862571716,0.5074198246002197,0.1922856122255325,0.6891913414001465,0.512006402015686,0.0841441303491592,0.7166734337806702,0.5121508240699768,0.0848506987094879,0.6982553601264954,0.5267412662506104,0.1933021694421768,0.706907331943512,0.5272557139396667,0.1963738650083542,0.650483250617981,0.5726231932640076,0.0295109748840332,0.7555311918258667,0.570304274559021,0.019134547561407,0.6289794445037842,0.6721265316009521,0.0663410872220993,0.8014992475509644,0.6391294002532959,0.0726066082715988,0.6622174382209778,0.7109225392341614,0.1777872592210769,0.7942371368408203,0.6674850583076477,0.2151912003755569,0.6707228422164917,0.7309297323226929,0.1907896548509597,0.796684741973877,0.6800557971000671,0.2384531497955322,0.6779603958129883,0.7261284589767456,0.1939412951469421,0.7903603315353394,0.6681339144706726,0.241608053445816,0.6758307218551636,0.7197885513305664,0.1818505972623825,0.7874181270599365,0.6719294190406799,0.2214324176311493,0.6681277751922607,0.7754291892051697,0.01136080827564,0.7192649245262146,0.7770127654075623,-0.0113977817818522,0.6449571847915649,0.9397870898246764,0.043358989059925,0.7184242010116577,0.9490795731544496,0.0263170395046472,0.6237198114395142,1.0751807689666748,0.0710114687681198,0.72849440574646,1.0888570547103882,0.0512549579143524,0.621694028377533,1.1013127565383911,0.0735835880041122,0.7235015630722046,1.113666296005249,0.0554896406829357,0.6201624274253845,1.090964436531067,0.0645058453083038,0.7494825720787048,1.1082619428634644,0.0414272211492061,12.597978115081787,neutro
1761586143.4834297,0,0.7030023336410522,0.5180754661560059,0.2157092839479446,0.699327290058136,0.5074204802513123,0.1800796687602996,0.6964753866195679,0.5073010921478271,0.1800806671380996,0.6936072707176208,0.5072152018547058,0.1799975484609604,0.7064374685287476,0.5072535276412964,0.182926595211029,0.7088294625282288,0.5071731805801392,0.1829202771186828,0.7115451097488403,0.5071521401405334,0.1828177273273468,0.6888642311096191,0.5119619369506836,0.0664716213941574,0.7165046334266663,0.5120424032211304,0.0742655470967292,0.6979728937149048,0.5267001390457153,0.1823579967021942,0.7066704034805298,0.5271723866462708,0.1864169836044311,0.6504544019699097,0.5726070404052734,0.0178842060267925,0.7556896805763245,0.5706397891044617,0.0146632175892591,0.6295799612998962,0.6730989813804626,0.058604646474123,0.8022128939628601,0.6409778594970703,0.0713588371872901,0.6614845395088196,0.7146488428115845,0.1764727085828781,0.7882953882217407,0.672927737236023,0.2135277241468429,0.6701211333274841,0.7323726415634155,0.1899419277906417,0.7890444993972778,0.688448965549469,0.2371061742305755,0.6772094368934631,0.7278086543083191,0.1936817765235901,0.784627377986908,0.6694959402084351,0.2391893118619918,0.675227701663971,0.7214344143867493,0.1809914708137512,0.7785679697990417,0.6741213202476501,0.2194275110960006,0.6681875586509705,0.7758187055587769,0.0110883619636297,0.7193204760551453,0.777766764163971,-0.0111230118200182,0.6451531648635864,0.9399754405021667,0.0456684455275535,0.7184697389602661,0.9491440653800964,0.0302758272737264,0.6243184208869934,1.073486328125,0.0791845768690109,0.728105902671814,1.0883032083511353,0.0577617101371288,0.6223758459091187,1.0997942686080933,0.0824719220399856,0.7230835556983948,1.1131573915481567,0.0622525736689567,0.6206914186477661,1.0884469747543335,0.0757392197847366,0.7488889098167419,1.1071245670318604,0.0484030172228813,12.645766973495483,neutro
1761586143.5282402,0,0.7012748122215271,0.5178366899490356,0.2133583724498748,0.6974867582321167,0.5069448947906494,0.1787683665752411,0.6946975588798523,0.5068603754043579,0.1787769794464111,0.6918373107910156,0.5068255662918091,0.1786938458681106,0.7048032283782959,0.5067981481552124,0.1815910190343856,0.707180917263031,0.5067359805107117,0.181586354970932,0.7098614573478699,0.5067194700241089,0.1814738363027572,0.6875574588775635,0.5119041800498962,0.0667483508586883,0.7151033282279968,0.5118192434310913,0.0775020197033882,0.6960054039955139,0.5266543030738831,0.1805391311645507,0.7049890756607056,0.5271270275115967,0.1843131929636001,0.6504276990890503,0.572808027267456,0.0188033208250999,0.7556875944137573,0.5712902545928955,0.0193174742162227,0.6302195191383362,0.6736228466033936,0.0544365271925926,0.7987634539604187,0.6507450342178345,0.0818303301930427,0.6619373559951782,0.7159333825111389,0.1616467088460922,0.7639880776405334,0.6910086274147034,0.2166172564029693,0.6705816388130188,0.7324883937835693,0.1725649535655975,0.7581027746200562,0.7059952020645142,0.2406142950057983,0.6779496669769287,0.7275277972221375,0.1771947890520095,0.7527178525924683,0.6981374621391296,0.2394305765628814,0.6762984991073608,0.7213701009750366,0.1654277294874191,0.7524129748344421,0.694801926612854,0.2205561697483062,0.6682131290435791,0.7757943272590637,0.0070503829047083,0.7193050980567932,0.7777644395828247,-0.0070246458053588,0.6456482410430908,0.9399901628494264,0.0402986854314804,0.7183007001876831,0.9478867053985596,0.0354409888386726,0.6257795691490173,1.072834014892578,0.0743593946099281,0.7280622124671936,1.0848182439804075,0.0709577649831771,0.6240850687026978,1.09852135181427,0.0767005234956741,0.7230602502822876,1.1090283393859863,0.0755560249090194,0.6221145987510681,1.0889540910720823,0.0685684233903884,0.7464728355407715,1.1050523519515991,0.0592070147395134,12.690577507019043,neutro
1761586143.5747488,0,0.7011026740074158,0.5176199078559875,0.2137649059295654,0.6972203254699707,0.5065791010856628,0.1798497289419174,0.6944098472595215,0.5064703822135925,0.1798599660396576,0.6915366053581238,0.5064215064048767,0.1797746419906616,0.7046259641647339,0.506497323513031,0.1822147965431213,0.7070199251174927,0.5064421892166138,0.1822082102298736,0.7097224593162537,0.5064133405685425,0.1820888221263885,0.6870995163917542,0.5117461085319519,0.0685782209038734,0.7148000597953796,0.5115717649459839,0.078250840306282,0.6957753896713257,0.526496171951294,0.1811297237873077,0.7047661542892456,0.5269976258277893,0.1844284683465957,0.6504098773002625,0.5729556679725647,0.0221813078969717,0.7556712627410889,0.5717504024505615,0.0181662272661924,0.6305538415908813,0.6738482713699341,0.0653826147317886,0.7958503365516663,0.6553366184234619,0.0787121355533599,0.6635299324989319,0.7155556082725525,0.1776069104671478,0.7594177722930908,0.6933513283729553,0.2122083902359008,0.6721825003623962,0.7302007079124451,0.1896218508481979,0.7535611391067505,0.7075722813606262,0.2356327772140503,0.6802172064781189,0.7238580584526062,0.1932878494262695,0.7478167414665222,0.7026137113571167,0.2317389547824859,0.678921103477478,0.7180771231651306,0.1811185479164123,0.7481281161308289,0.698436975479126,0.2142796814441681,0.6682036519050598,0.7758009433746338,0.0071894405409693,0.7192302346229553,0.7779731750488281,-0.0071989623829722,0.6458553075790405,0.9400721192359924,0.0447701215744018,0.71831214427948,0.9479652643203736,0.032996766269207,0.6279338598251343,1.0729763507843018,0.08198793977499,0.7265406847000122,1.0855101346969604,0.0657354667782783,0.6261845827102661,1.098625421524048,0.0852055475115776,0.7216997742652893,1.109968900680542,0.0703631341457367,0.6245983839035034,1.0895577669143677,0.0759086087346077,0.7435906529426575,1.1055341958999634,0.0524473413825035,12.737086057662964,neutro
1761586143.6223464,0,0.700820803642273,0.517357587814331,0.2181854993104934,0.6968234777450562,0.5063206553459167,0.1849413216114044,0.6940132975578308,0.5062237977981567,0.1849542111158371,0.6911384463310242,0.5061946511268616,0.1848656982183456,0.7042900919914246,0.506233274936676,0.1872089803218841,0.7066895961761475,0.5061662197113037,0.1872011870145797,0.7093992233276367,0.5061074495315552,0.1870748102664947,0.6866344809532166,0.5117267370223999,0.0744562000036239,0.7144485712051392,0.5113450288772583,0.084061861038208,0.6954562664031982,0.5262060761451721,0.1856229305267334,0.7044623494148254,0.5267055034637451,0.1888104528188705,0.6503894329071045,0.5730912089347839,0.0281856842339038,0.7556589841842651,0.5718333721160889,0.0219384133815765,0.6305751800537109,0.6744455695152283,0.0687395632266998,0.7926905155181885,0.6582320928573608,0.0804557278752327,0.6639748811721802,0.713719367980957,0.1820680052042007,0.7552857398986816,0.6966639757156372,0.2117310762405395,0.6726298332214355,0.7263352870941162,0.1946119517087936,0.7472530603408813,0.7113485932350159,0.2350752651691436,0.6811808943748474,0.7190991044044495,0.198720782995224,0.7433552742004395,0.7065325379371643,0.2316969335079193,0.6800307035446167,0.7136848568916321,0.1856850683689117,0.7436326742172241,0.7022982835769653,0.2141845673322677,0.6682650446891785,0.7754291296005249,0.0081127760931849,0.719427764415741,0.7778778076171875,-0.0080679776147007,0.6460590362548828,0.9398412704467772,0.0524324998259544,0.7183072566986084,0.9479348063468932,0.0318368673324584,0.6292718648910522,1.072752594947815,0.0921223983168602,0.7250040769577026,1.0855634212493896,0.0651753395795822,0.627351701259613,1.0976897478103638,0.0959368571639061,0.7201856374740601,1.1104159355163574,0.0700722113251686,0.6262203454971313,1.0896530151367188,0.0893015190958976,0.7413121461868286,1.1066197156906128,0.0523863732814788,12.78468370437622,neutro
1761586143.6683643,0,0.6996687650680542,0.5173948407173157,0.2161486893892288,0.6957218647003174,0.5063413977622986,0.1814270466566085,0.6929591298103333,0.5062477588653564,0.1814456284046173,0.6900598406791687,0.5062262415885925,0.1813447773456573,0.7032418847084045,0.5062549710273743,0.185243159532547,0.705663800239563,0.5061860084533691,0.1852198988199234,0.7083458304405212,0.5061219930648804,0.1850603222846985,0.6857236623764038,0.5118854641914368,0.0649388656020164,0.7135173678398132,0.5113570094108582,0.0807674601674079,0.6943470239639282,0.5262338519096375,0.181285947561264,0.7033964395523071,0.5267321467399597,0.1863149255514145,0.6503771543502808,0.5733458399772644,0.0213430933654308,0.755691647529602,0.5725498199462891,0.0198137741535902,0.6307371854782104,0.6765009760856628,0.0722186565399169,0.7894255518913269,0.6630308032035828,0.0997001901268959,0.6643896102905273,0.7092229723930359,0.210371658205986,0.7476428747177124,0.6962391138076782,0.2620492577552795,0.6729039549827576,0.7197725176811218,0.2282252013683319,0.7414950132369995,0.7103410363197327,0.2919776439666748,0.6820230484008789,0.7115335464477539,0.2338174134492874,0.7368820905685425,0.7049065232276917,0.2880401015281677,0.6810535192489624,0.7067297101020813,0.2151170521974563,0.7374833822250366,0.7011041641235352,0.2649821937084198,0.6682624220848083,0.7757893204689026,0.0069591118954122,0.7201378345489502,0.778813362121582,-0.0069179823622107,0.646142840385437,0.9398355484008788,0.0564461350440979,0.7183073163032532,0.9479467868804932,0.040221769362688,0.6295211315155029,1.07271409034729,0.1034348979592323,0.7240120768547058,1.0859845876693726,0.0875303670763969,0.6278340816497803,1.097097873687744,0.1086723357439041,0.7195748090744019,1.1109272241592407,0.0938820987939834,0.6257310509681702,1.0900439023971558,0.106301411986351,0.7378647327423096,1.107002854347229,0.0806919559836387,12.83070158958435,neutro
1761586143.716792,0,0.6990143060684204,0.5174461603164673,0.1878626942634582,0.6950821280479431,0.5063449740409851,0.1521615087985992,0.6923707723617554,0.5062524080276489,0.1521656811237335,0.6895020604133606,0.5062363743782043,0.1520629823207855,0.7025312185287476,0.5062571167945862,0.157102882862091,0.7049307823181152,0.5061867237091064,0.1570880711078643,0.7075527906417847,0.5061216950416565,0.1569495499134063,0.6853989362716675,0.5120093822479248,0.0349963828921318,0.712710440158844,0.5113558173179626,0.0565953440964221,0.693889856338501,0.5263233780860901,0.1531860381364822,0.7028256058692932,0.5267857909202576,0.1598041504621505,0.650360643863678,0.5738821625709534,-0.0006648279959335,0.7563511729240417,0.5746039748191833,0.0090084187686443,0.6312000155448914,0.6805425882339478,0.0723879188299179,0.7847995162010193,0.669530987739563,0.0984827056527137,0.6657173037528992,0.7087031602859497,0.2382200062274933,0.7402849197387695,0.6992343068122864,0.2731859982013702,0.6738423109054565,0.7186036705970764,0.2599912285804748,0.7332600355148315,0.71073317527771,0.3054704666137695,0.683031439781189,0.7098901271820068,0.2645511925220489,0.7304292917251587,0.7046508193016052,0.3009347915649414,0.6823093295097351,0.7053367495536804,0.2436895817518234,0.7314181327819824,0.7016037106513977,0.2761115431785583,0.668247401714325,0.7759369611740112,0.0050414176657795,0.721114993095398,0.7793826460838318,-0.0050405012443661,0.646393358707428,0.9398247003555298,0.05679826810956,0.7184522747993469,0.947929322719574,0.0484189689159393,0.6298820376396179,1.0719382762908936,0.108417272567749,0.7233374118804932,1.0846672058105469,0.1004336103796958,0.6281993389129639,1.0953600406646729,0.1144028529524803,0.7193607091903687,1.108619213104248,0.1073353290557861,0.625436007976532,1.0902827978134155,0.1115337610244751,0.7360783815383911,1.1060463190078735,0.0958045944571495,12.879129409790039,neutro
1761586143.75972,0,0.6983751058578491,0.5174278020858765,0.1915028393268585,0.6943949460983276,0.506249725818634,0.1565568000078201,0.6917019486427307,0.5061622858047485,0.1565628945827484,0.6888379454612732,0.5061641335487366,0.1564723551273346,0.7018489837646484,0.5061391592025757,0.1594053208827972,0.7042709589004517,0.5060452818870544,0.1594104766845703,0.7068947553634644,0.505963921546936,0.1592780649662017,0.6848718523979187,0.5119993090629578,0.0435583367943763,0.7120348215103149,0.5112108588218689,0.0585114546120166,0.6934002637863159,0.526315450668335,0.1588445156812667,0.7023357152938843,0.5267778038978577,0.1635501533746719,0.6503211855888367,0.574504017829895,0.0055869664065539,0.7563419342041016,0.5752319693565369,0.0125905899330973,0.6326743364334106,0.6834990382194519,0.0730711370706558,0.782585084438324,0.6702492237091064,0.101348839700222,0.6660963296890259,0.7092827558517456,0.2341748923063278,0.7422729730606079,0.7036071419715881,0.2647417783737182,0.6741198897361755,0.7187162637710571,0.253915786743164,0.7358579039573669,0.7110792398452759,0.2956219911575317,0.6833369135856628,0.7107921838760376,0.2592412829399109,0.7308384776115417,0.7050694227218628,0.2914890646934509,0.6826107501983643,0.7061052322387695,0.2395116984844207,0.7314960360527039,0.7023105025291443,0.2675119042396545,0.6683754920959473,0.7759940028190613,0.0029309319797903,0.7219876050949097,0.7793737649917603,-0.0029168480541557,0.6467756032943726,0.939919888973236,0.0455811284482479,0.7189314365386963,0.947768211364746,0.0449822954833507,0.6303495168685913,1.072135090827942,0.0880165919661521,0.723410427570343,1.0839368104934692,0.08638696372509,0.6288515329360962,1.0955315828323364,0.093131273984909,0.7197751998901367,1.1073960065841677,0.0919920206069946,0.6253835558891296,1.0922863483428955,0.0847601592540741,0.7369229197502136,1.106137990951538,0.0781842619180679,12.922057390213013,neutro
1761586143.808529,0,0.6978238821029663,0.5174468159675598,0.2229508906602859,0.6938785314559937,0.5062487125396729,0.1901590228080749,0.6912010908126831,0.5061613321304321,0.1901524066925048,0.6883547902107239,0.5061635375022888,0.1900439709424972,0.7012783288955688,0.5061287879943848,0.1933340728282928,0.703690230846405,0.5060204863548279,0.1933343112468719,0.7062872052192688,0.5059254169464111,0.1932458132505417,0.6844114661216736,0.5120024085044861,0.0749348923563957,0.7109531760215759,0.5111810564994812,0.0895564407110214,0.6928383111953735,0.5263184309005737,0.1881060153245926,0.7017310857772827,0.5267744660377502,0.1926288604736328,0.6498855352401733,0.5750901103019714,0.0278404597193002,0.7543376088142395,0.5755642652511597,0.0328878127038478,0.6332888007164001,0.6856101155281067,0.0859788060188293,0.7747516632080078,0.6707428097724915,0.1117188781499862,0.6645172238349915,0.7152748703956604,0.239682912826538,0.7355278730392456,0.7113228440284729,0.2643193304538727,0.672516942024231,0.7249881625175476,0.2575594186782837,0.7295330166816711,0.7213438749313354,0.2952679991722107,0.6818685531616211,0.7175707221031189,0.2639593482017517,0.7225638628005981,0.7154033780097961,0.2914496958255768,0.6812375783920288,0.7126378417015076,0.2448418140411377,0.7226889729499817,0.7111437320709229,0.2668948769569397,0.6683681011199951,0.7757776975631714,0.003609771374613,0.7220619916915894,0.7788242697715759,-0.003600675612688,0.6469752788543701,0.940127730369568,0.0238643046468496,0.7189382314682007,0.9473101496696472,0.0326445996761322,0.6297379732131958,1.0726680755615234,0.0413575693964958,0.7227083444595337,1.0842972993850708,0.0438698828220367,0.6279653310775757,1.0956528186798096,0.0428006574511528,0.718739926815033,1.1079014539718628,0.0467623509466648,0.6240330338478088,1.0942059755325315,0.0266604218631982,0.7368704080581665,1.1073538064956665,0.029623195528984,12.970866203308105,neutro
1761586143.8543153,0,0.6972669363021851,0.5178759098052979,0.2271886616945266,0.6935305595397949,0.5065172910690308,0.1957283914089203,0.6909008026123047,0.5064077377319336,0.1957092434167862,0.6881094574928284,0.5063905715942383,0.1955939829349517,0.700767457485199,0.5063517093658447,0.1985467970371246,0.7031275033950806,0.5062000751495361,0.1985528767108917,0.705663800239563,0.5060773491859436,0.1984682530164718,0.6842857599258423,0.5121194124221802,0.0844086930155754,0.7101114988327026,0.5112673044204712,0.0972771123051643,0.6923072338104248,0.5265491008758545,0.19334177672863,0.7009299993515015,0.5269887447357178,0.1974111050367355,0.649741530418396,0.57551109790802,0.0402267947793006,0.7528303861618042,0.5763892531394958,0.0385527610778808,0.6344828605651855,0.6866241097450256,0.09288290143013,0.763248085975647,0.6752707958221436,0.1101778745651245,0.6628760099411011,0.7156112790107727,0.2425422668457031,0.726337730884552,0.7148841023445129,0.2551758587360382,0.6705552339553833,0.7252140641212463,0.2605078816413879,0.7187619209289551,0.7246332168579102,0.2841364443302154,0.680176854133606,0.7178000807762146,0.2671341896057129,0.7106009125709534,0.7187756299972534,0.2813706696033478,0.6798354387283325,0.712971568107605,0.2476412504911422,0.711223840713501,0.7145127058029175,0.2586269676685333,0.6682382225990295,0.7759027481079102,0.007579366210848,0.7220938205718994,0.778772234916687,-0.0075367973186075,0.647201657295227,0.9401190876960754,0.0280073937028646,0.7190406918525696,0.9468549489974976,0.0219377782195806,0.6266618967056274,1.0719010829925537,0.0484532490372657,0.7229353785514832,1.0844552516937256,0.0302464310079813,0.6239231824874878,1.094768762588501,0.0502416267991066,0.7187592387199402,1.1081631183624268,0.033119685947895,0.62163907289505,1.0935059785842896,0.0373522974550724,0.7388598322868347,1.108069896697998,0.0165554471313953,13.016652584075928,neutro
1761586143.9023015,0,0.6963185667991638,0.5203732252120972,0.2286599427461624,0.6926460862159729,0.509302020072937,0.1981863677501678,0.69001704454422,0.50911945104599,0.1981702744960785,0.6872462034225464,0.5089958310127258,0.1980524957180023,0.6996713876724243,0.5088991522789001,0.1991944760084152,0.7018957734107971,0.5085882544517517,0.1991945803165435,0.7042646408081055,0.5083107948303223,0.1990874707698822,0.6837204098701477,0.5135142207145691,0.0906301066279411,0.7082879543304443,0.512538731098175,0.0951881930232048,0.6915754675865173,0.5283275246620178,0.1959466636180877,0.6997983455657959,0.5287647247314453,0.1976657807826995,0.6497372388839722,0.5755144953727722,0.0517075657844543,0.7484999299049377,0.5763301849365234,0.033364038914442,0.6369874477386475,0.6859683990478516,0.1141568645834922,0.7566304206848145,0.6730010509490967,0.1095418930053711,0.6633371114730835,0.7060081362724304,0.2752962112426758,0.7251530289649963,0.7012706398963928,0.2442004680633545,0.6709949970245361,0.7110358476638794,0.2958548963069916,0.7197563648223877,0.7038160562515259,0.2764638066291809,0.6809548139572144,0.7027359008789062,0.3032228946685791,0.711222767829895,0.6973963975906372,0.2741470634937286,0.6806906461715698,0.699600100517273,0.2809268832206726,0.7111333608627319,0.6952345967292786,0.2469936311244964,0.6681569814682007,0.7763460278511047,0.015192424878478,0.7222363948822021,0.7788971066474915,-0.0151405436918139,0.6472631692886353,0.9400205612182616,0.0271905623376369,0.7190412282943726,0.9468517303466796,0.0081008858978748,0.6245476603507996,1.071953296661377,0.0347858294844627,0.7223670482635498,1.0874298810958862,0.0014040304813534,0.6210132837295532,1.0949183702468872,0.0349084213376045,0.7170535922050476,1.1114410161972046,0.0028120116330683,0.6201168298721313,1.0938128232955933,0.0197636168450117,0.7389910221099854,1.1120741367340088,-0.0161314569413661,13.06463885307312,neutro
1761586143.9505315,0,0.6945439577102661,0.5223256945610046,0.200794979929924,0.6912232637405396,0.5114100575447083,0.1722152233123779,0.688750147819519,0.5112249255180359,0.1721740663051605,0.6861578822135925,0.5110579133033752,0.172048881649971,0.6977090239524841,0.5106343030929565,0.171245202422142,0.6996984481811523,0.5101385712623596,0.1712170988321304,0.7018118500709534,0.5096802115440369,0.1710900217294693,0.6831637620925903,0.5145996809005737,0.0787228792905807,0.7055799961090088,0.5133265852928162,0.0707245171070098,0.6903669834136963,0.5300036072731018,0.1722349524497985,0.6977111101150513,0.5301629900932312,0.171160340309143,0.6503959894180298,0.5754544138908386,0.0503436625003814,0.7436584830284119,0.5757911801338196,0.0232923198491334,0.6424083113670349,0.6819390058517456,0.1107938438653945,0.7499722242355347,0.6717249155044556,0.0500412695109844,0.6675534844398499,0.698849081993103,0.2671165466308594,0.7194414734840393,0.6910092830657959,0.1399653702974319,0.6738174557685852,0.7044886946678162,0.2901407182216644,0.714209258556366,0.6933057904243469,0.1623014211654663,0.6833822131156921,0.6951544284820557,0.2904295027256012,0.7058969736099243,0.6866973042488098,0.1610658466815948,0.6837501525878906,0.6920416355133057,0.2720865607261657,0.7060837149620056,0.6846063733100891,0.1413027793169021,0.668208658695221,0.7775369882583618,0.0130892638117074,0.7220165133476257,0.7792244553565979,-0.0130131570622324,0.6473901271820068,0.940005660057068,0.0256949998438358,0.7190334796905518,0.9459773898124696,0.0116469785571098,0.6245906949043274,1.072059154510498,0.0408079326152801,0.7215734720230103,1.0875256061553955,0.0190268401056528,0.6212334036827087,1.095151424407959,0.0418046936392784,0.716743528842926,1.1115859746932983,0.0213674269616603,0.6184948682785034,1.0938555002212524,0.0235905386507511,0.736452579498291,1.1120694875717163,-0.0024938113056123,13.112868785858154,neutro
1761586143.9958332,0,0.6914995908737183,0.5221673250198364,0.2131335288286209,0.6882504224777222,0.511219322681427,0.1832965463399887,0.6857929229736328,0.5110388398170471,0.1832576394081115,0.6832752823829651,0.510884165763855,0.1831414401531219,0.6949214935302734,0.510496199131012,0.1850291341543197,0.6970473527908325,0.5100253224372864,0.1849947273731231,0.699256420135498,0.5095891952514648,0.1848747581243515,0.6810184717178345,0.5145594477653503,0.0797889232635498,0.7039137482643127,0.5133112668991089,0.0845679491758346,0.687548041343689,0.5299230217933655,0.1813058704137802,0.6950221061706543,0.5300913453102112,0.1831960380077362,0.6503971219062805,0.5751664042472839,0.0444285683333873,0.7434353232383728,0.5758208632469177,0.0377646200358867,0.6423776745796204,0.6816599369049072,0.0993928685784339,0.7519940137863159,0.6713338494300842,0.0596464164555072,0.6648911237716675,0.7001457214355469,0.2558968961238861,0.7175736427307129,0.6912038922309875,0.1728515028953552,0.6705809831619263,0.7075803279876709,0.2765859961509704,0.710257887840271,0.6954020857810974,0.1968490779399871,0.6803947687149048,0.6990245580673218,0.2786410450935364,0.7015203237533569,0.6887927651405334,0.1944829523563385,0.6813043355941772,0.6953365802764893,0.2607455849647522,0.7021439671516418,0.6861870884895325,0.1739339977502823,0.6682075262069702,0.7777450084686279,0.0032851335126906,0.7221604585647583,0.7792226076126099,-0.0032019591890275,0.6472099423408508,0.9398655295372008,0.015272376127541,0.7190281748771667,0.94549822807312,0.0141408341005444,0.6246426105499268,1.0745277404785156,0.0252548102289438,0.7216444611549377,1.090476632118225,0.0185548774898052,0.6215132474899292,1.0978820323944092,0.0257958211004734,0.7168630361557007,1.1147187948226929,0.0200666114687919,0.6154627203941345,1.0963197946548462,0.0075878510251641,0.7341106534004211,1.1144591569900513,-0.0051102950237691,13.158170461654663,neutro
1761586144.0431862,0,0.6875210404396057,0.5221808552742004,0.2205611169338226,0.6844872236251831,0.5111501216888428,0.1884729564189911,0.6822432279586792,0.5109702944755554,0.1884447038173675,0.6799054741859436,0.5108174085617065,0.1883278489112854,0.6908982992172241,0.5104678273200989,0.1927830874919891,0.6930457353591919,0.5100054144859314,0.1927472501993179,0.6951677799224854,0.5095773935317993,0.1926280558109283,0.6785092949867249,0.5145851969718933,0.0796736031770706,0.700391948223114,0.5133899450302124,0.0962045639753341,0.683938205242157,0.5300823450088501,0.1871340721845626,0.6907404661178589,0.5301682353019714,0.192424327135086,0.6506901979446411,0.5747662782669067,0.0432160720229148,0.742443859577179,0.5776947140693665,0.0600724816322326,0.6420518159866333,0.680657684803009,0.1136924251914024,0.7480369806289673,0.6706763505935669,0.127967357635498,0.6641443967819214,0.6946318745613098,0.2981085777282715,0.7119704484939575,0.6915950775146484,0.2573619186878204,0.6691256761550903,0.7014313340187073,0.3202565908432007,0.7039404511451721,0.6967149972915649,0.286066323518753,0.6790984272956848,0.691670298576355,0.3250268101692199,0.6956413984298706,0.6901938319206238,0.2818593382835388,0.6804983019828796,0.688118040561676,0.3038750886917114,0.696299135684967,0.6873007416725159,0.2583552300930023,0.6679285764694214,0.7789896726608276,-0.0067398697137832,0.7221053242683411,0.77998286485672,0.0068470737896859,0.6464025378227234,0.9415658116340636,0.0061441999860107,0.7188472151756287,0.9459156394004822,0.0147307366132736,0.6233343482017517,1.0825284719467163,0.0151169691234827,0.7217703461647034,1.0980972051620483,0.0225156061351299,0.6214950680732727,1.1071611642837524,0.0156586039811372,0.7176077365875244,1.1234151124954224,0.0237894691526889,0.6093701720237732,1.1039584875106812,-0.0041839736513793,0.7325533628463745,1.120902180671692,-0.0024640602059662,13.205523490905762,neutro
1761586144.090425,0,0.6854044795036316,0.5230085253715515,0.2108846455812454,0.6826883554458618,0.5117062926292419,0.1773911565542221,0.6807363629341125,0.5114873051643372,0.1773464381694793,0.6786555051803589,0.5113096237182617,0.1772201955318451,0.6882758140563965,0.5110733509063721,0.1837717741727829,0.6901644468307495,0.5105846524238586,0.1837181746959686,0.6919743418693542,0.5101377367973328,0.183581918478012,0.6779407262802124,0.5149524211883545,0.066599003970623,0.696813702583313,0.5137462019920349,0.0957851707935333,0.6825584173202515,0.5309009552001953,0.1772104501724243,0.6884795427322388,0.5309208631515503,0.184948980808258,0.6529642343521118,0.5736545324325562,0.0255685802549123,0.7403350472450256,0.5784514546394348,0.0617954432964324,0.6464160084724426,0.6720846891403198,0.111891970038414,0.7447899580001831,0.6690465211868286,0.1346341669559478,0.6641536951065063,0.6718466281890869,0.3005265593528747,0.7061462998390198,0.6770582795143127,0.2629203796386719,0.6679866313934326,0.6729361414909363,0.3229236602783203,0.6987670660018921,0.6764284372329712,0.290553331375122,0.6780113577842712,0.662169337272644,0.3284920752048492,0.6906977295875549,0.6694244742393494,0.2860663533210754,0.6800447702407837,0.6612800359725952,0.3070024847984314,0.6915668249130249,0.6685243248939514,0.2638205587863922,0.668495774269104,0.7791841626167297,-0.0170904640108346,0.7220932245254517,0.7799760103225708,0.0171972960233688,0.6461344957351685,0.942067563533783,-0.0055496920831501,0.7182149291038513,0.945947289466858,0.0189675111323595,0.6260885000228882,1.088316559791565,0.0046648425050079,0.7213897109031677,1.0995631217956543,0.026147861033678,0.6268707513809204,1.1140247583389282,0.004820299334824,0.7176346778869629,1.1248499155044556,0.0279135014861822,0.6108242273330688,1.1095958948135376,-0.022123010829091,0.7275389432907104,1.122889757156372,-0.0036111995577812,13.25276231765747,neutro
1761586144.1375167,0,0.6844950318336487,0.5229254961013794,0.2160650044679641,0.6816208958625793,0.5116142630577087,0.1815160065889358,0.6797076463699341,0.5113985538482666,0.1814647763967514,0.6776746511459351,0.5112261176109314,0.1813316196203231,0.687260091304779,0.5110175013542175,0.1891157329082489,0.6892223954200745,0.5105578899383545,0.1890601515769958,0.691120445728302,0.5101070404052734,0.1889123618602752,0.6771568059921265,0.5149389505386353,0.0667940527200698,0.6961895823478699,0.5136633515357971,0.0977715998888015,0.6818071603775024,0.5309558510780334,0.1809168010950088,0.6877341866493225,0.530935525894165,0.1901308596134185,0.6543722748756409,0.5725627541542053,0.0184408240020275,0.7371494770050049,0.5784127116203308,0.0703078210353851,0.6521394848823547,0.6658907532691956,0.0550321154296398,0.7442439794540405,0.6662700772285461,0.1201166063547134,0.665981113910675,0.6598603129386902,0.1872467994689941,0.7068741917610168,0.6601610779762268,0.2216544449329376,0.6681240797042847,0.6586662530899048,0.2001607120037078,0.7002413272857666,0.65482097864151,0.242862194776535,0.678066611289978,0.6473041772842407,0.2118739187717437,0.6917939782142639,0.647426426410675,0.2415027320384979,0.6805299520492554,0.6476715803146362,0.1946415901184082,0.692123532295227,0.6485975384712219,0.2220055162906646,0.6688326001167297,0.7792614102363586,-0.0197572745382785,0.7220665216445923,0.7799683213233948,0.0198443382978439,0.6459174752235413,0.941872537136078,0.0044700563885271,0.7182027101516724,0.9459026455879213,0.0269163399934768,0.6260864734649658,1.087738871574402,0.0193194169551134,0.7214702367782593,1.100314974784851,0.0359262563288211,0.6271113753318787,1.113341212272644,0.0202489085495471,0.7190924882888794,1.125480890274048,0.0366617850959301,0.6096872091293335,1.1085680723190308,-0.0013777512358501,0.7261272668838501,1.1233240365982056,0.0016535138711333,13.299854040145874,neutro
1761586144.1847787,0,0.6830584406852722,0.5227056741714478,0.2209906280040741,0.6801599264144897,0.5112411975860596,0.185309812426567,0.6783165335655212,0.5111098885536194,0.1852559894323349,0.6763476133346558,0.5110438466072083,0.185125321149826,0.6858056783676147,0.5104774236679077,0.1940459758043289,0.6879010796546936,0.5099387764930725,0.1939934194087982,0.6899765729904175,0.5094574689865112,0.1938397586345672,0.6759259700775146,0.5148412585258484,0.0672554075717926,0.6956732869148254,0.5130314826965332,0.1017461270093917,0.6805852651596069,0.5309267044067383,0.1843302696943283,0.6864975690841675,0.5308845639228821,0.1950863301753997,0.6548094153404236,0.5724635720252991,0.0091367121785879,0.7343735694885254,0.5786986947059631,0.0792882293462753,0.6540059447288513,0.6673740148544312,0.037549190223217,0.7438125610351562,0.6657437682151794,0.1345206201076507,0.665913999080658,0.6603462100028992,0.1637547612190246,0.7090869545936584,0.6589607000350952,0.2430950701236724,0.6664704084396362,0.6589415073394775,0.1742302477359771,0.7025622129440308,0.6535400748252869,0.2652484178543091,0.676230251789093,0.6469390392303467,0.1868050396442413,0.6938552856445312,0.6458951234817505,0.2620023190975189,0.6792849898338318,0.6474393606185913,0.1713226288557052,0.6940162181854248,0.6472561955451965,0.2430901825428009,0.6688960790634155,0.7794106602668762,-0.0261987932026386,0.7220614552497864,0.7799664735794067,0.0262812729924917,0.6454861760139465,0.9419389963150024,0.0052829976193606,0.7175798416137695,0.9459506273269652,0.0343441180884838,0.6262116432189941,1.0902631282806396,0.021014429628849,0.7215529680252075,1.1019043922424316,0.0453250631690025,0.6281324028968811,1.1163784265518188,0.0219500996172428,0.7203308343887329,1.1273149251937866,0.0459981486201286,0.6083453893661499,1.1105384826660156,-0.0008618381107226,0.7241937518119812,1.1244981288909912,0.0066679208539426,13.347115993499756,neutro
1761586144.2316966,0,0.6801350116729736,0.5214731693267822,0.2189783155918121,0.677029013633728,0.5104569792747498,0.1814243048429489,0.6751501560211182,0.5104676485061646,0.1813720762729644,0.6731903553009033,0.5105319023132324,0.1812456548213958,0.6829662322998047,0.5092299580574036,0.1929449141025543,0.6853281855583191,0.5084705948829651,0.1928856968879699,0.6877452731132507,0.5077723264694214,0.1927148401737213,0.6727484464645386,0.5141393542289734,0.057417768985033,0.6940032243728638,0.5114837288856506,0.0985551998019218,0.6778129935264587,0.5303524732589722,0.1802118271589279,0.6839438676834106,0.5298081636428833,0.1944963186979293,0.6547185182571411,0.572468101978302,-0.0004010702832601,0.732967734336853,0.579063355922699,0.0730261728167533,0.6543779373168945,0.6652886271476746,0.0427803359925746,0.7367098927497864,0.6632241606712341,0.1289284974336624,0.6648222804069519,0.6555585265159607,0.1904585361480713,0.6986522078514099,0.6557967066764832,0.2409542798995971,0.6636559963226318,0.6527994871139526,0.2044601142406463,0.6913282871246338,0.6514980792999268,0.2637290358543396,0.6737538576126099,0.6413449048995972,0.2149936407804489,0.6839317083358765,0.6443997621536255,0.2610899806022644,0.6772950887680054,0.6424066424369812,0.1978905647993087,0.6841581463813782,0.6453863382339478,0.2414823770523071,0.6684128642082214,0.7797644734382629,-0.0263947360217571,0.7195940017700195,0.7803075313568115,0.0264656096696853,0.6452602744102478,0.941924512386322,0.0076043964363634,0.7159178853034973,0.9450984597206116,0.0400530956685543,0.626300573348999,1.0890179872512815,0.0246754921972751,0.7216042280197144,1.101843237876892,0.0553485825657844,0.6288904547691345,1.1149002313613892,0.0257618278264999,0.720687747001648,1.1268504858016968,0.0565172247588634,0.6078627109527588,1.1094202995300293,0.0039325500838458,0.7236690521240234,1.1228327751159668,0.0200264491140842,13.394033908843994,neutro
1761586144.2778368,0,0.6782901883125305,0.5192671418190002,0.2010993063449859,0.675374448299408,0.5078830122947693,0.1643087863922119,0.673580527305603,0.5080159902572632,0.1642758697271347,0.6716905832290649,0.5082449913024902,0.1641768813133239,0.6809644103050232,0.5065209269523621,0.1767762005329132,0.6832432150840759,0.5057225823402405,0.1767164170742035,0.6856433153152466,0.5049999356269836,0.17652627825737,0.6705509424209595,0.5120939016342163,0.0459612011909484,0.6916908621788025,0.5090957880020142,0.0979268178343772,0.6761938333511353,0.528798520565033,0.1650015413761139,0.681728720664978,0.528325080871582,0.1805800944566726,0.654644250869751,0.570175051689148,-0.0229447297751903,0.7286917567253113,0.5780940651893616,0.0786253437399864,0.6553208231925964,0.6632108688354492,-0.038466490805149,0.7352192997932434,0.6611689925193787,0.1242587715387344,0.6559640765190125,0.6507322192192078,0.0431472808122634,0.6954141855239868,0.6519444584846497,0.2241991460323333,0.6529906988143921,0.6475849747657776,0.0453512780368328,0.6881754398345947,0.6476802229881287,0.2452237159013748,0.6530555486679077,0.6359695792198181,0.0610252805054187,0.6810322999954224,0.6407890319824219,0.240984246134758,0.6664032340049744,0.6380149126052856,0.0509335473179817,0.6812058091163635,0.6423254013061523,0.2234068661928177,0.6684297323226929,0.7799065709114075,-0.0332713909447193,0.7182490229606628,0.7803879976272583,0.0333399809896945,0.6451957821846008,0.9418458938598632,0.0090853059664368,0.7136293649673462,0.9433701634407043,0.0513465702533721,0.6265808939933777,1.088232398033142,0.0279632546007633,0.7208046317100525,1.0999246835708618,0.0741743817925453,0.6300192475318909,1.1141561269760132,0.0298658944666385,0.7206679582595825,1.1258277893066406,0.0760587006807327,0.6065877676010132,1.1075221300125122,0.0067006289027631,0.7181097269058228,1.1179578304290771,0.0427085757255554,13.440174102783203,neutro
1761586144.3226802,0,0.6779472231864929,0.5164459943771362,0.2013662159442901,0.6747961044311523,0.5048024654388428,0.1667304784059524,0.6728471517562866,0.5051217079162598,0.1667107194662094,0.6707984805107117,0.5055505633354187,0.1666137278079986,0.6806407570838928,0.5033185482025146,0.1773435324430465,0.6829510927200317,0.5025861263275146,0.1772644519805908,0.6853915452957153,0.5019482970237732,0.177051693201065,0.6689056158065796,0.5102872848510742,0.0514348372817039,0.6915913224220276,0.5069498419761658,0.096540130674839,0.6755164265632629,0.5266842246055603,0.1673099845647812,0.6814035177230835,0.5261165499687195,0.1809419095516204,0.653174638748169,0.5694443583488464,-0.010821440257132,0.7285712957382202,0.5776283740997314,0.0742972046136856,0.654186487197876,0.6632739305496216,-0.0169307142496109,0.7363005876541138,0.6606953740119934,0.0983268469572067,0.6582626700401306,0.6486377716064453,0.071749672293663,0.6973351836204529,0.6511203050613403,0.1610861271619796,0.6535781025886536,0.6457661986351013,0.0762007758021354,0.6903020143508911,0.6481956243515015,0.1776244491338729,0.6578620076179504,0.6347360610961914,0.0899540036916732,0.6830824017524719,0.6410369277000427,0.1762658804655075,0.6680124998092651,0.6363099813461304,0.0788479596376419,0.6831484436988831,0.641853392124176,0.1607510596513748,0.6681268811225891,0.7799353003501892,-0.0288991220295429,0.717751145362854,0.7803853154182434,0.0289659239351749,0.6442514657974243,0.9415569305419922,0.0133668752387166,0.713144838809967,0.9422599077224731,0.0472183562815189,0.6260073184967041,1.0857611894607544,0.0350787714123725,0.7208741307258606,1.096402645111084,0.06665800511837,0.6298885941505432,1.112541913986206,0.0368197821080684,0.7210687398910522,1.1223673820495603,0.0684051290154457,0.6042889952659607,1.1019545793533323,0.012791721150279,0.7199779748916626,1.113503336906433,0.0361749231815338,13.485017538070679,neutro
1761586144.370601,0,0.6764255166053772,0.5159886479377747,0.2035251855850219,0.6733019351959229,0.5043497681617737,0.1674609333276748,0.6712726354598999,0.5046851634979248,0.1674285680055618,0.6691545248031616,0.5051242113113403,0.1673254817724228,0.6793709397315979,0.5028284788131714,0.1781024634838104,0.6817636489868164,0.5020977854728699,0.1780387461185455,0.6842808127403259,0.5014503598213196,0.177847608923912,0.6671682000160217,0.5098587870597839,0.0443071313202381,0.6907848119735718,0.5063368678092957,0.0953547284007072,0.6736100912094116,0.5263073444366455,0.1670393049716949,0.6796677112579346,0.5256197452545166,0.1807025820016861,0.6522014141082764,0.5692192912101746,-0.0166760869324207,0.72884202003479,0.577618420124054,0.0766569823026657,0.6533433198928833,0.6640442609786987,0.0132620660588145,0.736869215965271,0.6607645153999329,0.1416466832160949,0.6585710644721985,0.6474508047103882,0.1328180581331253,0.6962524056434631,0.6520432829856873,0.2694766819477081,0.655622124671936,0.6438090205192566,0.149475559592247,0.6894885897636414,0.6488097906112671,0.296142965555191,0.6585981249809265,0.6341184377670288,0.1576676219701767,0.682616114616394,0.6424821019172668,0.2928327620029449,0.6686683893203735,0.6359516382217407,0.1429043710231781,0.6825891137123108,0.6433149576187134,0.2703822553157806,0.6664614081382751,0.7802637219429016,-0.0298033505678176,0.7166324853897095,0.7805792093276978,0.0298359487205743,0.6427508592605591,0.94060081243515,0.0058840154670178,0.712516188621521,0.9406573176383972,0.0465681627392768,0.6248480677604675,1.0841774940490725,0.0165312308818101,0.7203384041786194,1.0961289405822754,0.0625529214739799,0.6297134757041931,1.1105637550354004,0.0174854956567287,0.7205885648727417,1.122217297554016,0.0614043101668357,0.6005892753601074,1.101037621498108,-0.0017579213017597,0.7189904451370239,1.1127067804336548,0.0289992950856685,13.532938241958618,neutro
1761586144.4178622,0,0.6752514243125916,0.5155596137046814,0.2045397311449051,0.6722416877746582,0.5039299130439758,0.1674971729516983,0.6702458262443542,0.5042869448661804,0.1674595028162002,0.6681583523750305,0.5047498941421509,0.1673522293567657,0.6782094836235046,0.5023645162582397,0.1783434450626373,0.6805685758590698,0.5016229748725891,0.178286999464035,0.6830524206161499,0.5009673237800598,0.1781054437160492,0.6660649180412292,0.5095793604850769,0.041840523481369,0.6895627975463867,0.5059028267860413,0.0940458104014396,0.6723037362098694,0.5259515643119812,0.1670310199260711,0.6781474351882935,0.5252605080604553,0.18070949614048,0.6516318917274475,0.5692781805992126,-0.0163408033549785,0.7287410497665405,0.5774714946746826,0.0769518762826919,0.652275800704956,0.6642475724220276,0.0169445909559726,0.736118733882904,0.6608180403709412,0.1493385881185531,0.6589958667755127,0.64714515209198,0.1884157955646515,0.6978718042373657,0.6512287855148315,0.2826886773109436,0.657361626625061,0.6441357135772705,0.205356478691101,0.6913374066352844,0.6474941968917847,0.3095858693122864,0.6620814800262451,0.634660542011261,0.2131420373916626,0.6843801736831665,0.6411691308021545,0.3061936497688293,0.6699978113174438,0.6362535357475281,0.1966190636157989,0.6843276619911194,0.6421458721160889,0.2837854921817779,0.665195107460022,0.7804133296012878,-0.0304009281098842,0.7155340909957886,0.7810369729995728,0.0304291043430566,0.6414448618888855,0.9403575658798218,0.0042383042164146,0.7120903134346008,0.940561056137085,0.0464616380631923,0.6236422061920166,1.0841249227523804,0.0155974924564361,0.7198430895805359,1.096088171005249,0.0609694793820381,0.6294665336608887,1.1104485988616943,0.0166015401482582,0.7199968099594116,1.1224035024642944,0.0611208975315094,0.5981900691986084,1.1010377407073977,-0.0022705630399286,0.7180198431015015,1.1126041412353516,0.0277060158550739,13.580199480056763,neutro
1761586144.4630065,0,0.6745635271072388,0.5146841406822205,0.2186472862958908,0.6714242696762085,0.5030529499053955,0.1802857816219329,0.6694009304046631,0.5034533143043518,0.1802654564380645,0.6672801375389099,0.5039593577384949,0.1801564246416092,0.6774980425834656,0.5014506578445435,0.1903076469898224,0.6799054741859436,0.5007143616676331,0.1902607381343841,0.6824454069137573,0.5000651478767395,0.190094843506813,0.6649123430252075,0.5090501308441162,0.0479463264346122,0.688956618309021,0.5051302909851074,0.096279464662075,0.6714767217636108,0.5252968072891235,0.1788605749607086,0.6774770617485046,0.5246049761772156,0.1912414729595184,0.6493406891822815,0.5702457427978516,0.0006193954613991,0.7291567921638489,0.5774469375610352,0.0754410400986671,0.6496694087982178,0.6645352244377136,0.0870803073048591,0.7367172241210938,0.6615956425666809,0.1662770211696624,0.6614662408828735,0.6496572494506836,0.2802765965461731,0.6996074318885803,0.6529363393783569,0.3355392813682556,0.6609688997268677,0.6473449468612671,0.3041386306285858,0.692606508731842,0.6497916579246521,0.3686769604682922,0.669594407081604,0.6376082897186279,0.311512291431427,0.6857821345329285,0.6432847380638123,0.3661947548389435,0.6746803522109985,0.6387646198272705,0.2882268726825714,0.6859058737754822,0.6438932418823242,0.3382004201412201,0.6633327603340149,0.7804533243179321,-0.0291832201182842,0.7148574590682983,0.7813618183135986,0.0291970819234848,0.6405839920043945,0.9404232501983644,0.0072214230895042,0.7115789651870728,0.9406835436820984,0.0425462946295738,0.6224501729011536,1.084055781364441,0.0184653140604496,0.7180675268173218,1.0973442792892456,0.0479971803724765,0.6279542446136475,1.1103118658065796,0.0196493305265903,0.7167642116546631,1.1244690418243408,0.0482066646218299,0.5984253287315369,1.101009726524353,-0.0010543031385168,0.7178779244422913,1.1128344535827637,0.0169860441237688,13.625343799591064,neutro
1761586144.5102866,0,0.6736150979995728,0.5140631794929504,0.2179344594478607,0.6705669164657593,0.5022101998329163,0.1799937784671783,0.668584406375885,0.5026410222053528,0.1799709051847458,0.6664776802062988,0.5031861662864685,0.1798588335514068,0.6764880418777466,0.500669002532959,0.1896962374448776,0.6788370013237,0.5000000596046448,0.1896533966064453,0.6813088059425354,0.4994300901889801,0.1894927769899368,0.6639221906661987,0.5085230469703674,0.0496641620993614,0.6878107190132141,0.5047469735145569,0.0956247746944427,0.6705157160758972,0.5248591899871826,0.1786131709814071,0.6763247847557068,0.5241967439651489,0.1905957013368606,0.6461010575294495,0.5702193379402161,0.0021517383866012,0.7293577194213867,0.5773537158966064,0.0749828070402145,0.6466352939605713,0.6648105382919312,0.0892606079578399,0.7359387874603271,0.6632123589515686,0.1516118794679641,0.663591742515564,0.652001678943634,0.2832641005516052,0.7007831335067749,0.653512179851532,0.2986288368701935,0.6645509004592896,0.6503672003746033,0.3077558875083923,0.6940456032752991,0.6499701738357544,0.3287727236747741,0.67454993724823,0.640469491481781,0.3148749470710754,0.6870424747467041,0.6436625123023987,0.3259437382221222,0.6779662370681763,0.6413794159889221,0.2910588085651397,0.6871172785758972,0.6443350315093994,0.3004617094993591,0.661378026008606,0.7807448506355286,-0.0281373765319585,0.7138728499412537,0.7817332148551941,0.028147229924798,0.6399809122085571,0.9406726360321044,0.0075226761400699,0.7111178636550903,0.9407719969749452,0.04191305488348,0.6217626929283142,1.0835193395614624,0.0201847944408655,0.7176030874252319,1.0971916913986206,0.0444994047284126,0.6269043684005737,1.1097393035888672,0.0211907662451267,0.7161089181900024,1.1243534088134766,0.0447481423616409,0.5987634658813477,1.100592017173767,0.0012581977061927,0.7181255221366882,1.1125808954238892,0.0151084158569574,13.672623872756958,neutro
1761586144.5573018,0,0.6727976202964783,0.5139227509498596,0.2146812230348587,0.6696525812149048,0.5020341873168945,0.1765914112329483,0.6676319241523743,0.5024593472480774,0.1765612959861755,0.6654711961746216,0.5029956102371216,0.1764408946037292,0.6756365895271301,0.5005491971969604,0.185710608959198,0.6779845952987671,0.4999168217182159,0.1856754422187805,0.6804417371749878,0.4993834197521209,0.1855210810899734,0.6626273393630981,0.5083752870559692,0.0498607344925403,0.6868373155593872,0.5047058463096619,0.0912125185132026,0.6695998907089233,0.5247078537940979,0.1763667464256286,0.6753991842269897,0.524102509021759,0.1877762973308563,0.6436130404472351,0.5697870254516602,0.0028195702470839,0.7290123701095581,0.5772801637649536,0.0681461542844772,0.6426137685775757,0.6649557948112488,0.0924478322267532,0.7360068559646606,0.6661936640739441,0.1452886909246444,0.6634283661842346,0.6606816649436951,0.2866063714027405,0.701180100440979,0.6641574501991272,0.2880812883377075,0.6646028757095337,0.664318323135376,0.3109421133995056,0.6941958069801331,0.6662943959236145,0.3182239234447479,0.6746114492416382,0.6543263792991638,0.3171427845954895,0.6873159408569336,0.6595336198806763,0.3150459825992584,0.6779369711875916,0.6528388857841492,0.2939359545707702,0.6873227953910828,0.657932698726654,0.2898160219192505,0.6604009866714478,0.780741810798645,-0.0269342027604579,0.7134984731674194,0.7817337512969971,0.0269344039261341,0.6394826173782349,0.940886914730072,0.0081938244402408,0.710747241973877,0.9408085346221924,0.0418670140206813,0.6205111742019653,1.0833401679992676,0.0204199496656656,0.7173614501953125,1.0970306396484375,0.0447229593992233,0.6249769926071167,1.1094894409179688,0.0214217342436313,0.7157893180847168,1.1242330074310305,0.0450919792056083,0.5982319712638855,1.1005632877349854,0.005253495182842,0.7181538939476013,1.11249577999115,0.0180865507572889,13.71963906288147,neutro
1761586144.604334,0,0.6706545352935791,0.5141940712928772,0.2105655372142791,0.6676186323165894,0.5020596385002136,0.1739989668130874,0.6658315658569336,0.502518355846405,0.1739671230316162,0.6638780236244202,0.5030591487884521,0.1738380342721939,0.6727989912033081,0.5007691979408264,0.1828719079494476,0.674877405166626,0.5001811981201172,0.1828735172748565,0.6770531535148621,0.4996919333934784,0.182757019996643,0.6610682606697083,0.5084095001220703,0.0505375787615776,0.6826171875,0.5049319267272949,0.0911549627780914,0.667919397354126,0.5248348116874695,0.1744871884584427,0.6730170249938965,0.5244797468185425,0.1860266178846359,0.6388340592384338,0.5695721507072449,-0.0002400532539468,0.7291057705879211,0.5775217413902283,0.061093233525753,0.6274577379226685,0.6745561361312866,0.049570046365261,0.7387049198150635,0.6768087148666382,0.0902376696467399,0.6585382223129272,0.7110098600387573,0.1822362542152404,0.7141551971435547,0.7342640161514282,0.140855073928833,0.6641013026237488,0.7219156622886658,0.1917848587036132,0.7087870240211487,0.7517993450164795,0.1556909680366516,0.6744412779808044,0.7135767340660095,0.1964686959981918,0.7021910548210144,0.7469021081924438,0.1520533859729766,0.6759791374206543,0.708279013633728,0.1861132830381393,0.7021524310112,0.7392129898071289,0.1400864720344543,0.6597768664360046,0.7803407907485962,-0.0261185709387063,0.7127188444137573,0.7815744876861572,0.02616548538208,0.6392093896865845,0.9406682252883912,0.0117946723476052,0.7102116346359253,0.940277338027954,0.0589358285069465,0.6177805066108704,1.0816121101379397,0.0524810925126075,0.715522289276123,1.092916488647461,0.0935107767581939,0.6213115453720093,1.1074483394622805,0.0560709238052368,0.7141476273536682,1.118926167488098,0.0975846126675605,0.5959860682487488,1.0980950593948364,0.0398130975663661,0.7152445912361145,1.1079798936843872,0.0757318958640098,13.766671419143677,neutro
1761586144.6508129,0,0.6715028882026672,0.5144622325897217,0.194860890507698,0.668418288230896,0.5021688342094421,0.1606647819280624,0.6665907502174377,0.5025824308395386,0.1606256514787674,0.6646072268486023,0.5030938982963562,0.1604895889759063,0.6735824346542358,0.5010036826133728,0.1667960584163665,0.6755155920982361,0.5004355907440186,0.1668207943439483,0.6774998903274536,0.4999628365039825,0.1667317748069763,0.6618120074272156,0.5086261034011841,0.0482862815260887,0.6821343898773193,0.505352258682251,0.0768088847398758,0.6686504483222961,0.5251201391220093,0.1627269685268402,0.6740015745162964,0.5249109864234924,0.1708689928054809,0.6368481516838074,0.5696008801460266,-0.000161412928719,0.7283878326416016,0.5765742063522339,0.0406885556876659,0.6211625337600708,0.677819550037384,0.0637950450181961,0.7388620376586914,0.6777259111404419,0.0644496530294418,0.6586849689483643,0.7044159770011902,0.2249134480953216,0.7149142622947693,0.7317997813224792,0.1184262484312057,0.6651663780212402,0.711216926574707,0.2396540641784668,0.7095809578895569,0.7473093271255493,0.1348470151424408,0.676057755947113,0.7019845247268677,0.2430596053600311,0.7029189467430115,0.7418063282966614,0.1323128789663314,0.6763266324996948,0.6983291506767273,0.2290716171264648,0.7031236886978149,0.7350254654884338,0.1183700412511825,0.6600550413131714,0.7799673080444336,-0.0189448036253452,0.7117394208908081,0.7802177667617798,0.0191097073256969,0.6393038034439087,0.9400572180747986,0.0118204727768898,0.7091250419616699,0.9389392733573914,0.0566726997494697,0.6140679121017456,1.077248215675354,0.0470398664474487,0.7132013440132141,1.0879911184310913,0.0772249773144722,0.615032970905304,1.1023962497711182,0.0497110337018966,0.7111387252807617,1.1130791902542114,0.0798421502113342,0.5950376391410828,1.0939420461654663,0.0327006205916404,0.7156360149383545,1.1039507389068604,0.0552907362580299,13.81315016746521,neutro
1761586144.6970563,0,0.6720521450042725,0.5139206647872925,0.1948596239089965,0.6688836812973022,0.5013636946678162,0.1615345180034637,0.6669804453849792,0.5017634034156799,0.1614912152290344,0.6649147272109985,0.5022855401039124,0.1613550186157226,0.6742047071456909,0.5002530813217163,0.1671445071697235,0.6761642098426819,0.4997167289257049,0.167176753282547,0.6781495809555054,0.4992721676826477,0.1670930534601211,0.6616738438606262,0.5085302591323853,0.0489300079643726,0.6828538179397583,0.5052379369735718,0.075094036757946,0.669174313545227,0.5248771905899048,0.1622622907161712,0.6745089292526245,0.5247145891189575,0.1696288138628006,0.6350703835487366,0.5697997808456421,-0.0001700625580269,0.727925717830658,0.5759063363075256,0.0333194322884082,0.6196430921554565,0.6790998578071594,0.0349850095808506,0.7391415238380432,0.6777799129486084,0.0286072194576263,0.6585466265678406,0.703840434551239,0.13994862139225,0.723664402961731,0.7408227920532227,0.0429725646972656,0.6645624041557312,0.7142828106880188,0.146690085530281,0.7238034009933472,0.7656128406524658,0.0522013120353221,0.6756701469421387,0.7060197591781616,0.1506357342004776,0.7129080295562744,0.7681723833084106,0.0519638732075691,0.6753434538841248,0.7018178701400757,0.1429592370986938,0.7113505005836487,0.7597234845161438,0.0430636368691921,0.6599000096321106,0.7785900235176086,-0.0147344814613461,0.7112969160079956,0.7784008383750916,0.0149602200835943,0.6391245126724243,0.9382821917533876,0.013888694345951,0.709081768989563,0.9377844333648682,0.0529274344444274,0.6118627786636353,1.0715484619140625,0.0493358448147773,0.7129799127578735,1.0834025144577026,0.0723659917712211,0.6120740175247192,1.097009778022766,0.0517441146075725,0.7105222940444946,1.1087263822555542,0.0749757885932922,0.5947974324226379,1.0856150388717651,0.0342831015586853,0.7160056233406067,1.0980454683303833,0.0511745028197765,13.85939359664917,neutro
1761586144.7438178,0,0.6723253130912781,0.5139802694320679,0.1973582506179809,0.6688768863677979,0.5014668107032776,0.1633287370204925,0.666828989982605,0.5018448829650879,0.163288339972496,0.6646325588226318,0.50234454870224,0.163156509399414,0.6745398044586182,0.5003558397293091,0.1693345308303833,0.6765918135643005,0.4998154044151306,0.1693592816591262,0.6786678433418274,0.4993669092655182,0.1692657768726349,0.6612240076065063,0.5085729956626892,0.0521202310919761,0.6835687160491943,0.5052546858787537,0.0743500441312789,0.6692918539047241,0.5248942971229553,0.1638568788766861,0.674964427947998,0.5247312188148499,0.1713669002056121,0.6338998079299927,0.5701028108596802,0.0046182493679225,0.728105902671814,0.5758541822433472,0.0264919195324182,0.6175305843353271,0.6811608076095581,0.0306844320148229,0.7393709421157837,0.6775389313697815,0.0175367500633001,0.6547669172286987,0.7117516398429871,0.1131417900323867,0.7307789325714111,0.7476436495780945,0.030428072437644,0.6622089147567749,0.7223435044288635,0.1175018772482872,0.7311479449272156,0.7762267589569092,0.0371294245123863,0.673544704914093,0.7150598168373108,0.1202198266983032,0.7262243628501892,0.7710628509521484,0.0375175550580024,0.67298424243927,0.7100894451141357,0.1150538176298141,0.7234989404678345,0.7611380815505981,0.0308370497077703,0.6595613956451416,0.7771684527397156,-0.0108059430494904,0.7110577821731567,0.7772741317749023,0.011036760173738,0.6391602754592896,0.9377959966659546,0.0147439809516072,0.709177553653717,0.9376253485679626,0.0495765171945095,0.6126981973648071,1.0715844631195068,0.0494958572089672,0.7136244177818298,1.083958864212036,0.0693363547325134,0.6133698225021362,1.0970839262008667,0.0516012720763683,0.7107959985733032,1.1094110012054443,0.0717310085892677,0.5953340530395508,1.0861254930496216,0.0311247296631336,0.7180440425872803,1.098995566368103,0.0474879220128059,13.906155109405518,neutro
1761586144.7900178,0,0.672446608543396,0.5140158534049988,0.1719586849212646,0.6687870025634766,0.5014937520027161,0.1397224813699722,0.6666696667671204,0.501867949962616,0.1397003233432769,0.6644042730331421,0.5023651123046875,0.1395793110132217,0.6745981574058533,0.5004019141197205,0.1428440511226654,0.6766647696495056,0.4998717904090881,0.1428892016410827,0.6787399053573608,0.4994323551654815,0.1427979916334152,0.6609745621681213,0.5086658596992493,0.0363672338426113,0.6834255456924438,0.5052780508995056,0.0501614920794963,0.6691929697990417,0.5249086022377014,0.1423833668231964,0.6751550436019897,0.5247408151626587,0.1469325274229049,0.6328163146972656,0.5703962445259094,0.004656792152673,0.7270569801330566,0.5747581720352173,0.000990635016933,0.615292489528656,0.6805416941642761,0.0541604757308959,0.7430465817451477,0.6769899129867554,0.0125984642654657,0.6547302007675171,0.7122161984443665,0.1533199548721313,0.7482831478118896,0.7546496987342834,0.0560882799327373,0.6623283624649048,0.7217718362808228,0.1641698032617569,0.7540358901023865,0.7807533740997314,0.0660135820508003,0.67365562915802,0.71539306640625,0.1711922585964203,0.7463228702545166,0.7750954031944275,0.0663805082440376,0.6730582118034363,0.7110418081283569,0.1591813713312149,0.7416623830795288,0.765746533870697,0.0581064634025096,0.6592655777931213,0.7757191061973572,-0.0035957370419055,0.7101081013679504,0.7757399678230286,0.0037521577905863,0.6391972303390503,0.9355364441871644,0.0230683721601963,0.7088696360588074,0.9363377690315248,0.046484638005495,0.6131794452667236,1.06998872756958,0.057393092662096,0.7152555584907532,1.082973837852478,0.0677762404084205,0.613528847694397,1.0957324504852295,0.0594668872654438,0.7121372222900391,1.108618140220642,0.0700504705309867,0.5968590974807739,1.0846468210220337,0.0383570566773414,0.7231101393699646,1.0975792407989502,0.0451695919036865,13.952355146408081,neutro
1761586144.8357153,0,0.6719377636909485,0.5140420198440552,0.1812848299741745,0.6679674386978149,0.5015206933021545,0.1478719562292099,0.6657907962799072,0.5018904209136963,0.1478471457958221,0.6634854078292847,0.5023950934410095,0.1477271765470504,0.6741000413894653,0.5004366636276245,0.1521816551685333,0.6762925982475281,0.4998933970928192,0.152215301990509,0.6784695386886597,0.4994744658470154,0.1521187275648117,0.6601766347885132,0.5086808800697327,0.0387165509164333,0.6834573745727539,0.5053225159645081,0.0570359751582145,0.668570876121521,0.5249205827713013,0.1493380218744278,0.6749346256256104,0.524753749370575,0.1552821695804596,0.6317859888076782,0.5706678628921509,0.0051988204941153,0.7271454334259033,0.573955237865448,0.0093593504279851,0.6155562996864319,0.6803042888641357,0.0553834959864616,0.7456009387969971,0.67728191614151,0.0220963787287473,0.6509736776351929,0.7118952870368958,0.1586605459451675,0.7516422867774963,0.759670615196228,0.0605673380196094,0.6591196060180664,0.7219184041023254,0.1683187484741211,0.7553055286407471,0.7836737036705017,0.0693767219781875,0.6697688102722168,0.7158193588256836,0.169368639588356,0.7498295903205872,0.7792225480079651,0.0690517053008079,0.6688758134841919,0.7112610340118408,0.1614488065242767,0.7446309328079224,0.7704223394393921,0.0620211251080036,0.6585887670516968,0.775334358215332,-0.0039385505951941,0.7094166278839111,0.775490939617157,0.004090609960258,0.6391026973724365,0.9352128505706788,0.0234904624521732,0.7088517546653748,0.9364529252052308,0.0449239239096641,0.6127312779426575,1.0702284574508667,0.0590283870697021,0.7153996825218201,1.0835590362548828,0.0670663267374038,0.6128526926040649,1.0958954095840454,0.0613081939518451,0.7122451663017273,1.109223484992981,0.0696997046470642,0.5970454216003418,1.0853675603866575,0.0390446186065673,0.723563015460968,1.0984660387039185,0.0438225343823432,13.998052597045898,neutro
1761586144.8856597,0,0.6717216372489929,0.514079749584198,0.1835199445486068,0.6675289869308472,0.501547634601593,0.1493702083826065,0.6653223633766174,0.5019105672836304,0.1493486613035202,0.6629892587661743,0.5024091005325317,0.1492323577404022,0.6738252639770508,0.5004857778549194,0.1542648375034332,0.6760523915290833,0.4999481737613678,0.1542992293834686,0.6782432794570923,0.4995312988758087,0.1542063355445861,0.6598068475723267,0.5087956190109253,0.0369739159941673,0.6833183169364929,0.5053485631942749,0.0587840862572193,0.6682793498039246,0.5249287486076355,0.1505740582942962,0.6748754382133484,0.5247483253479004,0.1573624461889267,0.6314836740493774,0.5707829594612122,0.0039689973928034,0.727249264717102,0.5735548734664917,0.0112447515130043,0.6155536770820618,0.6802853345870972,0.0554670803248882,0.7484169006347656,0.6769813895225525,0.0258237086236476,0.6484549641609192,0.7157971858978271,0.1616639643907547,0.7564252614974976,0.7601140737533569,0.0664905682206153,0.656575620174408,0.726696252822876,0.1711647063493728,0.7608625292778015,0.7839784622192383,0.0760910287499427,0.6664499044418335,0.7210291028022766,0.1720317304134369,0.7525100111961365,0.7778911590576172,0.0747009664773941,0.6654228568077087,0.7160643339157104,0.1643156111240387,0.7471097707748413,0.7689105272293091,0.0676325857639312,0.6586350202560425,0.7751806974411011,-0.0054775420576334,0.7092763185501099,0.7746270895004272,0.0056210504844784,0.6393989324569702,0.9352954626083374,0.0226932130753994,0.7088680863380432,0.9365084767341614,0.0462837293744087,0.612990140914917,1.0705113410949707,0.058049701154232,0.7159185409545898,1.0837639570236206,0.0769032910466194,0.6133353114128113,1.0963478088378906,0.0604978390038013,0.7127435803413391,1.1094374656677246,0.0806866735219955,0.5999658107757568,1.0854657888412476,0.0368763916194438,0.7247645854949951,1.0986913442611694,0.0524356067180633,14.047996997833252,neutro
1761586144.9334474,0,0.6716476678848267,0.5139819979667664,0.1763104498386383,0.6673396825790405,0.5015755891799927,0.1429180651903152,0.6650882363319397,0.5019224286079407,0.1429014652967453,0.662728488445282,0.5023980736732483,0.1427883207798004,0.6737755537033081,0.5005007982254028,0.1476611644029617,0.6760136485099792,0.4999590814113617,0.1477083265781402,0.6782108545303345,0.4995303452014923,0.1476221978664398,0.6595544815063477,0.5088139772415161,0.0328902974724769,0.683394193649292,0.5053359866142273,0.0547419860959053,0.6680565476417542,0.5247894525527954,0.1442141830921173,0.6748809814453125,0.524565577507019,0.1509620994329452,0.6310153603553772,0.5712871551513672,0.0038344513159245,0.7271731495857239,0.5720803737640381,0.0035394933074712,0.6154992580413818,0.6801481246948242,0.0618595406413078,0.7513356804847717,0.6769320964813232,0.0138145983219146,0.6495234966278076,0.7114107012748718,0.1645008623600006,0.7635111808776855,0.7638399600982666,0.048636607825756,0.6562639474868774,0.724479615688324,0.1746120601892471,0.7682899236679077,0.7875794172286987,0.0569524988532066,0.6659365296363831,0.7189808487892151,0.1796383261680603,0.7635984420776367,0.7838819622993469,0.0564715862274169,0.6647475957870483,0.7144312262535095,0.1693378537893295,0.7578313946723938,0.7766729593276978,0.0503616146743297,0.6587061882019043,0.7750527262687683,-0.0039535341784358,0.7093052864074707,0.7741354703903198,0.0040827156044542,0.6394004225730896,0.9352027773857116,0.0227603111416101,0.7087616920471191,0.9366004467010498,0.0459866113960742,0.6133022308349609,1.0708765983581543,0.0578225739300251,0.7162925004959106,1.0826117992401123,0.0742359384894371,0.6134942173957825,1.0967202186584473,0.0600600019097328,0.7129982709884644,1.108220458030701,0.0777321383357048,0.6008347272872925,1.0859431028366089,0.03703074157238,0.7260112762451172,1.0972522497177124,0.0507791712880134,14.095784664154053,neutro
1761586144.9790354,0,0.6712711453437805,0.5137685537338257,0.1620207726955413,0.6669312715530396,0.5014263391494751,0.1297267973423004,0.6646058559417725,0.5017581582069397,0.12971131503582,0.6621899008750916,0.502205491065979,0.1295877695083618,0.6735448241233826,0.5003265142440796,0.1344105303287506,0.6758033037185669,0.4997643530368805,0.1344834566116333,0.6780152320861816,0.4993000626564026,0.1344135254621505,0.6589475870132446,0.5087193250656128,0.0244749579578638,0.6833945512771606,0.5051091313362122,0.0464658103883266,0.6674566268920898,0.5244594216346741,0.1317250579595565,0.6745815873146057,0.5243011713027954,0.1385214775800705,0.6304975152015686,0.5730436444282532,0.0027434637304395,0.7272115349769592,0.5718812346458435,-0.0069878697395324,0.6143930554389954,0.6815109848976135,0.0660223811864852,0.7538542151451111,0.677679181098938,-0.0013159527443349,0.6493591666221619,0.711841344833374,0.171489804983139,0.7721048593521118,0.7681843638420105,0.0297366417944431,0.6567741632461548,0.7224382758140564,0.1846251934766769,0.7776373624801636,0.7926729917526245,0.037428580224514,0.666508138179779,0.7167399525642395,0.1804700344800949,0.7733936309814453,0.7903754711151123,0.0382574573159217,0.6655449867248535,0.7125870585441589,0.1734781563282013,0.7677280306816101,0.7829762101173401,0.0320447199046611,0.6587671637535095,0.7751940488815308,-0.0006345179863274,0.7093815207481384,0.7742316722869873,0.0007725280011072,0.6393853425979614,0.9353403449058532,0.0310356821864843,0.7088671922683716,0.937846541404724,0.0472095534205436,0.6134347915649414,1.0706123113632202,0.0719166249036789,0.7170461416244507,1.0817549228668213,0.0766956955194473,0.6136825680732727,1.096674561500549,0.0747162029147148,0.7134751081466675,1.1075952053070068,0.0807264968752861,0.6027864217758179,1.0841184854507446,0.0557238645851612,0.7279694676399231,1.0945793390274048,0.0580166354775428,14.141372680664062,neutro
1761586145.026319,0,0.6712347269058228,0.5136769413948059,0.1593804061412811,0.6668791174888611,0.5013415813446045,0.1275254935026168,0.6645082831382751,0.5016545653343201,0.1275118887424469,0.6620600819587708,0.5020710825920105,0.1273911893367767,0.673577606678009,0.5002555251121521,0.1320759505033493,0.6758385896682739,0.4996980428695678,0.1321429908275604,0.6780601143836975,0.4992322623729706,0.1320728063583374,0.6587383151054382,0.5086737871170044,0.0236537642776966,0.6834901571273804,0.505038321018219,0.045109674334526,0.667276918888092,0.5243411660194397,0.1294527947902679,0.6745656728744507,0.5242087244987488,0.1360653489828109,0.6302658319473267,0.5736631155014038,0.002206017030403,0.727253794670105,0.5712741017341614,-0.0076127001084387,0.6127427816390991,0.6817438006401062,0.070876158773899,0.7542352080345154,0.6775715351104736,0.0020328403916209,0.6498507261276245,0.7101754546165466,0.1867447942495346,0.7723023295402527,0.7675307989120483,0.0402665846049785,0.6568857431411743,0.7204322218894958,0.2009046822786331,0.7783728241920471,0.7924652099609375,0.0493269562721252,0.6666675806045532,0.7146919965744019,0.1961491256952285,0.7741343975067139,0.7898560166358948,0.0498600341379642,0.6654755473136902,0.7107660174369812,0.1883377432823181,0.7671376466751099,0.7815731167793274,0.0427049472928047,0.6588004231452942,0.7752891778945923,0.0004768245271407,0.7094358205795288,0.7742586135864258,-0.0003376099630258,0.6393567323684692,0.9353799819946288,0.0305276308208704,0.7088765501976013,0.9383088946342468,0.047059491276741,0.613619327545166,1.070687174797058,0.068729780614376,0.718104898929596,1.0815194845199585,0.0750725716352462,0.6137129068374634,1.096831440925598,0.0712980329990387,0.7145155668258667,1.1074779033660889,0.0787441581487655,0.6033164262771606,1.0838682651519775,0.0523058772087097,0.7297441959381104,1.0940260887145996,0.055466491729021,14.188656330108643,neutro
1761586145.0745788,0,0.6712852120399475,0.5136727690696716,0.163489356637001,0.6669602990150452,0.501322865486145,0.1316311806440353,0.6645851731300354,0.5016224384307861,0.1316126435995102,0.6621236801147461,0.5020216703414917,0.1314917951822281,0.6735901832580566,0.5002620816230774,0.1361053884029388,0.6758543252944946,0.4997124671936035,0.1361706107854843,0.678083062171936,0.4992499947547912,0.1360990703105926,0.6587587594985962,0.5086802244186401,0.0268533919006586,0.6835403442382812,0.5050500631332397,0.0482653751969337,0.6673084497451782,0.5243129730224609,0.1332798302173614,0.6746074557304382,0.5241956114768982,0.1398020386695861,0.6299680471420288,0.5740178823471069,0.0057000080123543,0.7271221876144409,0.5707292556762695,-0.0068599977530539,0.6122239232063293,0.6817255616188049,0.080525666475296,0.7546936273574829,0.677632212638855,0.0020130588673055,0.6500064730644226,0.7075480222702026,0.2003118097782135,0.7725481986999512,0.7701265215873718,0.039527777582407,0.6571230292320251,0.719337522983551,0.2157982587814331,0.778064489364624,0.7953776717185974,0.0479761287569999,0.6669303178787231,0.7130993604660034,0.2108623087406158,0.7732259035110474,0.7940391898155212,0.0493224486708641,0.6657592058181763,0.709247350692749,0.2017286717891693,0.767412006855011,0.7858631014823914,0.0422781445086002,0.6588414907455444,0.7756330370903015,0.0031301591079682,0.7094317078590393,0.7742933630943298,-0.0029824192170053,0.6393279433250427,0.9355850219726562,0.0294554438441991,0.7089073061943054,0.9390772581100464,0.0414612330496311,0.6133438348770142,1.070836305618286,0.0656139403581619,0.7187970280647278,1.081762433052063,0.0639290437102317,0.6126174330711365,1.0972870588302612,0.0679841861128807,0.7151039838790894,1.1077885627746582,0.067338690161705,0.6033117771148682,1.0842556953430176,0.0489279180765152,0.7319209575653076,1.0941427946090698,0.0454583503305912,14.236916065216064,neutro
1761586145.1193874,0,0.6713190078735352,0.5136806964874268,0.1585666090250015,0.6669760346412659,0.5013333559036255,0.1267304718494415,0.6645479202270508,0.5016299486160278,0.1267158091068267,0.6620470285415649,0.5020275712013245,0.1265929043292999,0.6736377477645874,0.5002706050872803,0.1316686272621154,0.6758863925933838,0.4997264146804809,0.1317303627729416,0.6781126260757446,0.4992670714855194,0.1316615492105484,0.6586413383483887,0.5087411999702454,0.0225647650659084,0.6837149858474731,0.5050857067108154,0.045657929033041,0.66722172498703,0.5243415236473083,0.1284064501523971,0.6746503710746765,0.5242152214050293,0.1355029642581939,0.6297351717948914,0.5747966170310974,-0.0006088977097533,0.7271624207496643,0.5707771182060242,-0.0051749632693827,0.6123533248901367,0.6830989122390747,0.0764547288417816,0.7547451257705688,0.6777487993240356,0.0053677251562476,0.6503094434738159,0.7051929235458374,0.2027005702257156,0.7709380388259888,0.7706753611564636,0.0403014793992042,0.6571749448776245,0.7176007628440857,0.2178028374910354,0.7765876054763794,0.7958810925483704,0.0495609678328037,0.6671021580696106,0.7116057276725769,0.2146218121051788,0.7710331678390503,0.7940064072608948,0.0496822260320186,0.6658960580825806,0.7081925868988037,0.2048076093196869,0.7642303109169006,0.7852494120597839,0.0425267033278942,0.6588679552078247,0.7763532400131226,0.0025368907954543,0.7097804546356201,0.7743516564369202,-0.0023525194264948,0.6393317580223083,0.9363419413566588,0.0260029789060354,0.7092145681381226,0.940443992614746,0.045744139701128,0.61393141746521,1.0713272094726562,0.0611182563006877,0.719730794429779,1.0816484689712524,0.0690866261720657,0.6131855845451355,1.0979315042495728,0.0634123533964157,0.7165049314498901,1.107635736465454,0.0726242363452911,0.603448748588562,1.084425687789917,0.0453420989215374,0.7316202521324158,1.094219446182251,0.052406758069992,14.281724691390991,neutro
1761586145.1686504,0,0.6713408827781677,0.514296293258667,0.1582855433225631,0.6670196056365967,0.5020491480827332,0.1261666715145111,0.664584755897522,0.5022932887077332,0.1261489242315292,0.6620677709579468,0.5026423335075378,0.1260262876749038,0.6737078428268433,0.5010614991188049,0.1307448297739029,0.6759742498397827,0.5005040764808655,0.1307976394891739,0.6782463192939758,0.5000184178352356,0.1307209879159927,0.6586850881576538,0.5092039704322815,0.0208729598671197,0.6840423941612244,0.5055543780326843,0.0421871580183506,0.6672660708427429,0.5248358845710754,0.1277029812335968,0.6747592687606812,0.5247192978858948,0.1342822015285492,0.629762589931488,0.5755862593650818,-0.0047938502393662,0.7279914617538452,0.5710312724113464,-0.0056609576568007,0.6127570271492004,0.68427973985672,0.0707433968782424,0.7543289661407471,0.6779391169548035,0.0060267257504165,0.6506392359733582,0.7071580290794373,0.1944721192121505,0.7679552435874939,0.7710851430892944,0.0409408584237098,0.6572863459587097,0.7178428173065186,0.2084532976150512,0.7745075821876526,0.7961488962173462,0.0503059327602386,0.6671832799911499,0.7118864059448242,0.2051182240247726,0.7677888870239258,0.7919558882713318,0.0500256642699241,0.6660606265068054,0.7083232402801514,0.1963619291782379,0.7615906000137329,0.7834608554840088,0.0428715609014034,0.6590564250946045,0.7768850922584534,0.0019958387129008,0.7113385796546936,0.7743849158287048,-0.001832857960835,0.6393802762031555,0.9363538026809692,0.0278305504471063,0.7096765041351318,0.940576434135437,0.0502789132297039,0.6140300035476685,1.0710684061050415,0.0701433941721916,0.7200719118118286,1.0814732313156128,0.0812094658613205,0.6132084131240845,1.0975706577301023,0.0733755826950073,0.7169259786605835,1.1074758768081665,0.0854084715247154,0.6033965349197388,1.0839874744415283,0.0555674023926258,0.7312002182006836,1.0939275026321411,0.0639258474111557,14.330987691879272,neutro
1761586145.2179785,0,0.6713424921035767,0.5155522227287292,0.1590103954076767,0.6670055389404297,0.5034381747245789,0.1261097490787506,0.6645568609237671,0.5035868287086487,0.126087337732315,0.6620465517044067,0.5038551092147827,0.1259596049785614,0.6737293601036072,0.5026283860206604,0.1312596052885055,0.6759945154190063,0.5020897388458252,0.1313108950853347,0.6782772541046143,0.5016000866889954,0.1312344968318939,0.6587282419204712,0.5101990699768066,0.0190141331404447,0.6840933561325073,0.5066500306129456,0.0429775938391685,0.6672745943069458,0.5257851481437683,0.1281050592660904,0.6747891306877136,0.5257705450057983,0.1353902518749237,0.6298890709877014,0.575792133808136,-0.008109264075756,0.7290187478065491,0.5712920427322388,-0.0028658199589699,0.6128474473953247,0.6845132112503052,0.0682472884654998,0.7540781497955322,0.6780835390090942,0.0106013445183634,0.6489788293838501,0.7085229754447937,0.1931831240653991,0.7656022310256958,0.7692006826400757,0.0492933019995689,0.65703284740448,0.7179734706878662,0.206888273358345,0.7712634801864624,0.7954463362693787,0.0594919547438621,0.6671313047409058,0.7118301391601562,0.204467698931694,0.76494300365448,0.7904749512672424,0.0591446831822395,0.6659860014915466,0.7082311511039734,0.1953105628490448,0.7590022087097168,0.7814675569534302,0.051148522645235,0.6591223478317261,0.7768828272819519,-7.550429290859029e-05,0.7121767401695251,0.7743145227432251,0.0002498360117897,0.6395105719566345,0.9363689422607422,0.0274506509304046,0.7096856832504272,0.940614640712738,0.0562737993896007,0.6151556372642517,1.0707242488861084,0.0715665146708488,0.7200182676315308,1.0796490907669067,0.0900965556502342,0.6147101521492004,1.0973154306411743,0.0751511082053184,0.71687251329422,1.1056571006774902,0.0946254134178161,0.6039468050003052,1.0831949710845947,0.0583405382931232,0.7310668230056763,1.0916926860809326,0.0749725922942161,14.380315780639648,neutro
1761586145.2616885,0,0.6713668704032898,0.5159798860549927,0.1615195721387863,0.6670282483100891,0.5038651823997498,0.1285953223705291,0.6645671725273132,0.5039805173873901,0.1285736262798309,0.6620515584945679,0.504217267036438,0.1284477412700653,0.6737421751022339,0.5031187534332275,0.1337100565433502,0.6760148406028748,0.5025879144668579,0.1337598711252212,0.6783329248428345,0.5020868182182312,0.1336810290813446,0.6587650775909424,0.5105371475219727,0.0210068561136722,0.6842666864395142,0.5069846510887146,0.0447503924369812,0.6672912240028381,0.5261278748512268,0.1303918063640594,0.6748159527778625,0.5261070728302002,0.1376164853572845,0.6298932433128357,0.5759549736976624,-0.0070330067537724,0.7299500703811646,0.5714855790138245,-0.001817051670514,0.6129558682441711,0.6851440072059631,0.0676988735795021,0.754257321357727,0.6783607006072998,0.0120320105925202,0.6494894623756409,0.7089773416519165,0.1911156773567199,0.7653565406799316,0.7691969275474548,0.049666091799736,0.6571061611175537,0.7183359861373901,0.2046187818050384,0.7701750993728638,0.7949730157852173,0.0598162785172462,0.6671561598777771,0.7122083306312561,0.202297955751419,0.7640621066093445,0.7905408143997192,0.0595526210963726,0.6660752892494202,0.7085297107696533,0.1932294070720672,0.7582904100418091,0.7818412780761719,0.0516027323901653,0.6592631936073303,0.7769075632095337,-0.0004484120872803,0.7135683298110962,0.7743209004402161,0.0006211826694197,0.6397590637207031,0.9365025162696838,0.0276383720338344,0.7101647257804871,0.9411340355873108,0.0550393760204315,0.6163346171379089,1.0715488195419312,0.0698380768299102,0.7210485935211182,1.0798089504241943,0.0861668139696121,0.6159543395042419,1.098129391670227,0.0730563849210739,0.7179112434387207,1.105916976928711,0.0903080850839614,0.6050020456314087,1.0839850902557373,0.0555029287934303,0.73152756690979,1.0919901132583618,0.0692330673336982,14.424025774002075,neutro
1761586145.306575,0,0.6713757514953613,0.5162292122840881,0.1466762721538543,0.6670635342597961,0.5041185617446899,0.1130272895097732,0.6645956635475159,0.5042136311531067,0.1130013689398765,0.6620866060256958,0.504426896572113,0.1128765791654586,0.6737841367721558,0.5034446716308594,0.1200954169034957,0.6760610342025757,0.5029556751251221,0.1201461404561996,0.6784125566482544,0.502474308013916,0.120071031153202,0.6591225266456604,0.5106824636459351,0.0044995197094976,0.6846761703491211,0.5073307752609253,0.0371183380484581,0.6673210263252258,0.5263234376907349,0.1152544766664505,0.6749135255813599,0.5263667106628418,0.1250942647457122,0.6299175024032593,0.5756919384002686,-0.0204426515847444,0.7327268719673157,0.5727523565292358,-0.003896752372384,0.6129875183105469,0.6850014328956604,0.062514029443264,0.7546736598014832,0.6807137727737427,0.0132094072178006,0.6497465372085571,0.7095731496810913,0.1934593468904495,0.7644816040992737,0.7718705534934998,0.0521956197917461,0.6565262079238892,0.7183594107627869,0.2077060490846634,0.7691116333007812,0.7966316342353821,0.0625713393092155,0.6666165590286255,0.7122552990913391,0.2052047997713089,0.7630782127380371,0.7932990193367004,0.0613077394664287,0.6655277609825134,0.7086063027381897,0.1958867907524109,0.7573990225791931,0.783949077129364,0.0537793822586536,0.6594300866127014,0.7769140601158142,-0.0037857957649976,0.71360182762146,0.7745312452316284,0.0039397915825247,0.6397907137870789,0.9366861581802368,0.0253321044147014,0.7104822397232056,0.941735029220581,0.0570726208388805,0.6183992624282837,1.0715888738632202,0.0686930045485496,0.7210538387298584,1.079788088798523,0.0871058478951454,0.6184595823287964,1.098137378692627,0.0716656595468521,0.7181798219680786,1.105793595314026,0.0910631418228149,0.6060498952865601,1.0840801000595093,0.0542441010475158,0.7310855984687805,1.0922558307647705,0.0693877786397934,14.468912363052368,neutro
1761586145.355905,0,0.6715086102485657,0.5161786675453186,0.1507623046636581,0.6671857237815857,0.5040684342384338,0.1173077225685119,0.6646749973297119,0.5041651725769043,0.1172866225242614,0.6621469259262085,0.504377543926239,0.1171652302145958,0.6740167737007141,0.5034123063087463,0.1235931143164634,0.676340639591217,0.5029374957084656,0.1236451119184494,0.6787822842597961,0.502465546131134,0.1235694885253906,0.6592870354652405,0.5106462836265564,0.008254213258624,0.685334324836731,0.5073354244232178,0.0374979153275489,0.6674078702926636,0.5262894034385681,0.1190295591950416,0.675214409828186,0.5263470411300659,0.12783844769001,0.6300019025802612,0.5756674408912659,-0.0192255694419145,0.7336466312408447,0.5730316042900085,-0.0046315295621752,0.6128356456756592,0.6848958134651184,0.0591772608458995,0.7545503377914429,0.6808892488479614,0.0131654795259237,0.6499125957489014,0.7095813751220703,0.1916235387325287,0.7639504671096802,0.7709763646125793,0.051699198782444,0.6562662720680237,0.7181821465492249,0.2055950909852981,0.768486738204956,0.7957611083984375,0.0623105950653553,0.6663751602172852,0.7120947241783142,0.2032796889543533,0.7624548077583313,0.793063223361969,0.0604056045413017,0.6646592617034912,0.7091682553291321,0.1941548436880111,0.757006049156189,0.7837706208229065,0.0530812442302703,0.6594931483268738,0.777009904384613,-0.0048731481656432,0.7137734293937683,0.7746819257736206,0.0050294985994696,0.6397721171379089,0.936706006526947,0.0252992026507854,0.7107930183410645,0.941869854927063,0.0586977303028106,0.6182913184165955,1.07146418094635,0.0678376480937004,0.7210789918899536,1.079816818237305,0.0877968296408653,0.6183687448501587,1.0979163646697998,0.0707693174481391,0.7182691693305969,1.1058342456817627,0.091631107032299,0.6056117415428162,1.0840212106704712,0.0528783984482288,0.7310580015182495,1.0922996997833252,0.0704304426908493,14.518242359161377,neutro
1761586145.402866,0,0.6718511581420898,0.5161133408546448,0.1512042880058288,0.6675368547439575,0.5040175318717957,0.1180024892091751,0.6649556756019592,0.5041118264198303,0.1179767847061157,0.662379801273346,0.5043188333511353,0.1178916245698928,0.6745016574859619,0.5033801198005676,0.1243729218840599,0.6768803000450134,0.502916693687439,0.1244328171014785,0.6794080138206482,0.5024516582489014,0.1243581399321556,0.6595221757888794,0.5105672478675842,0.0092585273087024,0.686170220375061,0.5073298215866089,0.03941335901618,0.667729377746582,0.5261932611465454,0.1199878454208374,0.6756997108459473,0.5262942910194397,0.129670962691307,0.6300491690635681,0.5755833983421326,-0.0166155453771352,0.7337306141853333,0.5732499957084656,-0.0036828306037932,0.6129559278488159,0.6846657991409302,0.0533864088356494,0.754454493522644,0.6808008551597595,0.0133195016533136,0.649917483329773,0.7107832431793213,0.1720416396856308,0.759750485420227,0.7699252367019653,0.0528905615210533,0.6557439565658569,0.7202647924423218,0.1830661594867706,0.7617537975311279,0.7944525480270386,0.0640052706003189,0.6654357314109802,0.7149349451065063,0.1823066920042038,0.756161093711853,0.7915335297584534,0.0610265918076038,0.6639156341552734,0.7111941576004028,0.1744224429130554,0.7514187693595886,0.7825325131416321,0.0535162687301635,0.6596380472183228,0.776938796043396,-0.0049009090289473,0.7138370275497437,0.774697482585907,0.0050539448857307,0.6398406028747559,0.9366174340248108,0.0230378806591033,0.7108293175697327,0.9416713714599608,0.0551765747368335,0.6181912422180176,1.07140851020813,0.0603190772235393,0.7211450338363647,1.0798720121383667,0.0785799473524093,0.6181191802024841,1.0977556705474854,0.0626930966973304,0.7184539437294006,1.1058977842330933,0.0817528665065765,0.6055295467376709,1.0841163396835327,0.0415868386626243,0.7308595180511475,1.0925426483154297,0.0572972111403942,14.565203189849854,neutro
1761586145.45059,0,0.6720075011253357,0.516106903553009,0.1526974290609359,0.6676891446113586,0.5040128827095032,0.1200446113944053,0.6650753021240234,0.5041120648384094,0.1200155168771743,0.662479817867279,0.504326581954956,0.1199125275015831,0.6747249960899353,0.5033709406852722,0.1257726103067398,0.6771327257156372,0.5029070377349854,0.1258295178413391,0.6797135472297668,0.5024423003196716,0.12575064599514,0.6596423387527466,0.5105671286582947,0.0122345434501767,0.6866739988327026,0.507325291633606,0.0404240414500236,0.6678805351257324,0.5261887311935425,0.1221465617418289,0.6759770512580872,0.5262895822525024,0.1309545338153839,0.6302520632743835,0.5755752921104431,-0.0168258752673864,0.7343506813049316,0.573822021484375,-0.0029642260633409,0.6130163669586182,0.6841574907302856,0.0513640344142913,0.7553218007087708,0.6807401180267334,0.021194290369749,0.6490743160247803,0.7106801867485046,0.1751719564199447,0.757912814617157,0.7680538296699524,0.0668322294950485,0.6556476950645447,0.7214857339859009,0.1870056390762329,0.759017825126648,0.793851912021637,0.0792942196130752,0.6652234196662903,0.7164748311042786,0.1864239424467086,0.7523194551467896,0.7896893620491028,0.0743750035762786,0.66371750831604,0.7124349474906921,0.1778027713298797,0.7482571601867676,0.7805625200271606,0.0671006515622139,0.6596658229827881,0.7769264578819275,-0.0050989254377782,0.7138956785202026,0.7748254537582397,0.0052376217208802,0.6398437023162842,0.9360944032669068,0.0234709531068801,0.7108307480812073,0.940728724002838,0.0566188283264637,0.6191803216934204,1.0704599618911743,0.0606096386909484,0.7211953997612,1.078844666481018,0.0817699804902076,0.6191878914833069,1.0965875387191772,0.0630505457520484,0.7186504602432251,1.10465407371521,0.0852618962526321,0.6068180799484253,1.083358645439148,0.0425882153213024,0.7307162880897522,1.0920122861862185,0.0638081654906272,14.612927198410034,neutro
1761586145.4954543,0,0.6720719933509827,0.5161058902740479,0.1542392671108245,0.6678187847137451,0.5040103793144226,0.1205015778541565,0.6652156114578247,0.5041143894195557,0.1204824075102806,0.6626371145248413,0.5043357610702515,0.1203772202134132,0.67484050989151,0.503362238407135,0.1269492208957672,0.6772775053977966,0.5028982758522034,0.1270017176866531,0.6799130439758301,0.502434492111206,0.1269251257181167,0.659872829914093,0.5105721354484558,0.0080749271437525,0.6871689558029175,0.507330596446991,0.0400529652833938,0.667989194393158,0.5261958241462708,0.122082844376564,0.6761342883110046,0.5262913107872009,0.1315016448497772,0.6305884122848511,0.5755605101585388,-0.0232576634734869,0.7353442907333374,0.5747843384742737,-0.0025014488492161,0.6128060817718506,0.6841115951538086,0.0517597720026969,0.7563537359237671,0.6816940903663635,0.0376137495040893,0.6482935547828674,0.7106372714042664,0.1992524713277816,0.7513450980186462,0.7670391201972961,0.1085903495550155,0.6541747450828552,0.7218633890151978,0.2148864567279815,0.750216543674469,0.7923458814620972,0.1261976957321167,0.6634053587913513,0.7166520357131958,0.2173546999692917,0.7439337968826294,0.78583163022995,0.1202006340026855,0.6621323823928833,0.7125274538993835,0.2038722932338714,0.7413328886032104,0.7781752347946167,0.1090539917349815,0.6597490310668945,0.7768526077270508,-0.005637802183628,0.7140858173370361,0.7749925255775452,0.0057517481036484,0.6398550271987915,0.9361145496368408,0.0250139031559228,0.7108734846115112,0.94020813703537,0.0606416873633861,0.6193209886550903,1.0699914693832395,0.0644084364175796,0.7210617661476135,1.0773093700408936,0.0895783454179763,0.6193457841873169,1.0954989194869995,0.0676015466451644,0.7185462713241577,1.1027101278305054,0.0936495214700698,0.6069342494010925,1.083348035812378,0.0518447533249855,0.7299479842185974,1.090646743774414,0.0772274881601333,14.65779161453247,neutro
1761586145.5419357,0,0.6720477938652039,0.516102135181427,0.1896911263465881,0.6678122282028198,0.5040388703346252,0.154010385274887,0.6652156710624695,0.504163920879364,0.154012456536293,0.6626461148262024,0.504407525062561,0.1539117693901062,0.6748502850532532,0.5033607482910156,0.1607600599527359,0.6772874593734741,0.5028964281082153,0.1607942432165146,0.6799324750900269,0.5024329423904419,0.1607134640216827,0.6598874926567078,0.5105937719345093,0.0322682335972785,0.6873757243156433,0.5073320865631104,0.0636671110987663,0.6679810881614685,0.5262038111686707,0.1533509790897369,0.6761407852172852,0.5262776017189026,0.1626100093126297,0.6306246519088745,0.5755579471588135,-0.0098645994439721,0.7357802391052246,0.5759440064430237,0.0184658132493495,0.6123000979423523,0.6840656399726868,0.0637788623571395,0.7562263607978821,0.6819155812263489,0.0821726992726326,0.6424523591995239,0.7147394418716431,0.2266457080841064,0.7425616383552551,0.7566345930099487,0.1892866343259811,0.6495205760002136,0.7255609035491943,0.2440448105335235,0.7379326820373535,0.7824404239654541,0.2133655548095703,0.6581231355667114,0.7198976278305054,0.2491499632596969,0.7318650484085083,0.7706907987594604,0.2080008685588836,0.6574861407279968,0.7150189280509949,0.2322489768266677,0.7315500378608704,0.7668198347091675,0.1906839460134506,0.6597692966461182,0.7769556641578674,-0.0056521901860833,0.7142848968505859,0.7758479714393616,0.0057665947824716,0.6398255825042725,0.9373474717140198,0.0254345629364252,0.7109555006027222,0.9409162998199464,0.0591615810990333,0.6190387606620789,1.071698784828186,0.0634308084845542,0.7203624248504639,1.0789599418640137,0.0855149254202842,0.6191683411598206,1.0964103937149048,0.0665894374251365,0.717603325843811,1.1042847633361816,0.0892965421080589,0.6063118577003479,1.0874675512313845,0.0513333491981029,0.7284756898880005,1.0931715965270996,0.0770499780774116,14.704272985458374,neutro
1761586145.5890825,0,0.6718155145645142,0.5161064267158508,0.214280754327774,0.6675966382026672,0.504069983959198,0.1770988702774047,0.6650336384773254,0.5042054653167725,0.1771104484796524,0.6624955534934998,0.5044588446617126,0.1770098209381103,0.6747268438339233,0.5033663511276245,0.1846928298473358,0.6772149801254272,0.5029024481773376,0.1847147792577743,0.6799076199531555,0.5024406313896179,0.184631198644638,0.6597918272018433,0.5105935335159302,0.0482059195637702,0.6874959468841553,0.5073279142379761,0.0824558585882186,0.6678222417831421,0.526216447353363,0.1751325279474258,0.6760566830635071,0.5262734293937683,0.1852348148822784,0.6306544542312622,0.5755024552345276,-0.0031166325788944,0.7362569570541382,0.5769320130348206,0.0381689146161079,0.6121379733085632,0.6839796900749207,0.0730376914143562,0.755980372428894,0.682092010974884,0.1190238147974014,0.6392135620117188,0.7152539491653442,0.2514416575431824,0.732775092124939,0.7455223202705383,0.2471508234739303,0.6460101008415222,0.7259694337844849,0.270771861076355,0.7251889705657959,0.7683699131011963,0.2745797634124756,0.6545940637588501,0.7198745608329773,0.2768214344978332,0.7144087553024292,0.761935293674469,0.268378347158432,0.6543779969215393,0.7149002552032471,0.2578482925891876,0.7155886292457581,0.7550134062767029,0.2485038340091705,0.6597751379013062,0.777052640914917,-0.0072809024713933,0.7143285870552063,0.7767128348350525,0.0073655336163938,0.6398159265518188,0.9382169246673584,0.0277906116098165,0.7110620141029358,0.9409627914428712,0.0597504563629627,0.6192033290863037,1.0718599557876587,0.0638245418667793,0.7200624942779541,1.078999161720276,0.0861890465021133,0.6197085976600647,1.0964277982711792,0.0672190561890602,0.7172541618347168,1.104347825050354,0.090106151998043,0.6062408685684204,1.088756084442139,0.0570107288658618,0.7272719740867615,1.0936431884765625,0.0779731124639511,14.75141978263855,neutro
1761586145.6385057,0,0.6708748936653137,0.515902578830719,0.217006117105484,0.6668064594268799,0.5038921236991882,0.1788339912891388,0.6643470525741577,0.5040339827537537,0.1788469403982162,0.6618921160697937,0.504298985004425,0.1787562072277069,0.6740285158157349,0.503175675868988,0.1884655058383941,0.6766247153282166,0.5027333498001099,0.1884747445583343,0.679431140422821,0.5023002028465271,0.1883878260850906,0.6594633460044861,0.5103021264076233,0.0470316149294376,0.6874531507492065,0.5071628093719482,0.089990496635437,0.6670640707015991,0.526077151298523,0.1765621602535247,0.6753538846969604,0.5260260701179504,0.1892878860235214,0.6306631565093994,0.5738275647163391,-0.0032637007534503,0.736418604850769,0.5777608752250671,0.0516318976879119,0.6112409830093384,0.6818895936012268,0.0777036026120185,0.7558656334877014,0.6820411682128906,0.1498492658138275,0.623839795589447,0.7142332196235657,0.2819494605064392,0.7289436459541321,0.7375900149345398,0.304373949766159,0.6281043291091919,0.7245673537254333,0.3043055236339569,0.7149856686592102,0.7583482265472412,0.3363119661808014,0.6355741620063782,0.7181545495986938,0.3109538853168487,0.7089534997940063,0.7539675235748291,0.3290993571281433,0.6364495158195496,0.7128925323486328,0.2897591590881347,0.7106105089187622,0.7468165159225464,0.3060793578624725,0.6596859097480774,0.7768586874008179,-0.0113808466121554,0.7146719694137573,0.7767553329467773,0.0113938003778457,0.6396360397338867,0.9385249614715576,0.0281016267836093,0.7110244631767273,0.9410173296928406,0.0634329244494438,0.6191616058349609,1.071211338043213,0.0642239972949028,0.7183917164802551,1.0796295404434204,0.0894446223974227,0.619747519493103,1.0954954624176023,0.0679989159107208,0.7154428362846375,1.1051719188690186,0.0936309620738029,0.6051567792892456,1.088226556777954,0.0635392591357231,0.7235628366470337,1.0940815210342407,0.084986075758934,14.800843000411987,neutro
1761586145.6829758,0,0.6691610813140869,0.5166222453117371,0.2240543365478515,0.6654783487319946,0.5047964453697205,0.1857599318027496,0.6632407903671265,0.5047983527183533,0.1857684254646301,0.6609259247779846,0.5049450993537903,0.1856650412082672,0.6721035838127136,0.5041888356208801,0.1961034834384918,0.6745617389678955,0.503720223903656,0.1961137950420379,0.677078127861023,0.5033160448074341,0.1960251629352569,0.6588671803474426,0.5105629563331604,0.0534644722938537,0.6850094199180603,0.5078809261322021,0.0994575023651123,0.665755569934845,0.5263980627059937,0.1833420842885971,0.6731012463569641,0.5264251828193665,0.1967817991971969,0.6304438710212708,0.5705022811889648,-0.003569844411686,0.7362965941429138,0.5788139700889587,0.0680842325091362,0.6096116304397583,0.674737274646759,0.0982543751597404,0.7484773397445679,0.6820094585418701,0.1846152395009994,0.6232365369796753,0.6914640665054321,0.3266778290271759,0.7091891765594482,0.7104231119155884,0.3707866668701172,0.6275259852409363,0.6943836808204651,0.3530526459217071,0.699600100517273,0.7264964580535889,0.4080730080604553,0.6364961266517639,0.685751736164093,0.359800785779953,0.6930996179580688,0.7209219336509705,0.4014893174171448,0.6374703645706177,0.6837645173072815,0.3353080451488495,0.6947399377822876,0.7164033055305481,0.3731947839260101,0.6589961647987366,0.7762654423713684,-0.0150067824870347,0.713196337223053,0.7767544388771057,0.0150229390710592,0.6384647488594055,0.9375630617141724,0.0243671014904975,0.7100443243980408,0.94080251455307,0.0598598718643188,0.618236780166626,1.068951964378357,0.0485440045595169,0.7177055478096008,1.08077073097229,0.0716647058725357,0.6196910738945007,1.0926233530044556,0.0519167706370353,0.7153809666633606,1.1058557033538818,0.0747659876942634,0.6002763509750366,1.087382435798645,0.0553387477993965,0.7205483317375183,1.09792959690094,0.0709242969751358,14.84531307220459,neutro
1761586145.728516,0,0.6673416495323181,0.5197889804840088,0.2182895690202713,0.6639918088912964,0.5081698894500732,0.1791689693927765,0.6619589924812317,0.508151113986969,0.1791755110025406,0.659769594669342,0.5082675218582153,0.1790667325258255,0.6698209643363953,0.5074097514152527,0.1900639832019806,0.6719769835472107,0.5068933367729187,0.1900844871997833,0.6741268634796143,0.5065158009529114,0.1899812519550323,0.6580166220664978,0.5129224061965942,0.0477237217128276,0.6813191771507263,0.5104748010635376,0.0951873660087585,0.6641642451286316,0.5294217467308044,0.1779208779335022,0.6706278920173645,0.5289350748062134,0.1920749843120575,0.6302070021629333,0.5681304931640625,-0.0039803530089557,0.7355813384056091,0.579860270023346,0.0648464187979698,0.6091857552528381,0.668717622756958,0.0949177592992782,0.7435355186462402,0.6819761395454407,0.182120993733406,0.6255226731300354,0.661301851272583,0.3122960925102234,0.7050071358680725,0.7033509612083435,0.3654737472534179,0.6298298835754395,0.656639814376831,0.3375374674797058,0.6964235901832581,0.7109901309013367,0.4023497104644775,0.6401771306991577,0.6470638513565063,0.3467242121696472,0.6899341940879822,0.7050771117210388,0.3952333927154541,0.6408725380897522,0.64825439453125,0.3217701315879822,0.6909814476966858,0.7015562057495117,0.3676937222480774,0.6572156548500061,0.7759773135185242,-0.0148835126310586,0.712084949016571,0.7770978808403015,0.0149029493331909,0.637433648109436,0.9368895888328552,0.029229138046503,0.7096942663192749,0.940994679927826,0.0567319877445697,0.6138339042663574,1.0668675899505615,0.0508277341723442,0.7169798612594604,1.0840548276901243,0.068352460861206,0.6160521507263184,1.090235948562622,0.0538111515343189,0.7148637175559998,1.108885407447815,0.0715700089931488,0.5950345993041992,1.085981845855713,0.0624304637312889,0.7206318378448486,1.1026864051818848,0.0664749071002006,14.89085340499878,neutro
1761586145.7759123,0,0.6663133502006531,0.520862877368927,0.2234653681516647,0.6629967093467712,0.5095738172531128,0.1841845214366912,0.6610246896743774,0.5096621513366699,0.1841980069875717,0.658850371837616,0.5098801255226135,0.1840861588716507,0.6684819459915161,0.5086171627044678,0.1950628608465194,0.6704716086387634,0.5080975890159607,0.1951051503419876,0.6724408864974976,0.5077365040779114,0.1950141191482544,0.6571195125579834,0.5145323276519775,0.0519882440567016,0.6788626909255981,0.5118557810783386,0.1002586260437965,0.6629376411437988,0.5306819081306458,0.1832992434501648,0.6692333221435547,0.5298805236816406,0.1974056959152221,0.6301137804985046,0.5673765540122986,0.0036203761119395,0.7338541150093079,0.5808997750282288,0.0636501610279083,0.6088064908981323,0.6669469475746155,0.1025274544954299,0.7410438656806946,0.682348370552063,0.1739424616098404,0.627557098865509,0.6451976895332336,0.3159011006355285,0.7031059861183167,0.7016561627388,0.3500928282737732,0.6316232681274414,0.6361418962478638,0.3408445715904236,0.6947826147079468,0.7079969644546509,0.38534876704216,0.6429933309555054,0.6271028518676758,0.3515735566616058,0.6880003213882446,0.7025712132453918,0.3787800967693329,0.6436543464660645,0.6299836039543152,0.325712114572525,0.688737154006958,0.6994293332099915,0.3522579371929168,0.6558959484100342,0.7755374312400818,-0.0110638719052076,0.7100178003311157,0.7772889733314514,0.0110710998997092,0.6366675496101379,0.9359712600708008,0.0394086129963398,0.7085367441177368,0.940986692905426,0.0516782328486442,0.6107771992683411,1.0632894039154053,0.0650886893272399,0.7165712714195251,1.0843828916549685,0.0659399777650833,0.6123555302619934,1.0866509675979614,0.0691141635179519,0.7139490842819214,1.109197735786438,0.0696436092257499,0.5944681763648987,1.08174467086792,0.0783274173736572,0.7212039232254028,1.1024417877197266,0.0650626420974731,14.938249588012695,neutro
1761586145.823877,0,0.6650477051734924,0.5212841033935547,0.2189947366714477,0.6619200110435486,0.5101615190505981,0.1833597272634506,0.6600722074508667,0.5102657079696655,0.1834212839603424,0.6579669713973999,0.5104848742485046,0.1833402663469314,0.666991114616394,0.5091564059257507,0.1888632178306579,0.6688557863235474,0.5086225867271423,0.1888771802186966,0.6706770062446594,0.5082419514656067,0.1888032853603363,0.6564182043075562,0.5151190161705017,0.0515093505382537,0.6765642762184143,0.5123351216316223,0.0930901914834976,0.6617528200149536,0.5313097238540649,0.1783287823200225,0.667683482170105,0.5304027795791626,0.1890447288751602,0.6301690340042114,0.5667125582695007,0.0024156596045941,0.7316150069236755,0.5809075832366943,0.0594059228897094,0.6084885001182556,0.6615924835205078,0.0829222276806831,0.737659215927124,0.6815345883369446,0.1608020812273025,0.6290810704231262,0.6096519827842712,0.3029228150844574,0.6979113221168518,0.6987771987915039,0.3280672430992126,0.627417266368866,0.5739912390708923,0.3269509673118591,0.6895506381988525,0.7031213641166687,0.3636086881160736,0.6329877972602844,0.5742936730384827,0.3202373385429382,0.682779848575592,0.6986228227615356,0.355830043554306,0.6452517509460449,0.5894024968147278,0.3103567957878113,0.6834075450897217,0.6964889168739319,0.3297929167747497,0.6550599336624146,0.7749916315078735,-0.0089066987857222,0.7074693441390991,0.7773151993751526,0.0088927717879414,0.6354454755783081,0.9359109997749328,0.0430206358432769,0.7072399258613586,0.941136598587036,0.0492223910987377,0.6095632910728455,1.0637502670288086,0.0668534040451049,0.7163469195365906,1.086492657661438,0.0663623064756393,0.610781729221344,1.0873467922210691,0.0706996768712997,0.713632345199585,1.111243724822998,0.0702632889151573,0.5941675901412964,1.0818616151809692,0.0755043402314186,0.7223776578903198,1.103417158126831,0.0634055957198143,14.986214399337769,neutro
1761586145.870942,0,0.6648067831993103,0.5220000147819519,0.2170933187007904,0.6617661118507385,0.5110320448875427,0.1805105507373809,0.6599895358085632,0.5112006068229675,0.180591344833374,0.6579312682151794,0.5114553570747375,0.1805392652750015,0.666474461555481,0.509876549243927,0.1881068795919418,0.668165385723114,0.5093391537666321,0.1880820095539093,0.6698237657546997,0.5089420080184937,0.1880379021167755,0.6562225222587585,0.5161677598953247,0.0484199449419975,0.6748952269554138,0.5132049322128296,0.0897857695817947,0.6615570783615112,0.5326476097106934,0.1760567128658294,0.6672466397285461,0.531558632850647,0.1857984960079193,0.6301647424697876,0.565654456615448,0.0013626272557303,0.7285162806510925,0.5808811783790588,0.0552292242646217,0.6081920266151428,0.6581589579582214,0.0810672268271446,0.7364034056663513,0.6796503663063049,0.1493490934371948,0.6280138492584229,0.5883846879005432,0.2921410202980041,0.6965600848197937,0.6995570659637451,0.3063607811927795,0.6265991926193237,0.5659711360931396,0.3068773746490478,0.6888540983200073,0.7041196823120117,0.3399176299571991,0.6311877965927124,0.5619136095046997,0.3095926940441131,0.6819372773170471,0.7000858187675476,0.3306806981563568,0.6457396745681763,0.5779479146003723,0.3044537901878357,0.6824544668197632,0.6980377435684204,0.3072892427444458,0.6548861265182495,0.7741448283195496,-0.0045598968863487,0.7049064040184021,0.777171790599823,0.0045476551167666,0.6349205374717712,0.9355892539024352,0.0407422296702861,0.7059337496757507,0.9408369064331056,0.0420420542359352,0.609699010848999,1.0641025304794312,0.0667378082871437,0.7141952514648438,1.0863277912139893,0.062152199447155,0.6102073788642883,1.0878064632415771,0.0703849047422409,0.7107380628585815,1.1111674308776855,0.066130593419075,0.5946269035339355,1.0819964408874512,0.0737912952899932,0.7227978110313416,1.1030476093292236,0.0546692535281181,15.033279418945312,neutro
1761586145.918364,0,0.6647356748580933,0.522081732749939,0.2122036218643188,0.6618781089782715,0.5109797120094299,0.1748726367950439,0.660099983215332,0.5111308097839355,0.1749134510755539,0.658003032207489,0.5113642811775208,0.1748353391885757,0.6659551858901978,0.5098617672920227,0.1841441690921783,0.6672148108482361,0.5093358755111694,0.1841469407081604,0.6683586835861206,0.508949875831604,0.184119313955307,0.6563864946365356,0.5161302089691162,0.0595659688115119,0.6708891987800598,0.5136183500289917,0.0880421921610832,0.661609947681427,0.5328258275985718,0.1741863787174224,0.6662342548370361,0.5319094657897949,0.1832951754331588,0.6299388408660889,0.5640986561775208,0.0234868116676807,0.723511815071106,0.5810028314590454,0.0546944960951805,0.6083405017852783,0.6486979126930237,0.1048148050904274,0.7304662466049194,0.6713704466819763,0.1572126448154449,0.6285132169723511,0.5878955721855164,0.2952213585376739,0.6898719668388367,0.6626533269882202,0.3631784915924072,0.6288732290267944,0.5586147904396057,0.3142085373401642,0.6850694417953491,0.6592605113983154,0.3994611501693725,0.6345317959785461,0.559360682964325,0.3245644867420196,0.6790325045585632,0.6554909944534302,0.3955173194408417,0.6462095379829407,0.5727930665016174,0.3043749630451202,0.6788042187690735,0.6567129492759705,0.3668256998062134,0.6549932360649109,0.7739201188087463,0.0008125379681587,0.6967257261276245,0.7761005759239197,-0.0007716824184171,0.6350206136703491,0.9348551630973816,0.0314866229891777,0.7016391158103943,0.9402774572372437,0.0198124311864376,0.6145969033241272,1.0665572881698608,0.0662335082888603,0.7096831798553467,1.0845825672149658,0.0514444112777709,0.6139981746673584,1.0897585153579712,0.0695912688970565,0.7062845826148987,1.108460545539856,0.0550362952053546,0.6050506234169006,1.08860445022583,0.0498298332095146,0.7214256525039673,1.103109359741211,0.0238227285444736,15.080701351165771,neutro
1761586145.963697,0,0.6637569069862366,0.5231537818908691,0.2237153053283691,0.6609792113304138,0.5121737122535706,0.1867715120315551,0.6592965722084045,0.5123693943023682,0.1867974251508712,0.6573166847229004,0.512609601020813,0.1867106854915619,0.6651065349578857,0.5108007788658142,0.1960889399051666,0.6665058135986328,0.51020348072052,0.196124792098999,0.6678217649459839,0.5097569823265076,0.1960252523422241,0.6557326316833496,0.5170878171920776,0.0660987123847007,0.6707369089126587,0.514443039894104,0.1046419143676757,0.6605889797210693,0.5338752269744873,0.1867159456014633,0.6653512716293335,0.5328859686851501,0.1980725526809692,0.6297687292098999,0.5643141269683838,0.0253004226833581,0.7237206101417542,0.5815646052360535,0.0631123408675193,0.6083846688270569,0.6486112475395203,0.10922272503376,0.7296373844146729,0.669353723526001,0.1739195883274078,0.6314730048179626,0.6026880741119385,0.301702618598938,0.6918962597846985,0.6589127779006958,0.389361023902893,0.6351309418678284,0.5857812166213989,0.3235402703285217,0.6863991618156433,0.6551498770713806,0.4295276701450348,0.6364794373512268,0.5688555836677551,0.3364394605159759,0.6806410551071167,0.6511537432670593,0.4269839227199554,0.6482119560241699,0.5878999829292297,0.3115675151348114,0.6804807186126709,0.6523878574371338,0.3940454125404358,0.6534875631332397,0.7730519771575928,0.0013704785378649,0.6988492012023926,0.775958240032196,-0.00136394565925,0.6343820095062256,0.934705376625061,0.02057895809412,0.7017431855201721,0.9402800798416138,0.0209662020206451,0.61409592628479,1.0720614194869995,0.0264550354331731,0.7104372382164001,1.0851057767868042,0.027591710910201,0.6137853860855103,1.096260905265808,0.0271799955517053,0.7070140838623047,1.109599471092224,0.0293398704379796,0.6046060919761658,1.094017744064331,0.0137147903442382,0.723321259021759,1.10344398021698,0.008271126076579,15.126034259796143,neutro
1761586146.0116467,0,0.6620943546295166,0.5218062996864319,0.2224814891815185,0.6585196256637573,0.5114415287971497,0.186393991112709,0.6562970876693726,0.5118271112442017,0.1864121705293655,0.6538584232330322,0.5122070908546448,0.1863056868314743,0.6641992926597595,0.5095207691192627,0.192934364080429,0.6660400629043579,0.5087735056877136,0.1929564177989959,0.6677571535110474,0.5081680417060852,0.1928456723690033,0.650730311870575,0.5166771411895752,0.0688222497701644,0.6710518598556519,0.5131446719169617,0.0986927896738052,0.6577903032302856,0.5331141948699951,0.1873236894607544,0.6639653444290161,0.5317334532737732,0.1955297589302063,0.6255864500999451,0.5637273788452148,0.0362891405820846,0.7190617322921753,0.5796277523040771,0.0567449405789375,0.6084104180335999,0.6459659934043884,0.1322802752256393,0.7231656312942505,0.6599979400634766,0.1594312787055969,0.6440914869308472,0.6172177195549011,0.3351274132728576,0.6900840997695923,0.6497892141342163,0.3646578788757324,0.65052330493927,0.6002413034439087,0.3635199964046478,0.6851024627685547,0.6468471884727478,0.4030090272426605,0.6601179242134094,0.5874640345573425,0.3722214698791504,0.6783762574195862,0.6421905755996704,0.4035634398460388,0.6616000533103943,0.604977011680603,0.3435213565826416,0.6781510710716248,0.6426333785057068,0.3701927065849304,0.646952748298645,0.7707063555717468,0.0119119817391037,0.6974764466285706,0.7741867303848267,-0.0118982978165149,0.6316515207290649,0.9322273135185242,0.041244588792324,0.7017791271209717,0.9394636154174804,0.0147803826257586,0.6125040054321289,1.0684322118759155,0.0434545576572418,0.7107234597206116,1.0850214958190918,0.0202052239328622,0.6121000051498413,1.0922104120254517,0.043337907642126,0.7074680328369141,1.109525203704834,0.0225198119878768,0.6042462587356567,1.09234619140625,0.0348581746220588,0.7284785509109497,1.1038273572921753,0.0043814028613269,15.173984050750732,neutro
1761586146.0577943,0,0.6612209677696228,0.5217968225479126,0.2182894498109817,0.6576594114303589,0.5114560127258301,0.1822917461395263,0.6554269790649414,0.5118348002433777,0.1822980493307113,0.6529779434204102,0.5122244954109192,0.1821861565113067,0.6634345054626465,0.5095718502998352,0.1897121667861938,0.665361225605011,0.5088286399841309,0.1897533386945724,0.6672117114067078,0.508209764957428,0.1896635591983795,0.6493688821792603,0.5168164372444153,0.0673939809203147,0.6702602505683899,0.5131266713142395,0.0917852669954299,0.6567363739013672,0.5331382155418396,0.1833334267139434,0.6629619598388672,0.5318012237548828,0.192944049835205,0.6228458285331726,0.563888430595398,0.0336761362850666,0.7155438661575317,0.5792115926742554,0.0478706359863281,0.6085452437400818,0.6489073038101196,0.1164020746946334,0.7127863168716431,0.6589433550834656,0.107090875506401,0.6487714648246765,0.6178663969039917,0.3039087653160095,0.6858473420143127,0.6488005518913269,0.2484118491411209,0.6547536253929138,0.6114091277122498,0.3260329067707062,0.6812167167663574,0.6457788348197937,0.2757615745067596,0.6653524041175842,0.5986581444740295,0.3375288844108581,0.6742392182350159,0.6414858102798462,0.2782429158687591,0.6654871702194214,0.6080691814422607,0.3105725646018982,0.6742244958877563,0.6417728662490845,0.2524249255657196,0.6464600563049316,0.7705568075180054,0.0101289907470345,0.6962409019470215,0.7735018134117126,-0.0100560327991843,0.631317675113678,0.9322974681854248,0.039368636906147,0.7013970613479614,0.939213752746582,0.014711688272655,0.6125248074531555,1.0684149265289309,0.0503723323345184,0.7111729383468628,1.082567572593689,0.0323262587189674,0.6121927499771118,1.0921660661697388,0.0499645955860614,0.7078970670700073,1.106429934501648,0.0349342301487922,0.6059386730194092,1.0918267965316772,0.0370902456343174,0.7292026877403259,1.1038018465042114,0.0070292265154421,15.220131635665894,neutro
1761586146.104826,0,0.6592926979064941,0.5221025347709656,0.2118366658687591,0.6555187702178955,0.5118436813354492,0.1766532063484192,0.6533031463623047,0.5122044086456299,0.1766414046287536,0.6508981585502625,0.5125675797462463,0.1765115857124328,0.6613616943359375,0.5098756551742554,0.1809499859809875,0.6633074879646301,0.509069561958313,0.1809577643871307,0.6651774644851685,0.5083799958229065,0.1808335483074188,0.6473888754844666,0.5170663595199585,0.0665253251791,0.6674886345863342,0.5132482051849365,0.080806665122509,0.6548176407814026,0.5332592129707336,0.1789289712905883,0.6611369252204895,0.5319992899894714,0.184278056025505,0.6211594939231873,0.5640360713005066,0.0280787236988544,0.7133713960647583,0.5788447856903076,0.0444367602467536,0.6085899472236633,0.6503368020057678,0.1131346821784973,0.7128835320472717,0.654373049736023,0.1222569122910499,0.6486954092979431,0.6239093542098999,0.3088812232017517,0.6855126023292542,0.6440061330795288,0.3311305046081543,0.654184103012085,0.6238272786140442,0.3350418508052826,0.6808590292930603,0.640754759311676,0.3690026402473449,0.6643943786621094,0.6131560206413269,0.3448966145515442,0.6738641858100891,0.6371675729751587,0.3712634146213531,0.6648866534233093,0.6147565245628357,0.3170375823974609,0.6737121343612671,0.6378729939460754,0.3369825482368469,0.6449517011642456,0.7706473469734192,0.0085691567510366,0.6953916549682617,0.7735579013824463,-0.0084621859714388,0.6310714483261108,0.9331902265548706,0.0386692509055137,0.7011300325393677,0.9392154812812804,0.0203797258436679,0.6120190024375916,1.068412184715271,0.0526096299290657,0.7114180326461792,1.081074595451355,0.0378329306840896,0.6121463775634766,1.092212438583374,0.0528313741087913,0.708175539970398,1.1055068969726562,0.040683813393116,0.6037284135818481,1.0915371179580688,0.0383916720747947,0.7290987968444824,1.1016618013381958,0.0178157202899456,15.267163276672363,neutro
1761586146.1513064,0,0.6580303907394409,0.5221869349479675,0.2133764773607254,0.6542617678642273,0.5119550228118896,0.1788285225629806,0.6522880792617798,0.5122604966163635,0.1788008660078048,0.650100588798523,0.5125638246536255,0.1786585748195648,0.6594463586807251,0.50999915599823,0.1818942576646804,0.6611778140068054,0.5091596841812134,0.1819061040878296,0.6628451347351074,0.508432924747467,0.1817727386951446,0.6468510627746582,0.5170332193374634,0.0719188898801803,0.664533793926239,0.5132983922958374,0.081681303679943,0.6541982293128967,0.5332059860229492,0.1824004501104354,0.659765899181366,0.5319777727127075,0.186159461736679,0.6200496554374695,0.5640243887901306,0.0348592512309551,0.7122370600700378,0.5784916281700134,0.0438297949731349,0.6075668931007385,0.6514917016029358,0.085496611893177,0.7087568044662476,0.6563832759857178,0.0668058842420578,0.6478215456008911,0.6390039920806885,0.2158175259828567,0.6843833327293396,0.6516024470329285,0.1609765142202377,0.6532413959503174,0.6401640176773071,0.2287050783634185,0.6800669431686401,0.6501733064651489,0.1803066730499267,0.6633104085922241,0.6300869584083557,0.2392788380384445,0.6733421087265015,0.6459190845489502,0.1834971010684967,0.6638875603675842,0.629170298576355,0.2221055030822754,0.6731672883033752,0.6458872556686401,0.1637410819530487,0.644791841506958,0.7706899046897888,0.0100626032799482,0.6916086673736572,0.7732667922973633,-0.0099181290715932,0.6306663751602173,0.9341433048248292,0.0404357984662056,0.6997910141944885,0.9390991926193236,0.0134829701855778,0.6124445199966431,1.0683931112289429,0.064919926226139,0.7115451693534851,1.0809576511383057,0.0367795787751674,0.6121691465377808,1.0921804904937744,0.0658871904015541,0.7083763480186462,1.1052080392837524,0.0394145064055919,0.6064248085021973,1.0913506746292114,0.0409315079450607,0.7289290428161621,1.1018352508544922,0.005774057470262,15.31364369392395,neutro
1761586146.1975386,0,0.6575972437858582,0.5210379958152771,0.263015478849411,0.6539638638496399,0.5104871988296509,0.2324579209089279,0.6520322561264038,0.5105763077735901,0.2324333637952804,0.6498842239379883,0.5106260180473328,0.2322973310947418,0.6591126918792725,0.5087860822677612,0.2328951060771942,0.6608361601829529,0.507922887802124,0.2329127341508865,0.6624999046325684,0.5071424245834351,0.2328074425458908,0.6465995907783508,0.5152157545089722,0.1355091780424118,0.6645398139953613,0.5119497179985046,0.1366092711687088,0.6540333032608032,0.5316012501716614,0.2354380339384079,0.6594061851501465,0.5308376550674438,0.2360853403806686,0.6178909540176392,0.5623229146003723,0.0844835638999939,0.7096470594406128,0.5758775472640991,0.0734729096293449,0.6064324975013733,0.6520168781280518,0.015568621456623,0.7095853090286255,0.6552708745002747,0.0358891934156417,0.6469581127166748,0.6465272903442383,0.0071803084574639,0.6843155026435852,0.6581376194953918,0.0502561032772064,0.6523228287696838,0.6478017568588257,-0.0023495913483202,0.6795908808708191,0.6564322113990784,0.0554484836757183,0.6623441576957703,0.6385193467140198,0.0172543581575155,0.6730473041534424,0.6530596613883972,0.0574220120906829,0.6629395484924316,0.6378441452980042,0.0124054066836833,0.6722773909568787,0.6532269716262817,0.0501207821071147,0.6436324715614319,0.7690448760986328,0.014232637360692,0.6897938251495361,0.770995020866394,-0.0140279931947588,0.6300053000450134,0.9350995421409608,0.0488035306334495,0.6988410949707031,0.9390949606895448,0.0056471447460353,0.6134815812110901,1.0683215856552124,0.0866960287094116,0.7092899084091187,1.0808473825454712,0.0393355600535869,0.612533450126648,1.0917212963104248,0.0889952033758163,0.7061831951141357,1.104414701461792,0.0418189205229282,0.6109515428543091,1.0910624265670776,0.0542661547660827,0.7279607057571411,1.10327410697937,0.0049713901244103,15.359875917434692,neutro
1761586146.2462158,0,0.6562035083770752,0.5209276676177979,0.2533286511898041,0.6528462171554565,0.5103452205657959,0.2195582836866378,0.6509917378425598,0.5103405117988586,0.2196075171232223,0.648922324180603,0.5102738738059998,0.2195950001478195,0.6577610969543457,0.5087102055549622,0.2199306488037109,0.6593819856643677,0.5078246593475342,0.21987184882164,0.6609634160995483,0.507009744644165,0.2196911871433258,0.6454988121986389,0.5145847797393799,0.1035219430923461,0.6628252267837524,0.5116046667098999,0.1345462501049041,0.6527785062789917,0.5310465693473816,0.214808315038681,0.6577211618423462,0.530493974685669,0.2311201393604278,0.6171387434005737,0.560267984867096,0.0673334673047065,0.7075807452201843,0.5731517672538757,0.0673336535692215,0.6064134240150452,0.6518635153770447,0.1019246950745582,0.7019168734550476,0.653211236000061,0.0638140439987182,0.6472100019454956,0.6491578817367554,0.2099263221025467,0.6804124116897583,0.6578893661499023,0.1437581032514572,0.6523370742797852,0.6512426733970642,0.215416744351387,0.6760657429695129,0.6588417887687683,0.1605416536331176,0.662517249584198,0.6417601704597473,0.2188973426818847,0.6704485416412354,0.6547553539276123,0.163500428199768,0.6631034016609192,0.6405726075172424,0.2115072906017303,0.6701724529266357,0.6535542607307434,0.1460547000169754,0.6430808305740356,0.7682591080665588,0.012119410559535,0.6883203983306885,0.7696477174758911,-0.0119419787079095,0.6288883686065674,0.9350925087928772,0.044289007782936,0.697055459022522,0.9382349848747252,0.0071011609397828,0.6157310605049133,1.0682026147842407,0.0793521478772163,0.7066547274589539,1.0798240900039673,0.0407429821789264,0.6147979497909546,1.0915710926055908,0.0817111283540725,0.7041003704071045,1.1032434701919556,0.0432578437030315,0.6111940145492554,1.0909188985824585,0.0472031570971012,0.721901535987854,1.102882981300354,0.0057389698922634,15.408553123474121,neutro
1761586146.2921283,0,0.6539373397827148,0.5208175778388977,0.2460023611783981,0.6507167220115662,0.5102213025093079,0.2082721889019012,0.6488509178161621,0.5101600885391235,0.2083495557308197,0.6467493176460266,0.5100523233413696,0.2083415687084198,0.6556938886642456,0.5086866021156311,0.2132786512374878,0.6573916673660278,0.5078088045120239,0.2132430523633957,0.6591060757637024,0.5069965720176697,0.2130694687366485,0.6432054042816162,0.5144006013870239,0.093076691031456,0.6617869138717651,0.5114626288414001,0.1223900765180587,0.6506672501564026,0.5306331515312195,0.2052645236253738,0.6559399962425232,0.5302727818489075,0.2215044498443603,0.6150569915771484,0.5596621036529541,0.0548081994056701,0.7062651515007019,0.5721423029899597,0.0669422447681427,0.6052365899085999,0.6537072062492371,0.0717236772179603,0.7063432335853577,0.6536022424697876,0.0452356189489364,0.6460740566253662,0.6708124876022339,0.1696456521749496,0.677667498588562,0.6684758067131042,0.0878119617700576,0.6521261930465698,0.6752912402153015,0.1767915785312652,0.672363817691803,0.6731237769126892,0.1001666560769081,0.6616336107254028,0.6650910973548889,0.1835895329713821,0.6653603315353394,0.6675338745117188,0.1028054505586624,0.6628560423851013,0.6628828048706055,0.1731847673654556,0.6653661727905273,0.6645731329917908,0.0887025296688079,0.6411208510398865,0.7670906186103821,0.0127889346331357,0.6893675923347473,0.7691192030906677,-0.0126157458871603,0.6279846429824829,0.9348989129066468,0.0484978817403316,0.6969465017318726,0.9379399418830872,0.0080988397821784,0.6139875650405884,1.0678255558013916,0.0789827555418014,0.7070662975311279,1.079853892326355,0.0365081913769245,0.6129278540611267,1.0913124084472656,0.0810417085886001,0.7048870921134949,1.1033223867416382,0.0392667055130004,0.6101778149604797,1.090199589729309,0.0523396916687488,0.7227634787559509,1.1028695106506348,0.0035825613886117,15.454465627670288,neutro
1761586146.3393953,0,0.649537205696106,0.5134309530258179,0.2453949749469757,0.645584225654602,0.5029860138893127,0.2103025913238525,0.6433316469192505,0.5029877424240112,0.210308164358139,0.6408149003982544,0.5031300187110901,0.2102072238922119,0.6516827344894409,0.5022941827774048,0.2147838175296783,0.6537970900535583,0.5017789006233215,0.2147891223430633,0.6560484170913696,0.5013336539268494,0.2146772146224975,0.6352084279060364,0.5095900297164917,0.0904251262545585,0.6606076955795288,0.5066141486167908,0.1128848642110824,0.6459917426109314,0.5228787064552307,0.2071907073259353,0.6524155139923096,0.5229423642158508,0.215526133775711,0.6040350198745728,0.5607098340988159,0.0457431748509407,0.7059975862503052,0.571800947189331,0.06337171792984,0.5919256806373596,0.665699303150177,0.0904393196105957,0.7088655829429626,0.6657308340072632,0.125416412949562,0.6223820447921753,0.6855207681655884,0.2461725175380706,0.6782832145690918,0.6952070593833923,0.2772825062274933,0.6299420595169067,0.6908513307571411,0.2627367079257965,0.6721068024635315,0.7034337520599365,0.306722342967987,0.6410498023033142,0.6808154582977295,0.2669523060321808,0.6637827754020691,0.696424663066864,0.3040257394313812,0.6410457491874695,0.6776978969573975,0.2504546344280243,0.6638907194137573,0.6917354464530945,0.2795077264308929,0.6331749558448792,0.7658532857894897,0.0122603960335254,0.6893073916435242,0.7686225771903992,-0.0120702665299177,0.6262603402137756,0.9349034428596495,0.0483242087066173,0.6961121559143066,0.9376900792121888,0.0161518678069114,0.6119488477706909,1.069384217262268,0.0662958025932312,0.7075411677360535,1.0801982879638672,0.0372730456292629,0.6116257905960083,1.0935879945755005,0.068340815603733,0.7052474021911621,1.104446530342102,0.0400921404361724,0.6078994870185852,1.0907071828842163,0.0511531643569469,0.7232792973518372,1.1027138233184814,0.0114618903025984,15.501732587814331,neutro
1761586146.3867598,0,0.6476074457168579,0.5107543468475342,0.252071738243103,0.6432304978370667,0.4997115433216095,0.2146655619144439,0.6407797336578369,0.4995689690113067,0.2146655619144439,0.6381577849388123,0.4996360540390014,0.2145437002182006,0.6502183079719543,0.4993420839309692,0.2210216522216797,0.6526945233345032,0.4988638162612915,0.2210463732481002,0.6552245616912842,0.4984754920005798,0.2209511250257492,0.6330913305282593,0.5060845017433167,0.0882323160767555,0.6609207391738892,0.5035775303840637,0.1123580187559127,0.6440311074256897,0.5196601152420044,0.2110171616077423,0.6513468027114868,0.5200749635696411,0.2199824601411819,0.600827157497406,0.5620645880699158,0.0364260487258434,0.7067579030990601,0.5719349384307861,0.0608308725059032,0.586459755897522,0.6698951721191406,0.1154868453741073,0.7115631699562073,0.6678314805030823,0.140760913491249,0.6109557747840881,0.6858273148536682,0.308676928281784,0.6816312074661255,0.7209072113037109,0.2835915386676788,0.6165966391563416,0.6908560395240784,0.330937922000885,0.6742919683456421,0.7339020371437073,0.3119142353534698,0.6277729272842407,0.6812013387680054,0.3371736109256744,0.6642676591873169,0.7277684807777405,0.3067768216133117,0.6284209489822388,0.678066611289978,0.3154420256614685,0.6653560400009155,0.7211300134658813,0.2850165963172912,0.6303005218505859,0.7660502791404724,0.0085868146270513,0.6887449026107788,0.7686985731124878,-0.0084258960559964,0.6247262954711914,0.9362051486968994,0.0370099022984504,0.6961467266082764,0.938317060470581,0.0283443480730056,0.6110326051712036,1.075780987739563,0.0557385869324207,0.7076390981674194,1.0848305225372314,0.0420420542359352,0.6112650036811829,1.100108623504639,0.0578754767775535,0.7053350806236267,1.1095778942108154,0.0447416082024574,0.6058953404426575,1.0970723628997805,0.0436844602227211,0.7234337329864502,1.1061757802963257,0.0267575532197952,15.549097061157227,neutro
1761586146.434864,0,0.645797610282898,0.5085148215293884,0.2445754259824752,0.6412612199783325,0.4972466230392456,0.2080867737531662,0.6387394070625305,0.4971247315406799,0.2080828845500946,0.636106014251709,0.4972456395626068,0.2079609185457229,0.6487905383110046,0.4969615638256073,0.2138320952653885,0.6515058279037476,0.4965252578258514,0.2138560712337494,0.6542230844497681,0.4961863160133362,0.2137583047151565,0.6313815116882324,0.5039583444595337,0.0792802572250366,0.6607419848442078,0.5015788078308105,0.1115704998373985,0.6421155333518982,0.5174862742424011,0.2062688171863556,0.6501137614250183,0.5179545283317566,0.2137489020824432,0.5980217456817627,0.5643636584281921,0.0307349264621734,0.7070692777633667,0.5716670751571655,0.0491714254021644,0.5832980871200562,0.6731064915657043,0.1147627383470535,0.716960072517395,0.6692062020301819,0.1350124925374984,0.6074236035346985,0.6851518750190735,0.3022258877754211,0.6833547353744507,0.7221267819404602,0.287013828754425,0.6130280494689941,0.689291775226593,0.323567122220993,0.67461097240448,0.7343971729278564,0.3169209361076355,0.6233092546463013,0.6796872019767761,0.3317475914955139,0.6652725338935852,0.7290298342704773,0.3096277713775635,0.6239023804664612,0.6769876480102539,0.3095475137233734,0.6656082272529602,0.7230676412582397,0.2880989015102386,0.6290654540061951,0.7661891579627991,0.0093329139053821,0.688141942024231,0.7687217593193054,-0.0092059364542365,0.6231898069381714,0.936192512512207,0.0367127396166324,0.6959807276725769,0.9383231997489928,0.030203204602003,0.6078537702560425,1.0755975246429443,0.0564454011619091,0.7078172564506531,1.0846539735794067,0.0425305552780628,0.6073617339134216,1.0999815464019775,0.058681022375822,0.7055643200874329,1.1095255613327026,0.0452637150883674,0.6048396825790405,1.0968176126480105,0.0438260622322559,0.7271208167076111,1.1054110527038574,0.0316885188221931,15.597201347351074,neutro
1761586146.479247,0,0.6456050872802734,0.5076125860214233,0.2430204153060913,0.6409704685211182,0.4961695075035095,0.207356721162796,0.6384134292602539,0.4959701001644134,0.2073502540588379,0.6358411312103271,0.496006578207016,0.2072285413742065,0.6486278772354126,0.4960943162441253,0.2122729569673538,0.6512762308120728,0.495715320110321,0.2122963666915893,0.6539517641067505,0.4954197704792022,0.2122083455324173,0.6315410137176514,0.5025244951248169,0.0793720036745071,0.6604354381561279,0.500828206539154,0.1103395000100135,0.641757607460022,0.5164220333099365,0.2043206989765167,0.650022566318512,0.5168527960777283,0.2111124992370605,0.5968867540359497,0.5656042695045471,0.0296325236558914,0.7055894732475281,0.5711529850959778,0.0449587926268577,0.5822792053222656,0.6755295991897583,0.1096396297216415,0.7181066274642944,0.6704341769218445,0.1262760162353515,0.6090872287750244,0.6882070302963257,0.2874712347984314,0.6840129494667053,0.7163079380989075,0.2634447813034057,0.6153644919395447,0.6933517456054688,0.3077041506767273,0.6761120557785034,0.7274277806282043,0.2902575135231018,0.6258044242858887,0.6841461658477783,0.3137072920799255,0.6675516963005066,0.7217662334442139,0.2859655022621155,0.6262902021408081,0.6809032559394836,0.2935684323310852,0.6677697896957397,0.7163860201835632,0.264861524105072,0.6280050277709961,0.7661495804786682,0.0105559853836894,0.6872206926345825,0.7686960101127625,-0.0104294642806053,0.6228505373001099,0.9361859560012816,0.0360856875777244,0.6953169703483582,0.9381072521209716,0.0281754080206155,0.6070340275764465,1.0737534761428833,0.054695975035429,0.7078769207000732,1.0845309495925903,0.0326693877577781,0.6065008640289307,1.09824800491333,0.0566990450024604,0.7056732177734375,1.1093976497650146,0.0346687026321888,0.6044104695320129,1.0935156345367432,0.042907066643238,0.7286771535873413,1.1052532196044922,0.0191299766302108,15.641584396362305,neutro
1761586146.5254197,0,0.6460539102554321,0.5080721974372864,0.2409233748912811,0.6414484977722168,0.4965424835681915,0.2059182226657867,0.6387463212013245,0.496318370103836,0.2059166431427002,0.6360687613487244,0.4963053166866302,0.2057973593473434,0.649039089679718,0.4964783787727356,0.2103072106838226,0.6515448689460754,0.4961104094982147,0.2103346288204193,0.6541162729263306,0.4958274662494659,0.2102486342191696,0.6316136121749878,0.5026864409446716,0.0804900601506233,0.6599763035774231,0.5011947751045227,0.1074275970458984,0.6417912244796753,0.5168622732162476,0.2029874771833419,0.6500981450080872,0.5170735120773315,0.2097101956605911,0.5954653024673462,0.5671972036361694,0.0370256416499614,0.7042737603187561,0.5712683796882629,0.0361917614936828,0.5816848874092102,0.6778791546821594,0.1336142718791961,0.7204376459121704,0.6714898943901062,0.1226042509078979,0.6102157235145569,0.6859362721443176,0.3227798640727997,0.6877366900444031,0.713312566280365,0.2636460959911346,0.6171175241470337,0.6887463331222534,0.3438182771205902,0.6811897158622742,0.7224816679954529,0.2907649874687195,0.6274142265319824,0.6794893741607666,0.350324422121048,0.6715623140335083,0.7166801691055298,0.2834317982196808,0.6276024580001831,0.6772965788841248,0.3291530311107635,0.6716927886009216,0.7121906280517578,0.2643306851387024,0.627179741859436,0.76593017578125,0.0195212922990322,0.6865910291671753,0.7686534523963928,-0.0194031633436679,0.6224201321601868,0.9357619881629944,0.0361222624778747,0.6946650743484497,0.9379414916038512,0.0177427474409341,0.6049149036407471,1.0704615116119385,0.0539807975292205,0.7081236839294434,1.0836083889007568,0.0207469221204519,0.6030265092849731,1.0942714214324951,0.0558186471462249,0.7055779695510864,1.1085342168807983,0.0230345483869314,0.6043907403945923,1.0906263589859009,0.0425590798258781,0.7320258617401123,1.1041145324707031,0.0075490796007215,15.687757015228271,neutro
1761586146.5708716,0,0.6460322737693787,0.5075520873069763,0.2299887686967849,0.6413553953170776,0.4953329861164093,0.1955980360507965,0.6385674476623535,0.4950495958328247,0.195599764585495,0.6358375549316406,0.4950027167797088,0.1954964846372604,0.6489733457565308,0.4955508410930633,0.1989296972751617,0.6514390110969543,0.4953067898750305,0.1989500820636749,0.6539888381958008,0.4951609075069427,0.1988742351531982,0.6314985752105713,0.5016525387763977,0.0701765790581703,0.6595293283462524,0.5008854269981384,0.0876699537038803,0.6416682004928589,0.5165742635726929,0.1910795122385025,0.6500622034072876,0.5167746543884277,0.1960400640964508,0.5942338705062866,0.5688780546188354,0.028046291321516,0.7032449841499329,0.5716614127159119,0.0239577554166317,0.5806156992912292,0.6795982718467712,0.1250792145729065,0.7219815254211426,0.6727266311645508,0.1142950654029846,0.6034349799156189,0.6903669238090515,0.2973137497901916,0.6896221041679382,0.7145538330078125,0.2575083076953888,0.6092722415924072,0.6948303580284119,0.3170845210552215,0.6831360459327698,0.724900484085083,0.2841072678565979,0.6187812089920044,0.6856027245521545,0.3238685131072998,0.6738148927688599,0.7191916108131409,0.2785460352897644,0.6193270087242126,0.682537317276001,0.3036642670631408,0.674017608165741,0.7143096327781677,0.2585498392581939,0.6271749138832092,0.7658957839012146,0.0182629786431789,0.6864804625511169,0.7687073349952698,-0.0181614775210618,0.6220678091049194,0.9358060956001282,0.0398593731224536,0.6944704651832581,0.9379419088363647,0.0183450356125831,0.6048212051391602,1.0690745115280151,0.0620471239089965,0.7077704668045044,1.0833529233932495,0.0239775162190198,0.6031883955001831,1.0929057598114014,0.0643595829606056,0.7045875191688538,1.1084392070770264,0.0263288952410221,0.6042806506156921,1.0879751443862915,0.0541872084140777,0.7317985892295837,1.1030361652374268,0.012393295764923,15.733208894729614,neutro
1761586146.6178746,0,0.6465241312980652,0.5065510869026184,0.2038680762052536,0.6419401168823242,0.4936334788799286,0.1708199083805084,0.6391811966896057,0.4932741820812225,0.1708237826824188,0.6364270448684692,0.4931623339653015,0.1707218587398529,0.649391233921051,0.4941794574260711,0.1727801263332367,0.6518151164054871,0.4940926134586334,0.1728066205978393,0.6542986035346985,0.4941156804561615,0.1727306544780731,0.632105827331543,0.5000095963478088,0.053195022046566,0.659339189529419,0.5001286864280701,0.0630329549312591,0.6421763300895691,0.5158777236938477,0.1679477989673614,0.6504227519035339,0.5162113904953003,0.1709728688001632,0.5929005146026611,0.5706296563148499,0.0171364154666662,0.7007578015327454,0.5717312097549438,0.0041439281776547,0.5802059173583984,0.6816790699958801,0.1200677379965782,0.722396969795227,0.6724196672439575,0.0981304496526718,0.6032507419586182,0.6963328719139099,0.290050208568573,0.698664665222168,0.7128746509552002,0.2587984800338745,0.6097429990768433,0.7026437520980835,0.3104208111763,0.6953517198562622,0.7228341698646545,0.287563681602478,0.6186014413833618,0.6938111782073975,0.3160322904586792,0.6879000663757324,0.7163253426551819,0.2816855311393738,0.6187744140625,0.6901746392250061,0.2961529195308685,0.6868609189987183,0.7116767764091492,0.2607897818088531,0.6265882849693298,0.7664476037025452,0.0189876370131969,0.6858310103416443,0.7696380019187927,-0.0189141314476728,0.6213005185127258,0.9361408352851868,0.0534348599612712,0.6938014626502991,0.9383808970451356,0.0224908329546451,0.6025119423866272,1.0687081813812256,0.0847995653748512,0.7076566219329834,1.083889722824097,0.040398072451353,0.6005200743675232,1.0926488637924194,0.0880868434906005,0.7040087580680847,1.10950767993927,0.0441010072827339,0.6021860241889954,1.0865801572799685,0.0807814002037048,0.7314525842666626,1.1029136180877686,0.0305974092334508,15.780211925506592,neutro
1761586146.664462,0,0.6504207849502563,0.5060375928878784,0.1984549462795257,0.6460879445075989,0.4923179447650909,0.169203519821167,0.6433777809143066,0.4917505979537964,0.1691891402006149,0.6405568718910217,0.4913701713085174,0.1690775454044342,0.6517964601516724,0.4932012856006622,0.1669579297304153,0.65329509973526,0.4931852221488952,0.1670159995555877,0.6549283266067505,0.49327152967453,0.1669513285160064,0.6338445544242859,0.4981852769851684,0.0590856857597827,0.6586047410964966,0.4993452131748199,0.0569118075072765,0.6458000540733337,0.5157243609428406,0.1680985689163208,0.6522268056869507,0.516191840171814,0.165821686387062,0.589741051197052,0.5720509886741638,0.0276054497808218,0.6968816518783569,0.5714393854141235,-0.0066726123914122,0.5780422687530518,0.683334231376648,0.1192902103066444,0.719063401222229,0.6735871434211731,0.0617550499737262,0.60523521900177,0.7066382765769958,0.2659170925617218,0.6921998262405396,0.7212899327278137,0.2048657238483429,0.6149107217788696,0.7149803042411804,0.2868846356868744,0.6875856518745422,0.7333414554595947,0.2296966761350631,0.6262189149856567,0.7073277235031128,0.2886349558830261,0.6785195469856262,0.7271403670310974,0.2273967564105987,0.6229423880577087,0.7030192017555237,0.2694922089576721,0.6780898571014404,0.7215608954429626,0.2075866907835006,0.6232621073722839,0.7666854858398438,0.0330118797719478,0.6834419369697571,0.7696775794029236,-0.0329854264855384,0.6209448575973511,0.9345404505729676,0.0861605629324913,0.6932674050331116,0.9371175765991212,0.0313374362885952,0.6010335683822632,1.062280535697937,0.1389495432376861,0.7076226472854614,1.0806846618652344,0.0676200836896896,0.5977627038955688,1.087178111076355,0.1450053006410598,0.7026172876358032,1.1074055433273315,0.0734653547406196,0.6037105917930603,1.0782122611999512,0.1435042470693588,0.7344001531600952,1.0967319011688232,0.0636209324002265,15.826799392700195,neutro
1761586146.7111726,0,0.6524401903152466,0.5059789419174194,0.1858011186122894,0.6480833292007446,0.4920714497566223,0.1574810743331909,0.6453052163124084,0.4915242791175842,0.1574585139751434,0.6423230767250061,0.4911268651485443,0.1573334783315658,0.6533471345901489,0.4928606152534485,0.1542856395244598,0.6545067429542542,0.4928096830844879,0.1543503254652023,0.6557172536849976,0.4928514063358307,0.1542912125587463,0.63455730676651,0.4977785944938659,0.0581248216331005,0.6582302451133728,0.4989322423934936,0.046833362430334,0.6473104357719421,0.515821099281311,0.1577812880277633,0.6533674597740173,0.5163017511367798,0.1543109118938446,0.588927686214447,0.5735393166542053,0.0304909646511077,0.6946371793746948,0.5710706114768982,-0.016825433820486,0.5782457590103149,0.6822023987770081,0.1185171604156494,0.7175613641738892,0.6735660433769226,0.0445693060755729,0.6139875650405884,0.7000162601470947,0.2727814316749573,0.6921157836914062,0.7221422791481018,0.1718417108058929,0.6253979802131653,0.7062276005744934,0.2946653366088867,0.6873881220817566,0.7343175411224365,0.1925301551818847,0.6373353600502014,0.6977307796478271,0.2924254834651947,0.6785004138946533,0.7271623611450195,0.1901427507400512,0.6345832943916321,0.6944921016693115,0.2748304903507232,0.678092360496521,0.7214572429656982,0.1740776598453521,0.6211767196655273,0.766699492931366,0.0390451923012733,0.6819738149642944,0.7695913314819336,-0.0390032678842544,0.6198669672012329,0.931406795978546,0.1118316873908042,0.6928322911262512,0.9362004399299622,0.037052609026432,0.6002495884895325,1.0497394800186155,0.1819345653057098,0.7037729024887085,1.0798412561416626,0.0887640491127967,0.5961357951164246,1.074115753173828,0.1898708939552307,0.6971620321273804,1.1067960262298584,0.0963964983820915,0.6050212979316711,1.0655081272125244,0.1915289461612701,0.733784556388855,1.0958199501037598,0.0852082148194313,15.873509883880615,neutro
1761586146.758622,0,0.6528488397598267,0.5061235427856445,0.1877939850091934,0.648461639881134,0.492342472076416,0.1591916978359222,0.6456015706062317,0.4918560981750488,0.1591737270355224,0.6425159573554993,0.4915089011192322,0.1590498387813568,0.653746485710144,0.4929664433002472,0.1564646065235138,0.6548097729682922,0.4928627908229828,0.1565211564302444,0.655847430229187,0.4928535223007202,0.1564552336931228,0.6347240209579468,0.4979990422725677,0.0591814927756786,0.6578194499015808,0.4988399147987366,0.0485633537173271,0.6475003361701965,0.5159536600112915,0.1588068902492523,0.6536054611206055,0.5163969397544861,0.155883640050888,0.588147759437561,0.5755831599235535,0.0342548005282878,0.6907848119735718,0.5692024230957031,-0.0156420189887285,0.5784626603126526,0.6819742918014526,0.121066614985466,0.7158915996551514,0.673488974571228,0.0575850792229175,0.6182866096496582,0.6973312497138977,0.2802473604679107,0.6919440031051636,0.7194554805755615,0.1989182233810424,0.6291515231132507,0.7028394937515259,0.302169919013977,0.6872545480728149,0.7307358980178833,0.2228939533233642,0.6406911611557007,0.695648729801178,0.3021434247493744,0.6784726977348328,0.7248080372810364,0.219572827219963,0.6386009454727173,0.6927778124809265,0.2833496034145355,0.678062915802002,0.7194635272026062,0.201211929321289,0.6212962865829468,0.7677958607673645,0.038679651916027,0.6811119914054871,0.7697513699531555,-0.0386327467858791,0.619742751121521,0.9313064217567444,0.1084970086812973,0.6929336786270142,0.9361798763275146,0.037447202950716,0.5991241335868835,1.0472244024276731,0.1706461012363433,0.704081654548645,1.078474044799805,0.0842465907335281,0.5946470499038696,1.071179986000061,0.1777679622173309,0.6976017355918884,1.105670690536499,0.0914518758654594,0.6050232648849487,1.063286304473877,0.1803727000951767,0.7336132526397705,1.0941240787506104,0.0822129696607589,15.920959234237671,neutro
1761586146.805751,0,0.6542242765426636,0.5061644911766052,0.1501285880804062,0.6497981548309326,0.4923324882984161,0.123309388756752,0.6471152901649475,0.4918698668479919,0.1232968941330909,0.6441811323165894,0.491542249917984,0.1231768131256103,0.6547068357467651,0.4928691685199737,0.1181532591581344,0.655605673789978,0.4927349984645843,0.1181976199150085,0.6563960313796997,0.4927026033401489,0.1181135773658752,0.6357845664024353,0.4979821443557739,0.032692514359951,0.6574341058731079,0.4987037777900696,0.011850569397211,0.6488243341445923,0.5160357356071472,0.1246183663606643,0.6544228792190552,0.5164632201194763,0.1189358085393905,0.5884901285171509,0.5764598250389099,0.0285969115793705,0.6894891262054443,0.5685744881629944,-0.0534022077918052,0.5791999101638794,0.6816164255142212,0.1218043118715286,0.7147344946861267,0.6716170907020569,0.0251627955585718,0.6232976913452148,0.6957123279571533,0.2739309668540954,0.7165488004684448,0.7078413367271423,0.1902526170015335,0.6344996690750122,0.7003106474876404,0.2940982282161712,0.7211865782737732,0.7145408391952515,0.2144570052623748,0.6442554593086243,0.6906378865242004,0.2915072739124298,0.7160399556159973,0.7023686766624451,0.2127041816711425,0.642102837562561,0.689103901386261,0.2760905027389526,0.7119672298431396,0.6993867754936218,0.1947818100452423,0.6216663122177124,0.7688434720039368,0.0416096523404121,0.6800089478492737,0.7698394656181335,-0.0415940955281257,0.6197256445884705,0.9314255118370056,0.1069110482931137,0.6929785013198853,0.936208724975586,0.0357722118496894,0.5985751152038574,1.0485856533050537,0.1611634492874145,0.703518807888031,1.0767426490783691,0.0773699134588241,0.5933102369308472,1.0730454921722412,0.1671533435583114,0.6967345476150513,1.104485273361206,0.0842010527849197,0.6059807538986206,1.0643038749694824,0.1664326041936874,0.7337826490402222,1.0903456211090088,0.0735718086361885,15.968088388442993,neutro
1761586146.850798,0,0.6557436585426331,0.5062811970710754,0.1432669460773468,0.6510854959487915,0.4925480186939239,0.1166364774107933,0.6484731435775757,0.4920983910560608,0.1166309863328933,0.6456308960914612,0.4917804598808288,0.1165127158164978,0.6558696627616882,0.4930362403392792,0.1111836805939674,0.656713604927063,0.4928851723670959,0.1112336888909339,0.6573813557624817,0.4928355515003204,0.1111506670713424,0.636868953704834,0.4980837702751159,0.0278448611497879,0.6573879718780518,0.4987607300281524,0.0058894716203212,0.6504610180854797,0.5161369442939758,0.1185985431075096,0.6558502316474915,0.5165355801582336,0.1125496178865432,0.5881900787353516,0.5770342946052551,0.0283817797899246,0.6875733137130737,0.567889928817749,-0.0603858418762683,0.578916072845459,0.6812041997909546,0.140439286828041,0.714812159538269,0.6689996719360352,0.0178483724594116,0.6233149766921997,0.6867334842681885,0.3035036623477936,0.7261394262313843,0.6841177344322205,0.1814247667789459,0.634452760219574,0.6885861754417419,0.3257941305637359,0.7352269887924194,0.7021579742431641,0.2044516056776046,0.6442687511444092,0.6776641011238098,0.3225939273834228,0.7308439016342163,0.6890376806259155,0.203365758061409,0.6421598196029663,0.6773768067359924,0.3062805235385895,0.7260940074920654,0.6866782903671265,0.1867223680019378,0.6213282942771912,0.7700157761573792,0.0438633896410465,0.6788867712020874,0.7704507112503052,-0.0438504852354526,0.6198402047157288,0.9319273233413696,0.1077407971024513,0.6929947137832642,0.9367867112159728,0.0347362719476223,0.5985962748527527,1.0499143600463867,0.1607585847377777,0.7020463943481445,1.0768922567367554,0.0741783455014228,0.593074381351471,1.0745807886123655,0.166688784956932,0.6945338845252991,1.104788899421692,0.0808523446321487,0.6079179048538208,1.0650476217269895,0.1677100956439972,0.7338878512382507,1.0907227993011477,0.0713358223438263,16.013135194778442,neutro
1761586146.897215,0,0.6556097269058228,0.5063488483428955,0.144163891673088,0.6509445309638977,0.4926958978176117,0.1192557662725448,0.6483274698257446,0.492260605096817,0.1192488223314285,0.6454944014549255,0.491961658000946,0.1191427856683731,0.6558557748794556,0.4931532740592956,0.1120203286409378,0.6567348837852478,0.4929944574832916,0.1120623722672462,0.6573938131332397,0.4929366111755371,0.1119741350412368,0.6368006467819214,0.4982038736343384,0.0339349322021007,0.656770646572113,0.4988316893577575,0.0047810636460781,0.6503745317459106,0.5161576867103577,0.1207068786025047,0.6558667421340942,0.5166023969650269,0.1123391985893249,0.5868998169898987,0.5778412222862244,0.0314111821353435,0.685217022895813,0.567317545413971,-0.0659926682710647,0.5791699886322021,0.6812765002250671,0.1347448676824569,0.7142844200134277,0.6671068072319031,0.013064494356513,0.6237365007400513,0.6866973638534546,0.3017290532588959,0.7181411981582642,0.6785282492637634,0.1856938898563385,0.6349738836288452,0.6885862350463867,0.3220606446266174,0.7229151129722595,0.6972943544387817,0.2108029127120971,0.6441333889961243,0.6777055263519287,0.3176735937595367,0.7174508571624756,0.6858394145965576,0.2091093957424163,0.6420636177062988,0.6773624420166016,0.3033654391765594,0.7140887379646301,0.6837362051010132,0.1908409148454666,0.6208927035331726,0.7709685564041138,0.0490059927105903,0.6780616044998169,0.7710362672805786,-0.0490445420145988,0.6198865175247192,0.9319989085197448,0.119413673877716,0.6925675272941589,0.9370511174201964,0.0330351144075393,0.5988911390304565,1.047807216644287,0.1741687357425689,0.7006997466087341,1.076990008354187,0.0716035440564155,0.5932929515838623,1.0732873678207395,0.1803001910448074,0.6925366520881653,1.1053898334503174,0.0781219154596328,0.6110615134239197,1.060740351676941,0.1860223710536956,0.7342355847358704,1.0905258655548096,0.0691454261541366,16.05955219268799,neutro
1761586146.9455743,0,0.6556426882743835,0.5064732432365417,0.1380599737167358,0.6509292721748352,0.4927989244461059,0.1150673851370811,0.648299515247345,0.4923562407493591,0.115057848393917,0.6454693675041199,0.4920283854007721,0.1149564161896705,0.6559357047080994,0.4932256937026977,0.1059053167700767,0.65684974193573,0.4930443167686462,0.1059362441301345,0.6575198769569397,0.4929589927196502,0.1058390885591507,0.6368419528007507,0.4983152747154236,0.0350275710225105,0.6563935279846191,0.498885840177536,-0.0023324261419475,0.6503945589065552,0.5162832140922546,0.11611108481884,0.6559890508651733,0.5167166590690613,0.1053730994462966,0.5862249135971069,0.5781399011611938,0.0381293483078479,0.6840084791183472,0.5663614869117737,-0.0752805992960929,0.5793477892875671,0.6813022494316101,0.1376495510339737,0.7128602862358093,0.6655041575431824,0.0024346602149307,0.6262167692184448,0.6853458881378174,0.2866511642932892,0.71507728099823,0.6717138886451721,0.179870530962944,0.6376832127571106,0.6875743269920349,0.3064779639244079,0.7236438989639282,0.6768944263458252,0.2047010660171508,0.6458488702774048,0.6769617795944214,0.2999823093414306,0.7142607569694519,0.6716954112052917,0.2040708810091018,0.6436601877212524,0.6765434145927429,0.2865402400493622,0.7182186841964722,0.6698171496391296,0.1858396381139755,0.6206417679786682,0.771412193775177,0.0535634942352771,0.6773388385772705,0.7710850238800049,-0.0535968616604805,0.6199532747268677,0.9320402145385742,0.1161543279886245,0.6924304366111755,0.9371264576911926,0.0197003111243248,0.5990472435951233,1.0478050708770752,0.163676455616951,0.7006362676620483,1.077017068862915,0.0532029941678047,0.5936763882637024,1.0735856294631958,0.1685462146997451,0.6923063397407532,1.106026530265808,0.0593922547996044,0.6144071817398071,1.060598611831665,0.1695100367069244,0.7355285882949829,1.090625286102295,0.04834820702672,16.107911586761475,neutro
1761586146.99193,0,0.6555877923965454,0.5063595175743103,0.1389402896165847,0.6508748531341553,0.4926361441612243,0.1168234199285507,0.6482633352279663,0.4922286570072174,0.1168119087815284,0.6454537510871887,0.4919289052486419,0.1167181134223938,0.6557849049568176,0.4929836392402649,0.1070263013243675,0.6566845178604126,0.4927792549133301,0.1070481911301612,0.657389760017395,0.4926717877388,0.1069507449865341,0.6367595791816711,0.498168021440506,0.0382590368390083,0.6556602716445923,0.4986847341060638,-0.0012931951787322,0.6503410339355469,0.5162922739982605,0.117624782025814,0.6559473276138306,0.5167545676231384,0.1060261875391006,0.585722804069519,0.578311026096344,0.0436770059168338,0.6833241581916809,0.5657699704170227,-0.0741958245635032,0.5794345140457153,0.6813875436782837,0.1356906294822693,0.7089887857437134,0.665651261806488,0.0059699132107198,0.6272101402282715,0.6852594017982483,0.2697577476501465,0.7124422788619995,0.6694630980491638,0.1878899782896042,0.638626217842102,0.687579333782196,0.2891767621040344,0.7219139337539673,0.6743028163909912,0.2120690643787384,0.6464311480522156,0.6769853830337524,0.2854589819908142,0.714898407459259,0.6649205088615417,0.2087242901325225,0.6441980600357056,0.676581084728241,0.2706796824932098,0.7136815786361694,0.6647748947143555,0.1922243535518646,0.6191913485527039,0.7715248465538025,0.0557486116886138,0.6770628094673157,0.7710613012313843,-0.0558041743934154,0.6199948787689209,0.9320945739746094,0.1186476722359657,0.6922340393066406,0.9371119141578674,0.0153419692069292,0.5992438793182373,1.0467170476913452,0.1646437346935272,0.700951337814331,1.0771194696426392,0.0481261573731899,0.5937511324882507,1.0730139017105105,0.1691950410604477,0.6928152441978455,1.1063628196716309,0.0541941002011299,0.6159866452217102,1.058385968208313,0.1706455945968628,0.7379987239837646,1.090004563331604,0.042879395186901,16.15426731109619,neutro
1761586147.0386086,0,0.6551207900047302,0.5063973665237427,0.1274997293949127,0.6503738164901733,0.4927045702934265,0.1101466566324234,0.6477785110473633,0.4923043847084045,0.1101321801543235,0.645014762878418,0.4920164942741394,0.1100426763296127,0.655202329158783,0.493043452501297,0.0957392081618309,0.6560665965080261,0.4928376972675323,0.0957357361912727,0.6567767858505249,0.4927297532558441,0.0956369414925575,0.636176347732544,0.4981889128684997,0.0409662686288356,0.6542489528656006,0.4987089335918426,-0.0125368293374776,0.650037407875061,0.516323983669281,0.1116660237312316,0.6553376913070679,0.5168951749801636,0.0940285474061966,0.5850170254707336,0.578227698802948,0.0680924579501152,0.6780386567115784,0.56572026014328,-0.091825470328331,0.5826708078384399,0.6813174486160278,0.1621609628200531,0.6965821981430054,0.6672998070716858,-0.0215781107544899,0.629984974861145,0.6852396130561829,0.2695541381835937,0.7144519090652466,0.6687781810760498,0.1575619429349899,0.6400865912437439,0.6876895427703857,0.2866070568561554,0.7228972911834717,0.6729972958564758,0.1778075248003006,0.6472030878067017,0.6770551204681396,0.2808340787887573,0.721419095993042,0.6660720705986023,0.1770659387111663,0.6453631520271301,0.6766778230667114,0.269421637058258,0.7180165648460388,0.6651136875152588,0.1634770780801773,0.6173400282859802,0.7718641757965088,0.0662411898374557,0.673272967338562,0.7710755467414856,-0.0663124024868011,0.6200186014175415,0.9321396350860596,0.1248014718294143,0.6917223334312439,0.9372901320457458,0.0029503223486244,0.6015368103981018,1.047435641288757,0.1742610037326812,0.6994262337684631,1.0772459506988523,0.0416769310832023,0.594192624092102,1.073345422744751,0.1784944832324981,0.6899462342262268,1.1071337461471558,0.0481827594339847,0.6243211627006531,1.0597141981124878,0.1718428432941436,0.7386634945869446,1.0899925231933594,0.028715431690216,16.20094585418701,neutro
1761586147.0859437,0,0.6553984880447388,0.5078732967376709,0.1108102351427078,0.6507009863853455,0.4936846196651459,0.0971064716577529,0.6482373476028442,0.493120402097702,0.097093753516674,0.6456030607223511,0.4926396906375885,0.0970071405172348,0.6552180051803589,0.4940598309040069,0.0795475170016288,0.6560634970664978,0.4937337040901184,0.0795419886708259,0.6567363142967224,0.4934727847576141,0.0794547945261001,0.6362632513046265,0.4982207119464874,0.0414401739835739,0.6529709696769714,0.4987984299659729,-0.0262263361364603,0.6503029465675354,0.5179290175437927,0.0999213531613349,0.6553260087966919,0.518660843372345,0.0781263038516044,0.5844365358352661,0.5781484842300415,0.0734616816043853,0.6742463707923889,0.5655146837234497,-0.1064154058694839,0.5827837586402893,0.6817023158073425,0.1710341423749923,0.6938671469688416,0.6674607396125793,-0.0445188209414482,0.6292955279350281,0.6851397752761841,0.2704258561134338,0.7199631333351135,0.6721431612968445,0.1265114098787307,0.6393357515335083,0.6876259446144104,0.2869661748409271,0.7328659296035767,0.6762459874153137,0.1438321769237518,0.6471517086029053,0.6769973039627075,0.2807525992393493,0.733827531337738,0.6683160066604614,0.1441924273967743,0.6451871395111084,0.6766442656517029,0.2703852951526642,0.7240322828292847,0.6679260730743408,0.1329611986875534,0.6160551905632019,0.7718850374221802,0.0700895711779594,0.6707456707954407,0.7710476517677307,-0.070165604352951,0.6197797060012817,0.9319224953651428,0.1319435685873031,0.6906696557998657,0.9368523359298706,0.0029833067674189,0.6022372245788574,1.0479364395141602,0.1876932680606842,0.6972967982292175,1.0770095586776731,0.0453447252511978,0.5943474769592285,1.073625564575195,0.192697137594223,0.6871360540390015,1.1070561408996582,0.0516452565789222,0.6259951591491699,1.059909462928772,0.1870017647743225,0.738381028175354,1.0880275964736938,0.0342581532895565,16.248281002044678,neutro
1761586147.1338837,0,0.6553688645362854,0.5080534219741821,0.108175553381443,0.6506572961807251,0.4937810599803924,0.0951690524816513,0.6482141613960266,0.4932003617286682,0.095160111784935,0.6456576585769653,0.492696613073349,0.0950776785612106,0.6548582315444946,0.4941463768482208,0.0771893635392189,0.6555348634719849,0.4937997162342071,0.0771834552288055,0.6560577154159546,0.4935213029384613,0.07710762321949,0.6362964510917664,0.4982618689537048,0.042270042002201,0.6519444584846497,0.4988074600696563,-0.0293071158230304,0.6502861976623535,0.5181636214256287,0.0973537489771843,0.6549979448318481,0.5190044641494751,0.0749146416783332,0.5846096277236938,0.5778570175170898,0.0741777122020721,0.6726664900779724,0.5653461217880249,-0.1085066795349121,0.5845983028411865,0.68243408203125,0.1649911105632782,0.6906291246414185,0.6678668856620789,-0.0483398213982582,0.6294642686843872,0.6861342787742615,0.2598724961280823,0.7184292078018188,0.6717644929885864,0.1208320632576942,0.639244556427002,0.6891800165176392,0.2735279500484466,0.7329656481742859,0.6756356954574585,0.1379598677158355,0.6468505263328552,0.678805410861969,0.2667869925498962,0.7326151132583618,0.6668260097503662,0.1380064636468887,0.6450105309486389,0.6784718632698059,0.2583913803100586,0.7221944332122803,0.6672013401985168,0.1269382536411285,0.6159038543701172,0.7720897197723389,0.0696002691984176,0.6699444651603699,0.7711235284805298,-0.0696674063801765,0.6197919845581055,0.9315851926803588,0.1307583153247833,0.6904177069664001,0.9362130761146544,0.0057490384206175,0.6028032898902893,1.0482763051986694,0.1848793923854828,0.6964718103408813,1.075209379196167,0.0457921288907527,0.5944622755050659,1.0739519596099854,0.1896053552627563,0.6861289739608765,1.105845332145691,0.0534525103867054,0.627379834651947,1.059980392456055,0.1826192587614059,0.7383736371994019,1.0836246013641355,0.0370181910693645,16.296221017837524,neutro
1761586147.177289,0,0.6549579501152039,0.5082303881645203,0.1000158786773681,0.6505137085914612,0.493809312582016,0.0876797065138816,0.6481791734695435,0.49321448802948,0.0876662209630012,0.6456859111785889,0.4927304983139038,0.087590254843235,0.6538516879081726,0.4941958785057068,0.0693641081452369,0.6542668342590332,0.4938411116600036,0.0693549066781997,0.6545692682266235,0.4935596883296966,0.0692764520645141,0.6365000009536743,0.4982775151729584,0.0431846976280212,0.650121808052063,0.4988272786140442,-0.0335384681820869,0.6502648591995239,0.5184449553489685,0.0913098976016044,0.6543305516242981,0.5194140076637268,0.0683933570981025,0.584708571434021,0.5778301358222961,0.0735709220170974,0.6712597012519836,0.5647972822189331,-0.1123724952340126,0.5851241946220398,0.6820049285888672,0.1597736626863479,0.6910752058029175,0.6667903661727905,-0.0520746000111103,0.6292349100112915,0.6918252110481262,0.2496252506971359,0.7199612855911255,0.6735837459564209,0.1263497620820999,0.638835608959198,0.6982186436653137,0.2628068029880523,0.7344748377799988,0.6781651377677917,0.144576147198677,0.6465672850608826,0.6891114711761475,0.2560350298881531,0.7330604195594788,0.6699312925338745,0.1452006250619888,0.6448203325271606,0.687857985496521,0.247894287109375,0.7224447727203369,0.6696142554283142,0.1327761113643646,0.615260899066925,0.7721105813980103,0.0701287910342216,0.6697983741760254,0.7711125612258911,-0.0702555254101753,0.6195598840713501,0.9315972924232484,0.1387611329555511,0.6902824640274048,0.936202108860016,0.0072363736107945,0.6026797890663147,1.0483572483062744,0.1976385414600372,0.6962288618087769,1.0751944780349731,0.0540418215095996,0.5940622687339783,1.0743145942687988,0.2028911411762237,0.6860378980636597,1.1057945489883425,0.0625441521406173,0.6260212063789368,1.0599623918533323,0.1959263831377029,0.7382044792175293,1.083556056022644,0.0419626012444496,16.33962631225586,neutro
1761586147.2257416,0,0.6548208594322205,0.508795976638794,0.1018310561776161,0.6503922343254089,0.4942435324192047,0.089597500860691,0.6481581330299377,0.4936312437057495,0.0895846337080001,0.645671010017395,0.4931195676326751,0.0895143300294876,0.653209924697876,0.4946622252464294,0.0712441653013229,0.6534848809242249,0.4943181276321411,0.0712362378835678,0.6536586880683899,0.494060069322586,0.0711580663919448,0.6365126371383667,0.4983679056167602,0.0443401560187339,0.6492536067962646,0.4991628527641296,-0.0321117043495178,0.6502584218978882,0.5191500186920166,0.0929510965943336,0.6539961695671082,0.5202714800834656,0.0700001046061515,0.5843784809112549,0.578008770942688,0.0743909254670143,0.6713923215866089,0.5645957589149475,-0.1099196076393127,0.5851892232894897,0.682433545589447,0.15932497382164,0.6859572529792786,0.6668832302093506,-0.0471477881073951,0.6290450096130371,0.6965688467025757,0.2221653759479522,0.7148345708847046,0.6744844317436218,0.136476531624794,0.6385482549667358,0.7035713195800781,0.233283445239067,0.7326837778091431,0.6796990036964417,0.1562377959489822,0.6463680863380432,0.6944041848182678,0.2272616177797317,0.7298713326454163,0.6702125668525696,0.1577129364013672,0.6446853876113892,0.692888081073761,0.2200735062360763,0.7189727425575256,0.6703630685806274,0.1432743668556213,0.6147249937057495,0.7724726796150208,0.0703818947076797,0.6693431735038757,0.7714490294456482,-0.0704982653260231,0.6193247437477112,0.9316080808639526,0.1370745152235031,0.6899864673614502,0.9352888464927672,0.0075495862402021,0.6026580333709717,1.0485352277755735,0.1949254423379898,0.6961396336555481,1.0737794637680054,0.0565394163131713,0.5940402746200562,1.0745116472244265,0.200093075633049,0.6860867142677307,1.104086995124817,0.0649804770946502,0.6256920695304871,1.0602869987487793,0.1927279382944107,0.7381608486175537,1.0825270414352417,0.0431792102754116,16.388078927993774,neutro
1761586147.2720876,0,0.6544588804244995,0.5090505480766296,0.0990899503231048,0.6501632928848267,0.4945040643215179,0.0862052291631698,0.6481245160102844,0.4939237534999847,0.0861908495426178,0.6456591486930847,0.4934383928775787,0.0861132889986038,0.6525954008102417,0.4948917031288147,0.0687816888093948,0.6528481245040894,0.4945527911186218,0.0687811821699142,0.6530290842056274,0.4943046867847442,0.0687122195959091,0.6366757750511169,0.4985212385654449,0.0424746051430702,0.6489964723587036,0.4994174838066101,-0.0336140021681785,0.6502462029457092,0.5195310115814209,0.0893063694238662,0.6536449193954468,0.5206664204597473,0.0675260499119758,0.5842745304107666,0.5781166553497314,0.070290021598339,0.6720691919326782,0.5646265745162964,-0.1095084175467491,0.5851643085479736,0.6827072501182556,0.1557352244853973,0.6877452731132507,0.6669247150421143,-0.0507620796561241,0.6281516551971436,0.6964291930198669,0.2369110137224197,0.7174185514450073,0.6753075122833252,0.1188166588544845,0.6375638246536255,0.7028276920318604,0.25019171833992,0.7337096333503723,0.6807958483695984,0.1353550851345062,0.6451352834701538,0.6937646269798279,0.2440340518951416,0.7321916818618774,0.6713866591453552,0.1360731571912765,0.643332839012146,0.6923686861991882,0.2356426417827606,0.7211369276046753,0.671288788318634,0.125015452504158,0.6141058802604675,0.7724740505218506,0.0693189948797226,0.6684725880622864,0.7715244293212891,-0.0694170147180557,0.6192606091499329,0.9311753511428832,0.1334718465805053,0.6890050172805786,0.9350659251213074,0.0058349724858999,0.6025506258010864,1.0481765270233154,0.1901206076145172,0.6960127949714661,1.0738083124160769,0.0547208376228809,0.5939742922782898,1.0744893550872805,0.1951424181461334,0.6861007809638977,1.104203701019287,0.0626977458596229,0.6251829862594604,1.0597310066223145,0.1869630068540573,0.7381147146224976,1.083004355430603,0.0388728603720665,16.434424877166748,neutro
1761586147.3206716,0,0.6541025042533875,0.5091649889945984,0.0998452082276344,0.6499595642089844,0.4945680201053619,0.0872380211949348,0.6480768918991089,0.4939913749694824,0.0872238725423812,0.6456466913223267,0.49350705742836,0.0871561020612716,0.6522524952888489,0.4949415624141693,0.0696071982383728,0.6525540351867676,0.4945928752422333,0.0696036368608474,0.6528080701828003,0.4943360686302185,0.0695269256830215,0.6368126273155212,0.4985305964946747,0.0426938906311988,0.6489944458007812,0.4994450211524963,-0.0319711938500404,0.650204598903656,0.5196834802627563,0.0907222777605056,0.6533364653587341,0.5208426117897034,0.0686903446912765,0.5842856764793396,0.5780957341194153,0.0710044056177139,0.6726107597351074,0.5646425485610962,-0.1067561134696006,0.585040807723999,0.6826651096343994,0.149665281176567,0.6847416162490845,0.6668926477432251,-0.0454423874616622,0.6281045079231262,0.6998451352119446,0.21827033162117,0.7110143303871155,0.675859272480011,0.1324017494916916,0.6374601125717163,0.7075652480125427,0.2302955687046051,0.7275098562240601,0.6809650659561157,0.1514164358377456,0.6450706720352173,0.6988972425460815,0.2240356206893921,0.7306684851646423,0.6720348596572876,0.1517683863639831,0.6433016061782837,0.6969665884971619,0.2163596451282501,0.7157872915267944,0.6712866425514221,0.1385708749294281,0.6131168603897095,0.7724676728248596,0.0693474262952804,0.6680527329444885,0.7715226411819458,-0.0694516748189926,0.6195396184921265,0.9310253262519836,0.1314704567193985,0.688876211643219,0.9340755343437196,0.001608737045899,0.6025014519691467,1.048280954360962,0.1877148449420929,0.6961062550544739,1.0734683275222778,0.0514872670173645,0.5939503908157349,1.074637532234192,0.1925747990608215,0.686358630657196,1.1035536527633667,0.0590219981968402,0.6248190402984619,1.059775710105896,0.1837024986743927,0.7380775809288025,1.083167552947998,0.0340869352221488,16.483008861541748,neutro
1761586147.36506,0,0.6532340049743652,0.5091027617454529,0.1006777286529541,0.6492896676063538,0.4944410622119903,0.0887890830636024,0.6476039290428162,0.4938827455043793,0.0887739360332489,0.6454105377197266,0.4934138059616089,0.0887062400579452,0.6515548825263977,0.4947995841503143,0.0712643861770629,0.6519362926483154,0.4944467544555664,0.0712590366601944,0.6522876024246216,0.4941869378089905,0.0711833909153938,0.6368036866188049,0.4984254539012909,0.0468539521098136,0.6488031148910522,0.4993732273578644,-0.0278118699789047,0.649908185005188,0.5196409821510315,0.0924332961440086,0.6527643203735352,0.5208263993263245,0.0705732330679893,0.584265410900116,0.5777943134307861,0.0741318091750145,0.6731008291244507,0.5646551251411438,-0.1025850549340248,0.5835204720497131,0.6827051639556885,0.1454186588525772,0.6815961003303528,0.6682155728340149,-0.043982557952404,0.6284387111663818,0.6994755864143372,0.2094217538833618,0.7069448232650757,0.6761836409568787,0.1357658803462982,0.6381139755249023,0.7065005898475647,0.2205614745616912,0.723262369632721,0.68121337890625,0.1556445658206939,0.6456341743469238,0.6977159380912781,0.2140052020549774,0.727209746837616,0.6716005206108093,0.1573756635189056,0.6437197923660278,0.6960535049438477,0.2071202099323272,0.7123242020606995,0.6712268590927124,0.1426821649074554,0.6124775409698486,0.7724143862724304,0.0695262625813484,0.6677290201187134,0.7714968323707581,-0.0696239322423935,0.6195560693740845,0.9307940602302552,0.1317387968301773,0.6887972354888916,0.9333034157752992,-0.0018474239623174,0.6024989485740662,1.0474278926849363,0.1869868040084839,0.6961888074874878,1.073493242263794,0.0455586090683937,0.5939894914627075,1.0737900733947754,0.1916452348232269,0.6865419149398804,1.1034497022628784,0.0526310577988624,0.6246410608291626,1.0593544244766235,0.1828839778900146,0.7380725145339966,1.0833747386932373,0.0291189346462488,16.527397394180298,neutro
1761586147.4124084,0,0.6512838006019592,0.5088915824890137,0.1156398206949234,0.6476264595985413,0.4943121373653412,0.1026186347007751,0.6458688974380493,0.4937925338745117,0.1026058048009872,0.643772542476654,0.49335578083992,0.1025480851531028,0.6505788564682007,0.4946550130844116,0.0867254436016082,0.6512460708618164,0.4943226873874664,0.0867202281951904,0.6518886685371399,0.4940844178199768,0.0866321325302124,0.6357508897781372,0.4984396994113922,0.05238963291049,0.6489166021347046,0.4993855357170105,-0.0164385419338941,0.6481308341026306,0.519578218460083,0.103133238852024,0.6515373587608337,0.5207536220550537,0.0832010954618454,0.5822771191596985,0.5778095126152039,0.0723451673984527,0.6734960079193115,0.5653265714645386,-0.0948814451694488,0.5793861746788025,0.6837307810783386,0.1216710954904556,0.6832349300384521,0.6715077757835388,-0.034102912992239,0.6260315179824829,0.704590380191803,0.1839354932308197,0.6950084567070007,0.676733672618866,0.1577654629945755,0.6359125375747681,0.7122247815132141,0.1931507289409637,0.713304877281189,0.6843225955963135,0.180970162153244,0.6435009241104126,0.7040215730667114,0.1896451115608215,0.7006456851959229,0.67196124792099,0.1829003691673278,0.6414270997047424,0.7020127773284912,0.1825046688318252,0.6971138715744019,0.6715352535247803,0.1647156774997711,0.6123358011245728,0.772403359413147,0.0692178234457969,0.6677099466323853,0.7714782953262329,-0.0693077966570854,0.6195736527442932,0.9307933449745178,0.1238422244787216,0.6886650323867798,0.9332537055015564,-0.0011840857332572,0.5998853445053101,1.0480915307998655,0.1704912781715393,0.6962832808494568,1.0734829902648926,0.0406073406338691,0.5916785001754761,1.0743529796600342,0.1742422580718994,0.6865949630737305,1.1034049987792969,0.0468334965407848,0.6196037530899048,1.0604122877120972,0.162490427494049,0.7374821901321411,1.0832386016845703,0.023826714605093,16.574745655059814,neutro
1761586147.4607048,0,0.6512312293052673,0.5089225172996521,0.1226203888654708,0.6474863290786743,0.4944073557853699,0.1104986518621444,0.6457260847091675,0.493896871805191,0.1104857474565506,0.6436687111854553,0.4934670329093933,0.1104214638471603,0.6505674123764038,0.4947242736816406,0.0938894003629684,0.6512717604637146,0.4943807423114776,0.0938845127820968,0.651948094367981,0.4941306114196777,0.0937946587800979,0.635611891746521,0.4985164403915405,0.0628799945116043,0.6488855481147766,0.4994402825832367,-0.0094129145145416,0.6480085253715515,0.5196088552474976,0.1107736378908157,0.6514747738838196,0.5207617878913879,0.0899030864238739,0.5811883211135864,0.5778510570526123,0.0764380544424057,0.6734747290611267,0.5654506683349609,-0.0898140519857406,0.5789318084716797,0.6837148070335388,0.125163659453392,0.6835483312606812,0.6715627908706665,-0.0294738858938217,0.6259716749191284,0.7065216302871704,0.1868973225355148,0.6912249326705933,0.6783624887466431,0.1603636294603347,0.6358205080032349,0.714553952217102,0.1950381696224212,0.708715558052063,0.6931641697883606,0.1825209856033325,0.6432129144668579,0.7065868377685547,0.1916804015636444,0.6956180334091187,0.6760412454605103,0.1834520101547241,0.6411716341972351,0.7043181657791138,0.1852551102638244,0.69344162940979,0.6760522127151489,0.1667359173297882,0.6122708916664124,0.7723985314369202,0.0682887658476829,0.6676024198532104,0.7712038159370422,-0.0683730170130729,0.6197806596755981,0.93079936504364,0.1235989704728126,0.6883160471916199,0.9334115982055664,-0.0061684697866439,0.5997719764709473,1.048801064491272,0.1711796224117279,0.6959004402160645,1.0765652656555176,0.0354186072945594,0.5916410684585571,1.075081467628479,0.1750424206256866,0.6863957643508911,1.1067272424697876,0.0416749455034732,0.6191136240959167,1.061692237854004,0.1638077646493911,0.7351783514022827,1.086127758026123,0.0167695134878158,16.623042106628418,neutro
1761586147.5070825,0,0.6507424116134644,0.5088935494422913,0.1229708790779113,0.6469831466674805,0.4944148361682892,0.1100487858057022,0.6452187299728394,0.4939118027687073,0.1100370287895202,0.6432228684425354,0.4934958815574646,0.1099712997674942,0.6502796411514282,0.4947336912155151,0.0939546078443527,0.6510791778564453,0.4943899512290954,0.0939515680074691,0.6518520712852478,0.4941396117210388,0.093862272799015,0.6353795528411865,0.4985666573047638,0.0601806938648223,0.6487516760826111,0.4994546175003052,-0.0098875071853399,0.6475110054016113,0.5195763111114502,0.1104309186339378,0.6511656045913696,0.5206955075263977,0.0900729373097419,0.5806261301040649,0.578027069568634,0.0737816542387008,0.6734541654586792,0.5655602216720581,-0.0886481553316116,0.5786061882972717,0.6837455034255981,0.1214051023125648,0.6845507025718689,0.6708246469497681,-0.0253228191286325,0.6256005167961121,0.7075796127319336,0.1944254636764526,0.6913020014762878,0.6783806085586548,0.1676615923643112,0.6354988813400269,0.716014564037323,0.2048640549182891,0.7091414928436279,0.6917874813079834,0.1912197172641754,0.6426349878311157,0.7084836363792419,0.2020703554153442,0.6939462423324585,0.674660861492157,0.1922387480735778,0.6405589580535889,0.7059912085533142,0.1935871988534927,0.6920000910758972,0.6749694347381592,0.1741676330566406,0.6123868227005005,0.772422194480896,0.0674897581338882,0.667665958404541,0.7710805535316467,-0.0675895810127258,0.619796872138977,0.93079936504364,0.1234754547476768,0.6880700588226318,0.9336284399032592,-0.0039857705123722,0.5988795161247253,1.048712134361267,0.1715440452098846,0.695975661277771,1.0766282081604004,0.0370820984244346,0.5909621715545654,1.0749987363815308,0.1753816306591034,0.6864613890647888,1.1067277193069458,0.0434499308466911,0.6175826787948608,1.0616519451141355,0.1645120680332183,0.7347413301467896,1.0862232446670532,0.0207159984856843,16.669419765472412,neutro
1761586147.5548408,0,0.6493532061576843,0.5081201791763306,0.1348339766263961,0.6454790234565735,0.4937494993209839,0.1198624148964881,0.6436156034469604,0.4933335483074188,0.1198544278740882,0.6416033506393433,0.493013471364975,0.1198026537895202,0.6492501497268677,0.4940541982650757,0.1052759438753128,0.6502407193183899,0.4937674105167389,0.1052691936492919,0.6512335538864136,0.4935867190361023,0.1051647290587425,0.6342456340789795,0.4984779357910156,0.0626794248819351,0.648556113243103,0.499348521232605,-0.0015354591887444,0.6463404297828674,0.5190287828445435,0.1191582456231117,0.6503344774246216,0.5201919078826904,0.1009383797645568,0.5805609226226807,0.5780459046363831,0.0729387179017067,0.6735728979110718,0.5659462809562683,-0.080886110663414,0.5775238871574402,0.683724045753479,0.1100497618317604,0.6850485801696777,0.6707896590232849,-0.0132304076105356,0.620714545249939,0.7115046977996826,0.1742989271879196,0.6925743222236633,0.6804684400558472,0.1876932233572006,0.630367636680603,0.7214152216911316,0.1839901357889175,0.7005344033241272,0.6915581822395325,0.2140099555253982,0.6372618675231934,0.7144877314567566,0.1827757060527801,0.6834213137626648,0.6743578314781189,0.2152435332536697,0.635066568851471,0.7112517952919006,0.1737437844276428,0.6891456246376038,0.6760543584823608,0.1945898234844207,0.6123659610748291,0.7724228501319885,0.0653773620724678,0.6677300333976746,0.771081268787384,-0.0654830187559127,0.6198040843009949,0.9307934641838074,0.1195847392082214,0.6880441904067993,0.9336520433425904,-0.0031214028131216,0.5982691049575806,1.049378752708435,0.1652189344167709,0.6964665651321411,1.0768160820007324,0.0380629748106002,0.5906698703765869,1.0756152868270874,0.1687583029270172,0.687590479850769,1.1069128513336182,0.0442372933030128,0.6155825853347778,1.0629185438156128,0.1574122011661529,0.7345441579818726,1.08678138256073,0.0207945425063371,16.717178106307983,neutro
1761586147.6007774,0,0.6491028666496277,0.5079545974731445,0.1350404322147369,0.6451553106307983,0.49361652135849,0.1202184557914733,0.6432585716247559,0.4932110011577606,0.1202058419585228,0.6412302255630493,0.4929066896438598,0.1201457530260086,0.6490656137466431,0.4938934445381164,0.1057067513465881,0.650101900100708,0.4935880005359649,0.1057063713669776,0.6511432528495789,0.4933915138244629,0.105610966682434,0.633851945400238,0.4984481036663055,0.0644358396530151,0.6483944654464722,0.4992413520812988,0.0009530607494525,0.6459983587265015,0.5188716650009155,0.1201378852128982,0.6501132845878601,0.5200707912445068,0.1020886152982711,0.5805531144142151,0.5780201554298401,0.0721465200185775,0.6736873388290405,0.5657950043678284,-0.0756241157650947,0.5768299698829651,0.6837120056152344,0.1147001534700393,0.6854968667030334,0.6717936396598816,-0.0068403584882617,0.6201848983764648,0.7098091244697571,0.1904491484165191,0.6874462366104126,0.683056116104126,0.1913372427225113,0.6295303702354431,0.7188676595687866,0.2014579027891159,0.6902968287467957,0.6913123726844788,0.2178941220045089,0.6365432739257812,0.7114328145980835,0.1986768990755081,0.6820648908615112,0.6781782507896423,0.2186845988035202,0.634647786617279,0.7085877060890198,0.1898411065340042,0.6804240942001343,0.6781057715415955,0.1978014558553695,0.612381100654602,0.7723664045333862,0.0645932331681251,0.6677815318107605,0.770831286907196,-0.0646927207708358,0.6198717355728149,0.9307712316513062,0.118244394659996,0.6881006956100464,0.9338139295578004,-0.0025374486576765,0.5983451008796692,1.050150990486145,0.165202111005783,0.696509599685669,1.0769460201263428,0.038686703890562,0.5907735228538513,1.0764118432998655,0.1690079867839813,0.687644898891449,1.107096552848816,0.0448072254657745,0.6157809495925903,1.0642026662826538,0.1596904993057251,0.7343581318855286,1.0869650840759275,0.0224531535059213,16.76311469078064,neutro
1761586147.646942,0,0.6479810476303101,0.5074959993362427,0.1504996716976165,0.6439884901046753,0.4931860268115997,0.1344346106052398,0.6420029997825623,0.4928215146064758,0.1344141960144043,0.6399297714233398,0.4925688803195953,0.1343502104282379,0.6483286023139954,0.4933851063251495,0.1220176964998245,0.6495211720466614,0.4930526614189148,0.1220203265547752,0.6507245302200317,0.4928447008132934,0.1219190135598182,0.6329714059829712,0.4983359575271606,0.0724672824144363,0.6482442617416382,0.4989339113235473,0.0180308520793914,0.6450929045677185,0.5183998942375183,0.1331331580877304,0.64947909116745,0.5196475982666016,0.1177774891257286,0.5805846452713013,0.5777548551559448,0.0714904069900512,0.6737399101257324,0.5658457279205322,-0.0578701980412006,0.5765063166618347,0.6831215620040894,0.1005675941705703,0.6856260895729065,0.6717356443405151,0.003408360062167,0.6164170503616333,0.712295413017273,0.1676108539104461,0.6788405179977417,0.6872702240943909,0.1852343678474426,0.6247638463973999,0.7226946353912354,0.176665648818016,0.6789214015007019,0.6944358348846436,0.2097845077514648,0.6318730711936951,0.7157410383224487,0.1772425919771194,0.6722897291183472,0.6856507062911987,0.2098903656005859,0.6305023431777954,0.7120983004570007,0.1676766574382782,0.6693980097770691,0.6838009357452393,0.1908050328493118,0.6123824119567871,0.7723570466041565,0.0611679479479789,0.6678381562232971,0.7706889510154724,-0.0612533763051033,0.6198608875274658,0.930777668952942,0.1126842945814132,0.688120424747467,0.9339854121208192,-0.0033545778132975,0.5978299975395203,1.0501219034194946,0.1592710018157959,0.6971163749694824,1.0770119428634644,0.0355420596897602,0.5905486345291138,1.076328158378601,0.1629964709281921,0.6886138916015625,1.1071182489395142,0.0411050580441951,0.6141399145126343,1.0641990900039673,0.1525138616561889,0.7343350052833557,1.087237000465393,0.0164000932127237,16.809279203414917,neutro
1761586147.691664,0,0.6480002999305725,0.5068913698196411,0.1495552361011505,0.643938422203064,0.4925733804702759,0.1342165172100067,0.6419594883918762,0.4922375082969665,0.1341931521892547,0.6398948431015015,0.4920271039009094,0.1341288387775421,0.6483019590377808,0.492679089307785,0.1210732907056808,0.649505615234375,0.4922857284545898,0.1210788041353225,0.6507205963134766,0.4920361936092376,0.1209798455238342,0.6329427361488342,0.4979805648326874,0.0762287080287933,0.6482087969779968,0.498274952173233,0.0188219957053661,0.645108163356781,0.5177618265151978,0.1339322179555893,0.6494871973991394,0.5189664363861084,0.1176555976271629,0.5806363224983215,0.5776218771934509,0.0734781175851821,0.6737796068191528,0.5656010508537292,-0.0573485866189003,0.5763166546821594,0.6826330423355103,0.1017909497022628,0.6857119798660278,0.6717261075973511,0.0011255766730755,0.6152188777923584,0.7141026258468628,0.1652832925319671,0.6781710386276245,0.6935389637947083,0.1806062459945678,0.6232882738113403,0.7252128720283508,0.1738643944263458,0.6785599589347839,0.7013017535209656,0.204490065574646,0.6303560137748718,0.7184606194496155,0.1747667491436004,0.6721540689468384,0.6942875385284424,0.2048061639070511,0.6290686130523682,0.7145321369171143,0.1652974635362625,0.6690286993980408,0.6915213465690613,0.1863601505756378,0.6123610138893127,0.7720327973365784,0.0608984716236591,0.6678076982498169,0.7699363231658936,-0.0609825029969215,0.6198676228523254,0.9308492541313172,0.1111119538545608,0.6881960034370422,0.9340150356292723,-0.0055786808952689,0.5977082848548889,1.051198124885559,0.1564002335071563,0.6973072290420532,1.077743649482727,0.031462125480175,0.5904370546340942,1.0774942636489868,0.1598113924264907,0.6887604594230652,1.1079018115997314,0.036684975028038,0.6140724420547485,1.065790772438049,0.1479026526212692,0.734342098236084,1.0882728099822998,0.0104372510686516,16.85400128364563,neutro
1761586147.7401884,0,0.6480551958084106,0.5063795447349548,0.1307327449321746,0.6439327597618103,0.4922582507133484,0.1121740192174911,0.6419409513473511,0.4919333755970001,0.1121468096971511,0.6398674845695496,0.4917446970939636,0.1120655089616775,0.6483469009399414,0.4923475086688995,0.1002510040998458,0.6495422720909119,0.4919457137584686,0.1002716571092605,0.6507331728935242,0.4916976988315582,0.1001798659563064,0.6329654455184937,0.4977525174617767,0.0477976277470588,0.6482044458389282,0.4978992640972137,-0.0044080470688641,0.6451090574264526,0.5171418786048889,0.1134173870086669,0.6495219469070435,0.5181265473365784,0.0987984761595726,0.5805333852767944,0.5777184367179871,0.0524702556431293,0.6738792061805725,0.5649138689041138,-0.0732022076845169,0.5763567686080933,0.6821215748786926,0.1060999259352684,0.6915984749794006,0.6731461882591248,-0.0008757126634009,0.6160768270492554,0.7131124138832092,0.1947013586759567,0.6913211941719055,0.6943343877792358,0.1792976260185241,0.6243901252746582,0.7235957384109497,0.2094845473766327,0.6904948949813843,0.7012627720832825,0.2038711309432983,0.6315373182296753,0.7167782187461853,0.2100013196468353,0.6867563724517822,0.6926841735839844,0.2036350071430206,0.6301372051239014,0.7132863402366638,0.1964658349752426,0.6821409463882446,0.6903731226921082,0.1850438266992569,0.6125727295875549,0.7720479369163513,0.0590180270373821,0.667822003364563,0.7698915004730225,-0.059097409248352,0.6198378801345825,0.9313815832138062,0.1106876283884048,0.688485860824585,0.9348935484886168,0.0033549559302628,0.5976899862289429,1.0520447492599487,0.1563791930675506,0.6974408626556396,1.0777623653411863,0.0441219210624694,0.590441107749939,1.078399419784546,0.1600420475006103,0.6890517473220825,1.1078883409500122,0.0498401597142219,0.6139208078384399,1.0669409036636353,0.1497624963521957,0.7343524694442749,1.088278889656067,0.0280631426721811,16.902525663375854,neutro
1761586147.7865398,0,0.6478768587112427,0.5058028697967529,0.1341591924428939,0.6437658071517944,0.4917321503162384,0.1149416118860244,0.6418302059173584,0.4914310574531555,0.114914521574974,0.6398214101791382,0.4912807047367096,0.1148368343710899,0.6481780409812927,0.4917971789836883,0.1037108898162841,0.6494120359420776,0.4913937747478485,0.1037318930029869,0.650646984577179,0.4911670386791229,0.1036346778273582,0.6330000162124634,0.4975669085979461,0.0505186729133129,0.6480397582054138,0.4975535273551941,-0.001301503740251,0.6450212597846985,0.5164772272109985,0.1159268170595169,0.6494191288948059,0.5172735452651978,0.1020907908678054,0.580457866191864,0.5778589844703674,0.0547646284103393,0.6742885708808899,0.5648282170295715,-0.0718304961919784,0.5759150385856628,0.6816864013671875,0.1044498905539512,0.6919785737991333,0.6737373471260071,-0.0008295610314235,0.6151725649833679,0.7129088640213013,0.189456820487976,0.6914218664169312,0.6953402161598206,0.1834341287612915,0.6238284111022949,0.7231277227401733,0.2021530866622924,0.6925152540206909,0.702043354511261,0.2087500095367431,0.6307039856910706,0.7160126566886902,0.2029093503952026,0.6875921487808228,0.6933868527412415,0.2081508189439773,0.6290644407272339,0.7124927043914795,0.1907042562961578,0.6833502054214478,0.6910162568092346,0.1890514194965362,0.6127969622612,0.7720717191696167,0.0574948079884052,0.6678512692451477,0.7697094678878784,-0.0575687400996685,0.6198545694351196,0.9317798018455504,0.1085528284311294,0.6885111927986145,0.9352376461029052,0.0031442218460142,0.597724437713623,1.0536653995513916,0.1531647145748138,0.6974587440490723,1.078269124031067,0.0433192327618598,0.5904704332351685,1.0799747705459597,0.156638041138649,0.689139723777771,1.108256220817566,0.0488937757909297,0.613488495349884,1.0693668127059937,0.1451957523822784,0.7335909605026245,1.0893638134002686,0.0260610077530145,16.948877096176147,neutro
1761586147.83457,0,0.6477041244506836,0.5054169297218323,0.1392252743244171,0.64357990026474,0.4913081228733063,0.1199995279312133,0.6416652798652649,0.4910171926021576,0.1199741810560226,0.6396951079368591,0.490894466638565,0.1199007630348205,0.6480728387832642,0.4914069175720215,0.1090434789657592,0.6493571400642395,0.4910301864147186,0.1090618222951889,0.6506370306015015,0.4908440709114074,0.1089626997709274,0.6330305337905884,0.4973979294300079,0.0510410740971565,0.6480467915534973,0.4973203241825104,0.0036858264356851,0.6449745893478394,0.5160232186317444,0.1203076988458633,0.6494076251983643,0.516737163066864,0.1068554073572158,0.580449104309082,0.577856719493866,0.056054700165987,0.6749252080917358,0.564662754535675,-0.0686984062194824,0.5756832361221313,0.6814755201339722,0.1030380502343177,0.6923289895057678,0.6741892099380493,0.0020439841318875,0.6140023469924927,0.7136713266372681,0.1861497610807418,0.6914665699005127,0.6953136324882507,0.1883441060781479,0.6227927207946777,0.7241991758346558,0.1980240941047668,0.6931961178779602,0.7018297910690308,0.2140591144561767,0.6294814348220825,0.7171236872673035,0.1989294290542602,0.687698483467102,0.6931032538414001,0.213435560464859,0.6276931762695312,0.713331937789917,0.1872306317090988,0.6837032437324524,0.6907945871353149,0.1939206421375274,0.6128884553909302,0.7720335721969604,0.0565863624215126,0.6680729985237122,0.7691841721534729,-0.0566603727638721,0.6198505759239197,0.9317915439605712,0.1065106391906738,0.6888046860694885,0.935274302959442,0.0030115058179944,0.5975430011749268,1.0538815259933472,0.1497916132211685,0.6987148523330688,1.0782619714736938,0.0409056693315506,0.5903615951538086,1.080188870429993,0.1532105803489685,0.6908261179924011,1.1082440614700315,0.046304564923048,0.6127747893333435,1.0696860551834106,0.1413753032684326,0.7342628240585327,1.0893954038619995,0.0229579024016857,16.996907234191895,neutro
1761586147.8808413,0,0.6477218866348267,0.5052627921104431,0.1364161670207977,0.6435531973838806,0.4911731481552124,0.1163911372423172,0.6416175961494446,0.4908964931964874,0.1163689047098159,0.6396232843399048,0.4907893240451813,0.1162937730550766,0.648082435131073,0.4912530779838562,0.1056442633271217,0.6493728160858154,0.4908781349658966,0.1056602969765663,0.6506447792053223,0.490691989660263,0.1055560335516929,0.6329737901687622,0.4973365664482116,0.0468377992510795,0.6481035947799683,0.4971857368946075,-0.0014925235882401,0.6449845433235168,0.5157978534698486,0.1165409311652183,0.649419903755188,0.5165133476257324,0.1034032478928566,0.5804334878921509,0.5781503915786743,0.0518730208277702,0.6752257943153381,0.5645604729652405,-0.0728202387690544,0.5757543444633484,0.6814749240875244,0.1053018420934677,0.6936604976654053,0.6749526262283325,-8.56605311128078e-06,0.614700436592102,0.7125641107559204,0.1954708397388458,0.6915158629417419,0.6871811747550964,0.1856035143136978,0.6236885786056519,0.7227275967597961,0.2088241279125213,0.7009105682373047,0.6972706317901611,0.2107447683811187,0.6301529407501221,0.7151464223861694,0.2085260599851608,0.6898728609085083,0.6892821788787842,0.2102606743574142,0.6283081769943237,0.7114008069038391,0.1966617405414581,0.691052258014679,0.685810923576355,0.1912427246570587,0.6133173704147339,0.7721291780471802,0.0565245226025581,0.6681240200996399,0.7692016959190369,-0.0565976612269878,0.6199312806129456,0.9318364262580872,0.1067450419068336,0.6889747381210327,0.9355496168136596,0.004399312660098,0.5982576608657837,1.0554766654968262,0.1512273997068405,0.6987172365188599,1.0783151388168335,0.0443644300103187,0.5912357568740845,1.0820869207382202,0.1547594368457794,0.6908329725265503,1.1082695722579956,0.0500634089112281,0.6134679317474365,1.070967197418213,0.1430481523275375,0.7342054843902588,1.0893932580947876,0.0270840767771005,17.04317855834961,neutro
1761586147.9287255,0,0.6479559540748596,0.5052438378334045,0.1125348657369613,0.6436850428581238,0.4911746084690094,0.0944073945283889,0.6417469382286072,0.4908982217311859,0.0943920165300369,0.6397455930709839,0.4907908141613006,0.094303198158741,0.6482375860214233,0.4912547469139099,0.0825376659631729,0.6495525240898132,0.4908806979656219,0.0825540199875831,0.6508581042289734,0.490692138671875,0.0824701935052871,0.6329985857009888,0.4973350167274475,0.0310909654945135,0.6482269763946533,0.4971818029880523,-0.0204368382692337,0.6451694965362549,0.5157535076141357,0.0954450592398643,0.6496199369430542,0.5164850354194641,0.0809738487005233,0.5804545283317566,0.5785465836524963,0.045761052519083,0.6755229234695435,0.5648107528686523,-0.0893881171941757,0.5758966207504272,0.6815178394317627,0.1221043840050697,0.6949151158332825,0.6749249696731567,-0.0171777158975601,0.618120551109314,0.7066962718963623,0.2332957088947296,0.7123433351516724,0.6828797459602356,0.1572868824005127,0.6275574564933777,0.7143677473068237,0.2486965954303741,0.7265652418136597,0.6908413767814636,0.1776213943958282,0.6339530348777771,0.7063455581665039,0.2444076240062713,0.7175351977348328,0.6856376528739929,0.1758381128311157,0.6321732401847839,0.7038514614105225,0.2336857318878173,0.7148030996322632,0.6806353330612183,0.1623771488666534,0.6137728095054626,0.7724504470825195,0.0566038601100444,0.6681906580924988,0.7696660161018372,-0.056679256260395,0.6199753284454346,0.9318809509277344,0.1073470339179039,0.6889795064926147,0.9356420636177064,0.0097315842285752,0.5996097922325134,1.0555967092514038,0.1590571254491806,0.6987194418907166,1.078316330909729,0.0590591803193092,0.5925490856170654,1.0822970867156982,0.1634552478790283,0.6908341646194458,1.1082584857940674,0.065908744931221,0.6158868074417114,1.070763111114502,0.1515866667032241,0.7342074513435364,1.089115858078003,0.0441050939261913,17.091062784194946,neutro
1761586147.976304,0,0.6485916376113892,0.5053547620773315,0.1015964969992637,0.6441822648048401,0.4913903474807739,0.0840678960084915,0.642227053642273,0.4911170601844787,0.084049142897129,0.6402087211608887,0.4910127520561218,0.0839530006051063,0.6487817764282227,0.4914530813694,0.0718840584158897,0.6501127481460571,0.4910705685615539,0.0719029307365417,0.6514263153076172,0.4908633232116699,0.0718224644660949,0.6332104206085205,0.4974816739559173,0.0238809436559677,0.6484447717666626,0.4972621202468872,-0.0284796468913555,0.6455629467964172,0.5158204436302185,0.0859157294034957,0.6500924229621887,0.5165596604347229,0.0710928663611412,0.5806692838668823,0.5791786313056946,0.0426857806742191,0.6758812665939331,0.564812958240509,-0.0967216044664383,0.5759385228157043,0.6816062331199646,0.130031555891037,0.6965656280517578,0.6748752593994141,-0.0273373574018478,0.6186959147453308,0.7009481191635132,0.2465242147445678,0.7251141667366028,0.6811646819114685,0.1405980587005615,0.6283053159713745,0.707044243812561,0.2623204886913299,0.7326215505599976,0.6908828020095825,0.1591222286224365,0.6347350478172302,0.6985824108123779,0.2575457394123077,0.7314665913581848,0.6847800016403198,0.1573488414287567,0.6329809427261353,0.6968043446540833,0.2469020187854766,0.7288926243782043,0.6807369589805603,0.1456028223037719,0.614359438419342,0.7726792693138123,0.0566731765866279,0.6683539152145386,0.7699321508407593,-0.056751150637865,0.6199544668197632,0.9318787455558776,0.1080410331487655,0.6891168355941772,0.9357181787490844,0.0108441244810819,0.599715530872345,1.055960774421692,0.1595806628465652,0.6987689137458801,1.0784636735916138,0.0601278729736804,0.5925928354263306,1.082716464996338,0.1640639305114746,0.6908636093139648,1.1083287000656128,0.0669498592615127,0.6161271333694458,1.0708422660827637,0.1518179476261139,0.7343172430992126,1.0891025066375732,0.0451017208397388,17.138641357421875,neutro
1761586148.0232365,0,0.6486602425575256,0.5054572820663452,0.1039223447442054,0.6442826986312866,0.4915826916694641,0.0853033363819122,0.642331600189209,0.4913229048252105,0.085285410284996,0.6403116583824158,0.4912298321723938,0.0851920694112777,0.6488991975784302,0.4916272163391113,0.0740692242980003,0.6502584218978882,0.491240918636322,0.0740861445665359,0.6516132354736328,0.491026222705841,0.0740059614181518,0.6333135366439819,0.4976294934749603,0.0200444031506776,0.648775577545166,0.4973564147949219,-0.0276107434183359,0.6456483006477356,0.515855073928833,0.0865126401185989,0.6501930356025696,0.5166075825691223,0.0729206055402755,0.5808795690536499,0.5795774459838867,0.0354614220559597,0.6760562658309937,0.564938485622406,-0.0957985147833824,0.5755637288093567,0.6817054152488708,0.1271514594554901,0.6972466111183167,0.6755334138870239,-0.0281849112361669,0.6182794570922852,0.700793445110321,0.2358194291591644,0.7225483059883118,0.6815832257270813,0.1315594017505645,0.6278969645500183,0.7067464590072632,0.2505765855312347,0.7352193593978882,0.6909446120262146,0.1486943364143371,0.6344999074935913,0.6985119581222534,0.2456084936857223,0.735133945941925,0.684661328792572,0.1464787125587463,0.6327797174453735,0.6967299580574036,0.2359587848186493,0.7260324358940125,0.6808220744132996,0.1361150592565536,0.6149172782897949,0.7730103731155396,0.0566319450736045,0.6684987545013428,0.7703806757926941,-0.0567050799727439,0.6199622750282288,0.9318458437919616,0.1092741265892982,0.6891322731971741,0.93595153093338,0.0114839505404233,0.599949061870575,1.0548229217529297,0.1653723418712616,0.6988776922225952,1.0784670114517212,0.0590668804943561,0.5928211808204651,1.0814149379730225,0.1703393757343292,0.6911202073097229,1.1082955598831177,0.0657775774598121,0.6162261962890625,1.0690025091171265,0.1593690812587738,0.7343220710754395,1.089023232460022,0.0443463511765003,17.18557381629944,neutro
1761586148.070289,0,0.6485904455184937,0.5053768754005432,0.0983815640211105,0.6442400813102722,0.4915400147438049,0.0791175216436386,0.6422759294509888,0.4912942349910736,0.0790978223085403,0.640243649482727,0.4912148714065552,0.0790043845772743,0.6488939523696899,0.4915598034858703,0.06891730427742,0.650262713432312,0.4911693334579468,0.0689344108104705,0.6516422629356384,0.4909515380859375,0.0688550844788551,0.6333252191543579,0.4976300597190857,0.01282640080899,0.6491490602493286,0.4973222911357879,-0.0305446945130825,0.6456460356712341,0.5157654881477356,0.0806337743997573,0.6501978039741516,0.5165060758590698,0.0683804526925087,0.5814086198806763,0.5799368619918823,0.027812972664833,0.6764563918113708,0.5650433897972107,-0.0973993092775344,0.5752508044242859,0.6819609999656677,0.1195148974657058,0.6977546215057373,0.6777366995811462,-0.0284926053136587,0.6187134981155396,0.7006393671035767,0.2318469732999801,0.7194656729698181,0.6842812299728394,0.1373535841703415,0.6283300518989563,0.7066462635993958,0.2474313974380493,0.7280706763267517,0.6969430446624756,0.1567280441522598,0.6351444125175476,0.6983548998832703,0.2431098967790603,0.7262234687805176,0.6885176301002502,0.1547671854496002,0.6335036754608154,0.6965658664703369,0.2323822230100631,0.7188752889633179,0.6870104670524597,0.1420760005712509,0.6152117848396301,0.7732320427894592,0.0560567304491996,0.6690264344215393,0.7708853483200073,-0.0561313331127166,0.619939923286438,0.931839406490326,0.1094241365790367,0.6898554563522339,0.9359580874443054,0.0167257152497768,0.6000474691390991,1.0545179843902588,0.1658692508935928,0.6991056203842163,1.0775500535964966,0.0679233223199844,0.5929542183876038,1.0809924602508545,0.1709267348051071,0.6914830207824707,1.1069896221160889,0.0750380307435989,0.6162123084068298,1.0686519145965576,0.1616962850093841,0.7343321442604065,1.0872896909713743,0.0568283274769783,17.23262619972229,neutro
1761586148.1172843,0,0.6516422033309937,0.5068070292472839,0.0856060534715652,0.6470677852630615,0.4927109181880951,0.0712701082229614,0.6452052593231201,0.4923391044139862,0.0712597370147705,0.6433478593826294,0.4921139180660248,0.0711761564016342,0.6514405012130737,0.4928184747695923,0.05647449567914,0.6526495814323425,0.4923673570156097,0.0564900115132331,0.6538537740707397,0.4920476078987121,0.056416280567646,0.6362918019294739,0.4979931116104126,0.0204138588160276,0.649982750415802,0.4980270564556122,-0.0405773967504501,0.6484363675117493,0.5169185996055603,0.0742607563734054,0.6527436971664429,0.5180398225784302,0.0560039766132831,0.5825838446617126,0.5799626708030701,0.0349897667765617,0.6763918399810791,0.5650219321250916,-0.1102420836687088,0.5753829479217529,0.6822698712348938,0.1436361223459243,0.696485161781311,0.6778050661087036,-0.0574584417045116,0.619428277015686,0.693145751953125,0.2525511384010315,0.7224825024604797,0.6890996098518372,0.0893197134137153,0.6290291547775269,0.6973690390586853,0.2673977017402649,0.7342774868011475,0.7028369903564453,0.1028531417250633,0.6360417604446411,0.6889095306396484,0.2603403925895691,0.734183669090271,0.6925482153892517,0.100936472415924,0.6345688104629517,0.6881857514381409,0.2517070174217224,0.7300759553909302,0.6901171207427979,0.0941009745001792,0.6159137487411499,0.7735830545425415,0.0598774068057537,0.6696128845214844,0.7713247537612915,-0.0599453449249267,0.6202608942985535,0.9323002099990844,0.1074644699692726,0.690222978591919,0.9359444975852966,0.013163517229259,0.601866602897644,1.0574699640274048,0.1515558660030365,0.6992581486701965,1.079763412475586,0.0606121532618999,0.5942021012306213,1.0841015577316284,0.1547244191169738,0.6915255784988403,1.1089670658111572,0.0671773850917816,0.6187108755111694,1.0722132921218872,0.1404208391904831,0.7348945736885071,1.0891375541687012,0.0459581837058067,17.279621601104736,neutro
1761586148.1651917,0,0.6549398303031921,0.5078254342079163,0.0843878835439682,0.6499780416488647,0.4934407472610473,0.0718179494142532,0.648196816444397,0.4929624795913696,0.071805790066719,0.6464411616325378,0.4926301538944244,0.0717258602380752,0.6538802981376648,0.4936625361442566,0.0551642253994941,0.6548498272895813,0.4931846857070923,0.0551720634102821,0.6558003425598145,0.4928167462348938,0.055092591792345,0.6391313076019287,0.4981805384159088,0.0223539881408214,0.6505040526390076,0.4985148012638092,-0.0417057164013385,0.6516699194908142,0.5180346369743347,0.0754092559218406,0.6554166674613953,0.5193445682525635,0.0547224469482898,0.5835260152816772,0.5798139572143555,0.0503704920411109,0.6762422323226929,0.5647952556610107,-0.1129576116800308,0.5765030980110168,0.682233452796936,0.153128519654274,0.6917064189910889,0.6779749393463135,-0.0606901720166206,0.6219385266304016,0.6889187097549438,0.2606582641601562,0.7209349870681763,0.6926844716072083,0.0954174846410751,0.6315191984176636,0.6928642988204956,0.2756667733192444,0.7334862947463989,0.7061741352081299,0.1108384877443313,0.6386998891830444,0.6842133402824402,0.2690880894660949,0.7339044809341431,0.6956357955932617,0.1092970594763755,0.637289822101593,0.683634877204895,0.2597319483757019,0.7259671092033386,0.6933947801589966,0.1006290316581726,0.616614818572998,0.7735837697982788,0.0633061826229095,0.6698482632637024,0.7713394165039062,-0.0633757039904594,0.6204593777656555,0.9324309825897216,0.1085197702050209,0.6902296543121338,0.935979962348938,0.0045902007259428,0.6022240519523621,1.057458519935608,0.1528180986642837,0.699266791343689,1.082517147064209,0.0479594059288501,0.5942959785461426,1.0840089321136477,0.1559158116579055,0.6915110349655151,1.111475706100464,0.0540282614529132,0.6192966103553772,1.072497010231018,0.1419627219438552,0.7351292371749878,1.0927590131759644,0.0300367809832096,17.327528953552246,neutro
1761586148.210578,0,0.6562260389328003,0.5081323981285095,0.0838686004281044,0.651168167591095,0.4937141537666321,0.0717801004648208,0.6493602395057678,0.4932067990303039,0.0717724934220314,0.6475914716720581,0.4928485453128814,0.0716898888349533,0.6550472974777222,0.4939923882484436,0.0548374876379966,0.6559818983078003,0.493530660867691,0.0548498630523681,0.656904399394989,0.4931775331497192,0.0547715127468109,0.6401485204696655,0.4982893168926239,0.022701097652316,0.6511189341545105,0.4988013207912445,-0.0407208614051342,0.652859091758728,0.5184723734855652,0.0757793337106704,0.6565470099449158,0.5197895765304565,0.0547327175736427,0.5845898389816284,0.5796303153038025,0.0593663975596427,0.6761767268180847,0.5646675825119019,-0.1141790002584457,0.5773579478263855,0.6822378039360046,0.1661333441734314,0.6913347244262695,0.6770832538604736,-0.0618926212191581,0.6235235929489136,0.6842312216758728,0.279703825712204,0.7230787873268127,0.6938658952713013,0.0946757346391677,0.6330474019050598,0.6877201795578003,0.2955911755561828,0.7350023984909058,0.708110511302948,0.1095543876290321,0.6401121020317078,0.678722083568573,0.2889980673789978,0.7357186079025269,0.6968600153923035,0.1078296676278114,0.6387976408004761,0.6783148646354675,0.2789102792739868,0.7312487363815308,0.6940322518348694,0.0999057739973068,0.6171610951423645,0.773558497428894,0.0654248744249343,0.6700897812843323,0.7713359594345093,-0.0654852539300918,0.6207560300827026,0.932753324508667,0.1082189083099365,0.6902452111244202,0.9359630346298218,0.0033896155655384,0.603204607963562,1.0599027872085571,0.1463849693536758,0.6992183327674866,1.0832473039627075,0.0461667850613594,0.5950059294700623,1.0864924192428589,0.1487731635570526,0.6912609338760376,1.1122677326202393,0.0522617697715759,0.6207017302513123,1.0755157470703125,0.1337403357028961,0.7352172136306763,1.0933626890182495,0.0286189969629049,17.372915267944336,neutro
1761586148.2574463,0,0.6580663919448853,0.5086086392402649,0.0751645117998123,0.6530126333236694,0.4939942359924316,0.0644327998161315,0.6512304544448853,0.4934445917606354,0.0644222721457481,0.6494463086128235,0.4930402636528015,0.0643357932567596,0.6565295457839966,0.4943023324012756,0.0463745072484016,0.6572672128677368,0.4938344359397888,0.0463866777718067,0.657976508140564,0.4934773445129394,0.0463150367140769,0.6412822008132935,0.4983147084712982,0.0254545547068119,0.6513040661811829,0.499001681804657,-0.0477293618023395,0.654369592666626,0.5190820097923279,0.0689674839377403,0.6576762199401855,0.5203623175621033,0.0464174076914787,0.5850273370742798,0.579517662525177,0.0605485737323761,0.6756961345672607,0.5645386576652527,-0.1194921284914016,0.5787071585655212,0.6822078824043274,0.166518896818161,0.6905102133750916,0.677058756351471,-0.071548081934452,0.6253871917724609,0.6816772222518921,0.2759838998317718,0.728357195854187,0.6941278576850891,0.0750324577093124,0.6351001858711243,0.6843328475952148,0.2908944189548492,0.7418752908706665,0.7075011134147644,0.0868107005953788,0.6422476172447205,0.6750658750534058,0.2834386229515075,0.742877185344696,0.6964477896690369,0.085263654589653,0.6409047842025757,0.6750545501708984,0.2747244834899902,0.734695315361023,0.6935436129570007,0.0800323784351348,0.6176261901855469,0.7735714316368103,0.0664794296026229,0.6701628565788269,0.7714152932167053,-0.066531166434288,0.6212872266769409,0.9330586791038512,0.1082606166601181,0.6905351281166077,0.9359659552574158,0.003544180188328,0.603833019733429,1.0597463846206665,0.1486584395170211,0.7010863423347473,1.083329677581787,0.0463806018233299,0.5953367352485657,1.086389183998108,0.1514654904603958,0.692902684211731,1.1122981309890747,0.052369512617588,0.6217420697212219,1.0752002000808716,0.1372417360544204,0.7384436130523682,1.093331813812256,0.0288877394050359,17.41978359222412,neutro
1761586148.303784,0,0.6588558554649353,0.5095165371894836,0.0707453861832618,0.6539825201034546,0.4947021603584289,0.0599014274775981,0.6522454023361206,0.4941052198410034,0.059887945652008,0.6504876017570496,0.4936370849609375,0.0597996525466442,0.6572944521903992,0.4950021505355835,0.0417358353734016,0.6579416990280151,0.4945103824138641,0.0417441241443157,0.6585453748703003,0.4941306710243225,0.0416698232293129,0.6421260237693787,0.4985664784908294,0.0259634256362915,0.6514636874198914,0.4995740950107574,-0.0513672046363353,0.6551083922386169,0.5202118158340454,0.0653345435857772,0.6581933498382568,0.5214596390724182,0.0426265560090541,0.5853375196456909,0.5793744921684265,0.0611342601478099,0.675142765045166,0.5645424127578735,-0.1214701160788536,0.5804781913757324,0.6821771860122681,0.1728052943944931,0.6886261701583862,0.6774996519088745,-0.0760188400745391,0.6260873675346375,0.677054762840271,0.2849994599819183,0.7292969822883606,0.6948672533035278,0.0601967647671699,0.6355693340301514,0.6785547137260437,0.3002123534679413,0.7434368133544922,0.7068464756011963,0.0703682228922844,0.6429766416549683,0.6683295369148254,0.2919725477695465,0.7446317672729492,0.6960427165031433,0.0680108219385147,0.6417661309242249,0.6687008142471313,0.2835831046104431,0.7353033423423767,0.693254292011261,0.0646395087242126,0.6182810068130493,0.7736827731132507,0.0671351552009582,0.6703600883483887,0.7717258334159851,-0.067177265882492,0.6217922568321228,0.93314391374588,0.1094172149896621,0.6907601356506348,0.9360512495040894,0.0016487862449139,0.6049351096153259,1.0594050884246826,0.1500457376241684,0.7009065747261047,1.0839327573776243,0.0453736558556556,0.5962218046188354,1.0858298540115356,0.1525794565677642,0.6924350261688232,1.11286461353302,0.0515593998134136,0.6230884790420532,1.0750846862792969,0.1381848156452179,0.738292932510376,1.093944430351257,0.0275568664073944,17.466121196746826,neutro
1761586148.3492846,0,0.6594119668006897,0.5103007555007935,0.0750982537865638,0.6546741127967834,0.4953930675983429,0.0642610266804695,0.6529606580734253,0.494753360748291,0.0642479509115219,0.6512098908424377,0.4942426085472107,0.0641612112522125,0.6578994989395142,0.4957141578197479,0.0461292043328285,0.6585077047348022,0.4952007532119751,0.0461356379091739,0.659060001373291,0.4948020875453949,0.0460549518465995,0.6428015828132629,0.4988866746425628,0.02922242321074,0.6518151164054871,0.5000983476638794,-0.0481686480343341,0.655666708946228,0.520978569984436,0.0690462365746498,0.6586362719535828,0.5222055315971375,0.0463450662791729,0.5858573913574219,0.5791972875595093,0.0683625265955925,0.6741247773170471,0.5645411610603333,-0.1213754639029502,0.5822793245315552,0.6821699142456055,0.1794369369745254,0.6872228384017944,0.6776922941207886,-0.0808215960860252,0.6263598799705505,0.6766241192817688,0.2856891453266144,0.7315143346786499,0.6963712573051453,0.0481053628027439,0.6356979012489319,0.6782833337783813,0.2999603152275085,0.7457034587860107,0.7075210213661194,0.05636977404356,0.6431441903114319,0.6681239604949951,0.2910581231117248,0.7467333078384399,0.6966009736061096,0.053767841309309,0.6419814825057983,0.6684005260467529,0.2837474942207336,0.7377787828445435,0.6937679648399353,0.0522664114832878,0.6185729503631592,0.7736877202987671,0.0684455186128616,0.6703753471374512,0.7717445492744446,-0.0684758126735687,0.6219325065612793,0.9332543015480042,0.1035206764936447,0.6910804510116577,0.9361324906349182,-0.0028367170598357,0.6068695783615112,1.0608385801315308,0.1350400596857071,0.7018495798110962,1.083850979804993,0.0352591983973979,0.5980949997901917,1.087275743484497,0.1365866959095001,0.6931353807449341,1.112775802612305,0.0409044697880744,0.6255140900611877,1.077012300491333,0.1172030419111251,0.7403148412704468,1.0939525365829468,0.0145611763000488,17.511621952056885,neutro
1761586148.3952444,0,0.6606578826904297,0.5118005871772766,0.0724791660904884,0.6560331583023071,0.4968657493591308,0.0645021647214889,0.6543247103691101,0.4961287081241607,0.0644904747605323,0.6525502800941467,0.4954991638660431,0.0644066482782363,0.6591021418571472,0.4971500933170318,0.0437238775193691,0.6595990061759949,0.4965412020683288,0.0437243655323982,0.6600374579429626,0.4960245192050934,0.0436367243528366,0.6435268521308899,0.4992913603782654,0.039463497698307,0.6524428129196167,0.5005878210067749,-0.0503832399845123,0.6567394137382507,0.5221697092056274,0.0696050897240638,0.6594365835189819,0.5232522487640381,0.0434269979596138,0.5865176916122437,0.5789135098457336,0.0834411606192588,0.6719483137130737,0.5644667744636536,-0.1269631534814834,0.5839649438858032,0.6821652054786682,0.1975985467433929,0.687517523765564,0.6770998239517212,-0.0938136875629425,0.6280432343482971,0.6762452721595764,0.2959155142307281,0.737348198890686,0.6965073943138123,0.0263071861118078,0.6370139718055725,0.6780291199684143,0.3102754354476928,0.7505067586898804,0.7071839570999146,0.0314156636595726,0.6444088220596313,0.6676624417304993,0.3000883460044861,0.751275897026062,0.6963621377944946,0.0299247596412897,0.643395721912384,0.6678842902183533,0.293253630399704,0.7444053292274475,0.6935917139053345,0.0307756606489419,0.6191954612731934,0.7737642526626587,0.0721886977553367,0.6704499125480652,0.7719705700874329,-0.0722158104181289,0.6223771572113037,0.9332630038261414,0.1040163859724998,0.6912661790847778,0.9362191557884216,-0.0078110145404934,0.6087766885757446,1.0607038736343384,0.1400805711746215,0.7023066282272339,1.0841888189315796,0.0325389839708805,0.5997556447982788,1.08713960647583,0.1424550712108612,0.6932648420333862,1.1132036447525024,0.0385055541992187,0.6286503672599792,1.0767054557800293,0.1253804266452789,0.7420916557312012,1.0943056344985962,0.0109320133924484,17.557581663131714,neutro
1761586148.4429595,0,0.6606586575508118,0.5124403238296509,0.0563016235828399,0.6563881635665894,0.497579962015152,0.0527501627802848,0.6547354459762573,0.4968351125717163,0.0527458190917968,0.6530343294143677,0.4961953163146972,0.052656777203083,0.6593809127807617,0.4977960586547851,0.0299145076423883,0.6598524451255798,0.4971303939819336,0.0299256443977355,0.6602688431739807,0.4965629577636719,0.0298507548868656,0.6441584229469299,0.4995408058166504,0.0416774749755859,0.6527713537216187,0.5007886290550232,-0.0551752932369709,0.6567214131355286,0.5224599242210388,0.0592504739761352,0.6593785285949707,0.5235241651535034,0.0302824731916189,0.587973952293396,0.5772575736045837,0.0921677201986312,0.6693578362464905,0.5640338659286499,-0.1330875158309936,0.5864753723144531,0.6798240542411804,0.2221813201904297,0.6888219118118286,0.6751701831817627,-0.1094307154417038,0.6287063360214233,0.6646995544433594,0.339704692363739,0.7478824853897095,0.696358859539032,0.006602301262319,0.6376070380210876,0.6639964580535889,0.3581539094448089,0.7625555396080017,0.7066831588745117,0.0095529193058609,0.6449637413024902,0.6530660390853882,0.3468522429466247,0.7622556090354919,0.6958379745483398,0.0112582622095942,0.6441424489021301,0.6543460488319397,0.3372618556022644,0.7565399408340454,0.6932559609413147,0.0124122072011232,0.6198806166648865,0.7736496329307556,0.0736963003873825,0.6706411838531494,0.771854043006897,-0.0737223997712135,0.6231765747070312,0.9332637190818788,0.1002410054206848,0.6915061473846436,0.9362205862998962,-0.0101208770647645,0.6097012758255005,1.061364769935608,0.1327187716960907,0.704738974571228,1.0841385126113892,0.0303029865026474,0.600523829460144,1.0876350402832031,0.1343388557434082,0.6956363916397095,1.1130850315093994,0.0361958146095275,0.6291943788528442,1.0780316591262815,0.1127356141805648,0.7445212006568909,1.0943056344985962,0.0087949074804782,17.605296850204468,neutro
1761586148.4903142,0,0.6608937382698059,0.5130395293235779,0.0537576675415039,0.6568285226821899,0.4980254471302032,0.0514629371464252,0.6552543044090271,0.4972584843635559,0.0514573268592357,0.6536567807197571,0.496592104434967,0.0513692125678062,0.6596060395240784,0.4982132315635681,0.0279464088380336,0.6599831581115723,0.4975039660930633,0.027958845719695,0.660319447517395,0.496893048286438,0.0278785582631826,0.6448960304260254,0.4996820390224457,0.0471768416464328,0.6528041362762451,0.5009043216705322,-0.0547779686748981,0.656978964805603,0.5228593349456787,0.0583790130913257,0.6594135761260986,0.523941695690155,0.0285106338560581,0.5890184640884399,0.5756118297576904,0.0990310236811637,0.6669301390647888,0.5632010102272034,-0.1325390040874481,0.587268590927124,0.6763049364089966,0.2281091213226318,0.6889681816101074,0.6721029877662659,-0.1110057607293129,0.6288203597068787,0.661129891872406,0.3436205387115478,0.7499198913574219,0.6961955428123474,0.0078386329114437,0.6377609968185425,0.6604946255683899,0.3620355427265167,0.7636346817016602,0.7065275311470032,0.0115003753453493,0.6450530290603638,0.6495958566665649,0.3510895073413849,0.7637211084365845,0.6956692337989807,0.0139651615172624,0.644219696521759,0.6509149670600891,0.3412374258041382,0.7584632635116577,0.6931073069572449,0.0141527373343706,0.6204261183738708,0.773034930229187,0.0743912830948829,0.6707202196121216,0.7713633179664612,-0.0744315236806869,0.6236666440963745,0.9331230521202089,0.0977848321199417,0.6916757822036743,0.936076521873474,-0.0104735260829329,0.610667884349823,1.061893343925476,0.1285656839609146,0.7058998346328735,1.0830585956573486,0.0307383090257644,0.6014295816421509,1.088021159172058,0.1299109756946563,0.6968287229537964,1.111544489860535,0.0367017611861228,0.6299696564674377,1.0791974067687988,0.106977641582489,0.745430588722229,1.0939165353775024,0.0097410976886749,17.65265154838562,neutro
1761586148.5353758,0,0.6619832515716553,0.5131347179412842,0.0563939735293388,0.6577637195587158,0.4981397986412048,0.053806722164154,0.65610671043396,0.4973467588424682,0.0538032874464988,0.6544143557548523,0.4966565072536468,0.0537160634994506,0.66056227684021,0.4983458518981933,0.0299941562116146,0.6608847379684448,0.4976218640804291,0.0300095528364181,0.661148726940155,0.49699467420578,0.0299282856285572,0.6452902555465698,0.4996855854988098,0.0509407892823219,0.6535001397132874,0.5009168982505798,-0.0549288690090179,0.6579549312591553,0.5228514075279236,0.0604235120117664,0.6602802872657776,0.5239197611808777,0.0301581472158432,0.5896629095077515,0.5750786066055298,0.1005294173955917,0.6663473844528198,0.5627564787864685,-0.1331201493740081,0.5877271294593811,0.6761947274208069,0.2272449284791946,0.6895095109939575,0.6716490387916565,-0.1148492246866226,0.6290372014045715,0.6638734936714172,0.339955985546112,0.7494630217552185,0.6960152983665466,-0.0012763061095029,0.6378100514411926,0.6639626622200012,0.3580527603626251,0.7642205357551575,0.7064117789268494,0.0016261724522337,0.6450952887535095,0.6531823873519897,0.3472718596458435,0.7639169692993164,0.6955429315567017,0.0038998569361865,0.6443527340888977,0.6541584730148315,0.3375580608844757,0.7579585313796997,0.6929947733879089,0.004800627939403,0.6211333274841309,0.7730158567428589,0.0751502960920333,0.6709035634994507,0.7713558673858643,-0.0751858353614807,0.6243175864219666,0.9331238865852356,0.0992552414536476,0.6916772127151489,0.9361241459846495,-0.0112462174147367,0.6109654307365417,1.061975359916687,0.1331642568111419,0.7057520151138306,1.0832340717315674,0.0316452607512474,0.6016905307769775,1.0880521535873413,0.1350401937961578,0.6967052221298218,1.11175537109375,0.0377379320561885,0.6300939321517944,1.0792163610458374,0.1142094880342483,0.7452114820480347,1.0940773487091064,0.0100960461422801,17.697713136672974,neutro
1761586148.5843594,0,0.662500262260437,0.5131412148475647,0.052602183073759,0.6582356095314026,0.4981243014335632,0.051135741174221,0.656586766242981,0.4973303079605102,0.0511338114738464,0.6549119353294373,0.496642142534256,0.0510482601821422,0.6609869599342346,0.4983488321304321,0.0264036245644092,0.6612706184387207,0.4976331293582916,0.0264230165630579,0.6614862680435181,0.4970163702964782,0.0263471994549036,0.6457628011703491,0.4996937811374664,0.0513578169047832,0.6536744832992554,0.5009535551071167,-0.0569576248526573,0.6583776473999023,0.5228592157363892,0.0584783367812633,0.6606193780899048,0.5239421725273132,0.0270092189311981,0.5905592441558838,0.5748558640480042,0.1014088243246078,0.666352391242981,0.562305748462677,-0.1345434337854385,0.588927686214447,0.6759803295135498,0.2230386435985565,0.6905752420425415,0.6712962985038757,-0.1171688288450241,0.6327096223831177,0.6659147143363953,0.3292057812213897,0.7496353387832642,0.6961113214492798,0.0006322630797512,0.6420741081237793,0.6665676236152649,0.3467348217964172,0.7643860578536987,0.7063180804252625,0.0043037952855229,0.6493667960166931,0.656087338924408,0.3358665704727173,0.7637751698493958,0.6957616806030273,0.0068091130815446,0.6483174562454224,0.6568924188613892,0.3265855312347412,0.7577661275863647,0.6932429075241089,0.0068708667531609,0.6217707991600037,0.7728351950645447,0.0756907314062118,0.6710236668586731,0.7713467478752136,-0.0757330358028411,0.6249065399169922,0.9330169558525084,0.0996944457292556,0.6916714906692505,0.9359943270683287,-0.0100866667926311,0.6118554472923279,1.0619298219680786,0.1333727091550827,0.7056074142456055,1.082712173461914,0.0337318256497383,0.602575421333313,1.0879952907562256,0.1356934756040573,0.6965889930725098,1.1113141775131226,0.0403225235641002,0.6314419507980347,1.0791536569595337,0.1174763813614845,0.744848906993866,1.0929630994796753,0.0119424676522612,17.746696710586548,neutro
1761586148.6306608,0,0.6629651784896851,0.5132148861885071,0.0523447282612323,0.6586596369743347,0.4982004463672638,0.0509978421032428,0.6569880843162537,0.4973913133144378,0.050995796918869,0.6552842855453491,0.4966877996921539,0.0509062595665454,0.6613736748695374,0.4984277486801147,0.0261990781873464,0.6616194844245911,0.497699111700058,0.0262208934873342,0.6617926359176636,0.4970702826976776,0.0261447615921497,0.6459651589393616,0.4997030794620514,0.0522375404834747,0.6538825631141663,0.5009742975234985,-0.0569324269890785,0.658797562122345,0.5228722095489502,0.0584593825042247,0.6609728336334229,0.5239527821540833,0.0269144978374242,0.5908447504043579,0.5748932361602783,0.1026872992515564,0.6661231517791748,0.5617587566375732,-0.1339895129203796,0.5885876417160034,0.6744403839111328,0.2338971197605133,0.6908961534500122,0.6708881855010986,-0.1185074225068092,0.6325911283493042,0.6648779511451721,0.352277398109436,0.7496637105941772,0.6963385939598083,-0.0069189174100756,0.6415421366691589,0.665275514125824,0.3721014559268951,0.7640120387077332,0.7065619826316833,-0.0041344333440065,0.6488400101661682,0.6545650362968445,0.3612262010574341,0.7634969353675842,0.6964235901832581,-0.0016734026139602,0.6481459140777588,0.6555278301239014,0.3501268923282623,0.7576683759689331,0.6937853097915649,-0.0007012996356934,0.6223009824752808,0.7728443741798401,0.075699858367443,0.6712248921394348,0.7714477777481079,-0.075739711523056,0.6250653862953186,0.9329421520233154,0.1031567826867103,0.6916722059249878,0.935958206653595,-0.0098232896998524,0.6124789714813232,1.0612380504608154,0.1444354951381683,0.705466091632843,1.0824496746063232,0.0378260649740695,0.6032136082649231,1.0872691869735718,0.1472158879041671,0.69654381275177,1.1110092401504517,0.0448972210288047,0.6319936513900757,1.0782921314239502,0.1289911419153213,0.74472975730896,1.092732071876526,0.018496997654438,17.79299807548523,neutro
1761586148.6765516,0,0.6634173393249512,0.5132598876953125,0.0535144135355949,0.6591057777404785,0.4982650578022003,0.0519118309020996,0.6573858857154846,0.4974452257156372,0.0519088692963123,0.6556247472763062,0.4967292845249176,0.0518200807273387,0.6618387699127197,0.4984828233718872,0.0272410865873098,0.6620614528656006,0.497738778591156,0.0272583905607461,0.6622060537338257,0.4970953166484833,0.0271797515451908,0.6460474133491516,0.4997164309024811,0.0530907325446605,0.6541548371315002,0.5009852647781372,-0.056566584855318,0.6591247320175171,0.5228927731513977,0.0591804310679435,0.6612837314605713,0.5239742994308472,0.0277674756944179,0.5909817218780518,0.5749018788337708,0.1031015291810035,0.6660979986190796,0.5614238381385803,-0.1341112852096557,0.5885015726089478,0.6735216975212097,0.2332278043031692,0.6914860010147095,0.6704680919647217,-0.1173040494322776,0.6321848630905151,0.6639679074287415,0.3510655164718628,0.7494163513183594,0.696795642375946,-0.0024055135436356,0.6410461068153381,0.6642276048660278,0.3707955479621887,0.7638527750968933,0.7070159912109375,0.0011098652612417,0.6483179330825806,0.653465986251831,0.3602108359336853,0.7632536888122559,0.697081446647644,0.0034466218203306,0.6475932002067566,0.6544721722602844,0.3489451110363006,0.7574208378791809,0.6942890286445618,0.003797470126301,0.6226282715797424,0.7728075385093689,0.0760106891393661,0.6714545488357544,0.7714443802833557,-0.0760482475161552,0.6253098249435425,0.9329098463058472,0.1033355221152305,0.6916874647140503,0.935929238796234,-0.0094298273324966,0.6127380728721619,1.0611069202423096,0.1444468349218368,0.7052825689315796,1.082079291343689,0.0377715267241001,0.603463888168335,1.087119698524475,0.1472093611955642,0.6964436173439026,1.110604763031006,0.0447441227734088,0.6323121190071106,1.0782148838043213,0.1287426501512527,0.744331419467926,1.0924506187438965,0.018387796357274,17.8388888835907,neutro
1761586148.7237754,0,0.6636075377464294,0.5133557915687561,0.0477810911834239,0.6592528820037842,0.4983662962913513,0.0472882464528083,0.6575096249580383,0.497534841299057,0.0472875535488128,0.65572589635849,0.4968040287494659,0.0471999756991863,0.662039577960968,0.4985775649547577,0.0218937583267688,0.6622729897499084,0.4978173077106476,0.0219169855117797,0.6624284982681274,0.4971542358398437,0.021844120696187,0.6460864543914795,0.4997466504573822,0.0519352033734321,0.6543306708335876,0.5010011196136475,-0.0598395094275474,0.6592897176742554,0.5229870080947876,0.0552190169692039,0.6614606380462646,0.5240679979324341,0.0228127464652061,0.5911104679107666,0.5749089121818542,0.102293848991394,0.665705680847168,0.5610450506210327,-0.135669857263565,0.5892921686172485,0.6723660230636597,0.2333927899599075,0.6919105052947998,0.6700500249862671,-0.1206849068403244,0.6325032711029053,0.66382896900177,0.3514687716960907,0.748937726020813,0.6973380446434021,-0.0075715938583016,0.6411222219467163,0.6643365025520325,0.3717406690120697,0.7632339596748352,0.7075664401054382,-0.0044184559956192,0.6482385396957397,0.6536595225334167,0.3612311482429504,0.7626757025718689,0.6980449557304382,-0.0020058136433362,0.6475597620010376,0.6546154022216797,0.3494808971881866,0.756956934928894,0.6951411366462708,-0.0013770435471087,0.6227662563323975,0.7728093266487122,0.0759705528616905,0.6715996861457825,0.7715030312538147,-0.0760109648108482,0.6257285475730896,0.9326339960098268,0.1041886806488037,0.6916722059249878,0.9356302618980408,-0.0058428766205906,0.6130114197731018,1.060813307762146,0.1467084884643554,0.7052355408668518,1.0796051025390625,0.0482208728790283,0.6037039160728455,1.0869017839431765,0.149500161409378,0.6963305473327637,1.1079647541046145,0.0557268075644969,0.6326607465744019,1.0775341987609863,0.1307140737771988,0.7440233826637268,1.089320421218872,0.0315040573477745,17.886112689971924,neutro
1761586148.7702012,0,0.6637669801712036,0.513484537601471,0.0499557927250862,0.6593691110610962,0.4984984397888183,0.0485802739858627,0.6576238870620728,0.4976615011692047,0.0485782846808433,0.6558429002761841,0.4969182014465332,0.0484919026494026,0.6621614694595337,0.4987130165100097,0.0237578302621841,0.662392258644104,0.4979532361030578,0.0237791743129491,0.6625488996505737,0.4972861409187317,0.0237047635018825,0.6461355686187744,0.4998256862163543,0.0515636876225471,0.6544219255447388,0.5011018514633179,-0.0591187290847301,0.6594562530517578,0.5231320858001709,0.0562500432133674,0.6616101861000061,0.5241934657096863,0.024604070931673,0.5910533666610718,0.5749207735061646,0.1012310534715652,0.6657349467277527,0.5608636140823364,-0.1347476541996002,0.5890755653381348,0.6725987792015076,0.2303110361099243,0.6929551362991333,0.6697406768798828,-0.1164896115660667,0.632225751876831,0.6640455722808838,0.3459101915359497,0.7488448619842529,0.6975620985031128,-0.0003494330740068,0.6408668160438538,0.6646734476089478,0.3655319809913635,0.762816846370697,0.7077942490577698,0.0035193837247788,0.6479851603507996,0.6540669202804565,0.3550836443901062,0.7621316313743591,0.6985609531402588,0.0054830601438879,0.6472724676132202,0.6550121903419495,0.3439091742038727,0.7564747333526611,0.6955947279930115,0.0057481708936393,0.62273770570755,0.7727975249290466,0.0758997648954391,0.6716228723526001,0.7715023159980774,-0.0759428590536117,0.6257346868515015,0.9322280287742616,0.1050427109003067,0.6916689872741699,0.935436189174652,-0.0040624355897307,0.6128565073013306,1.0603203773498535,0.1474210619926452,0.704171895980835,1.078525185585022,0.0499131456017494,0.6035721302032471,1.086498141288757,0.1501747369766235,0.6949495077133179,1.1069210767745972,0.0573455691337585,0.6325574517250061,1.0767695903778076,0.1318258792161941,0.7430077791213989,1.0882328748703003,0.0337121076881885,17.932538509368896,neutro
1761586148.8159366,0,0.663654088973999,0.5139124989509583,0.0601479522883892,0.6592516303062439,0.4992017447948456,0.0539681129157543,0.6575076580047607,0.4983731210231781,0.0539665929973125,0.6557296514511108,0.4976187944412231,0.0538800433278083,0.6621053218841553,0.4993965327739715,0.0324279218912124,0.662392258644104,0.4986310303211212,0.0324435159564018,0.6626207232475281,0.4979209303855896,0.0323528051376342,0.6460796594619751,0.5003456473350525,0.0458988212049007,0.6547847986221313,0.5013958811759949,-0.0558499693870544,0.6593753099441528,0.5233584046363831,0.0605520494282245,0.6615576148033142,0.524295449256897,0.033218864351511,0.5909911394119263,0.5749350190162659,0.0934281796216964,0.6662722229957581,0.560929000377655,-0.1326458901166916,0.5889158844947815,0.6734253764152527,0.2277135848999023,0.6931416392326355,0.6697312593460083,-0.1043285503983497,0.6284738183021545,0.6643427610397339,0.3402411639690399,0.7497218251228333,0.6973157525062561,0.0120943691581487,0.636306881904602,0.6650493144989014,0.3580789566040039,0.7637335062026978,0.70750892162323,0.0152986198663711,0.643701434135437,0.6546677947044373,0.3463284969329834,0.763175368309021,0.6984352469444275,0.0158785749226808,0.6432859897613525,0.6555703282356262,0.338200956583023,0.7575217485427856,0.6955187320709229,0.0177035015076398,0.6227137446403503,0.7727994322776794,0.075487770140171,0.6718237400054932,0.7714908719062805,-0.0755254328250885,0.625935971736908,0.9322164058685304,0.1040797606110572,0.6916559338569641,0.9354305863380432,-0.0019641711842268,0.612832248210907,1.0605854988098145,0.1439675092697143,0.7040568590164185,1.077710509300232,0.0513357706367969,0.603718101978302,1.0868499279022217,0.146576315164566,0.6948939561843872,1.105830430984497,0.0587861947715282,0.6323636770248413,1.0770740509033203,0.1264086812734604,0.7427402138710022,1.0879461765289309,0.0341197550296783,17.97827386856079,neutro
1761586148.8626332,0,0.6639283895492554,0.514557957649231,0.0601365491747856,0.6594275832176208,0.5000576972961426,0.0541240498423576,0.6576312780380249,0.4992055892944336,0.0541221424937248,0.6557919979095459,0.4984070956707001,0.054035197943449,0.662388026714325,0.5002458095550537,0.0324208363890647,0.6626912355422974,0.4994570612907409,0.0324370339512825,0.6629276871681213,0.4986789524555206,0.0323476493358612,0.6460651755332947,0.5008440613746643,0.0443574115633964,0.6550340056419373,0.5017143487930298,-0.0559512972831726,0.6595082879066467,0.5237575173377991,0.0607104003429412,0.6617587208747864,0.5245643854141235,0.0332093648612499,0.5909494161605835,0.5750763416290283,0.0933582186698913,0.6665307283401489,0.5611756443977356,-0.1328751742839813,0.5887421369552612,0.6743611097335815,0.2246923446655273,0.6948719024658203,0.6696555614471436,-0.1063411608338356,0.6273424029350281,0.6651260256767273,0.338721752166748,0.7518845796585083,0.6968573927879333,0.0082246996462345,0.6349595785140991,0.6660829782485962,0.3571673631668091,0.7657898664474487,0.7069329023361206,0.0113739287480711,0.6422781944274902,0.6555268168449402,0.3461629152297973,0.7647799253463745,0.6981677412986755,0.0126294512301683,0.6419607400894165,0.6563712358474731,0.3367894291877746,0.7594066858291626,0.6953068971633911,0.0140274418517947,0.6227198839187622,0.7731320858001709,0.0753493458032608,0.6720260381698608,0.7717654705047607,-0.0753876715898513,0.6259227991104126,0.9322362542152404,0.1053334847092628,0.6916500329971313,0.9354326725006104,0.0001840370241552,0.6127442717552185,1.06031596660614,0.1479303836822509,0.7035587430000305,1.0768868923187256,0.0550674013793468,0.6036424040794373,1.0865782499313354,0.1508896052837371,0.6944268345832825,1.1049425601959229,0.0627697482705116,0.632309079170227,1.0766777992248535,0.1315228343009948,0.7416894435882568,1.0871866941452026,0.0387679114937782,18.024970531463623,neutro
1761586148.90916,0,0.6638621091842651,0.5151687264442444,0.061483658850193,0.6594114303588867,0.5006791949272156,0.0552384331822395,0.6575853228569031,0.4998243451118469,0.0552378110587596,0.6557069420814514,0.4990229904651642,0.0551506951451301,0.6623337864875793,0.5008867383003235,0.0337345041334629,0.6626521348953247,0.5001050233840942,0.0337503291666507,0.6629193425178528,0.4993107914924621,0.0336607620120048,0.6460129022598267,0.50143963098526,0.0443352833390235,0.6552087068557739,0.5021631717681885,-0.054918386042118,0.6594740748405457,0.5242730975151062,0.0618001222610473,0.6617261171340942,0.5249807238578796,0.034590870141983,0.5911303758621216,0.5753417611122131,0.0932904034852981,0.6665990948677063,0.5613771677017212,-0.1327590644359588,0.5886135697364807,0.674923300743103,0.2237710654735565,0.6951415538787842,0.6690676808357239,-0.1044403687119484,0.6274039149284363,0.6674296855926514,0.3339029252529144,0.7532380223274231,0.696587860584259,0.0200377274304628,0.6350584030151367,0.6690157651901245,0.3519652485847473,0.7666975259780884,0.706811249256134,0.0253053568303585,0.6423658728599548,0.6584529280662537,0.3410772681236267,0.7653399705886841,0.6981412768363953,0.0275345798581838,0.6420299410820007,0.6591664552688599,0.3318729102611542,0.7601047158241272,0.6952397227287292,0.0264684911817312,0.6227980852127075,0.773340106010437,0.0752474963665008,0.6723089218139648,0.7719762325286865,-0.0752871483564376,0.6259173154830933,0.9322424530982972,0.1051246300339698,0.6917070150375366,0.9353675246238708,0.0014197685522958,0.6127369403839111,1.0612684488296509,0.1454400420188903,0.7032806277275085,1.075694561004639,0.0569541938602924,0.6036960482597351,1.0877420902252195,0.1481746882200241,0.6940897703170776,1.1038068532943726,0.0647594332695007,0.6322143077850342,1.0774983167648315,0.1284258216619491,0.7411790490150452,1.0856940746307373,0.0413173995912075,18.071497201919556,neutro
1761586148.953408,0,0.663810133934021,0.5154476761817932,0.0614783577620983,0.6593830585479736,0.5010534524917603,0.0552580058574676,0.6575710773468018,0.5002055764198303,0.0552572309970855,0.6556796431541443,0.4994135797023773,0.0551699325442314,0.6622910499572754,0.5012878179550171,0.0337383970618248,0.6626197099685669,0.5005201101303101,0.0337542295455932,0.6629003286361694,0.4997364580631256,0.0336648635566234,0.64599609375,0.5017921924591064,0.0432749204337596,0.65525221824646,0.5025449991226196,-0.0546517558395862,0.6594442129135132,0.5244485139846802,0.0618502087891101,0.6617015600204468,0.5251255631446838,0.034681636840105,0.5911338329315186,0.5756190419197083,0.0931198000907898,0.666635274887085,0.5619572997093201,-0.132477194070816,0.5878556966781616,0.6758702993392944,0.2229389399290084,0.695085346698761,0.669099748134613,-0.1042247265577316,0.6249720454216003,0.6677217483520508,0.3365195393562317,0.7542102336883545,0.6965787410736084,0.019959257915616,0.6328912973403931,0.6691563725471497,0.3553101718425751,0.7673677206039429,0.7068408727645874,0.025018136948347,0.6399654150009155,0.6585822701454163,0.3445155322551727,0.766376793384552,0.6980815529823303,0.0274403188377618,0.6394678354263306,0.6593610048294067,0.3346741795539856,0.7609122395515442,0.6951950788497925,0.0263655241578817,0.622868001461029,0.77357417345047,0.0751765519380569,0.6724820733070374,0.7721461057662964,-0.0752171501517295,0.6259099245071411,0.9325186610221864,0.1051382273435592,0.6914256811141968,0.9354465007781982,0.0016035872977226,0.6127473711967468,1.0616518259048462,0.1453920751810073,0.7023307681083679,1.0757540464401243,0.0566767677664756,0.6037761569023132,1.0882998704910278,0.1481471955776214,0.6930620074272156,1.103879451751709,0.0645071566104888,0.6321414709091187,1.0777205228805542,0.1286165863275528,0.7402368783950806,1.0858161449432373,0.0413773208856582,18.115745306015015,neutro
1761586149.000841,0,0.6639115214347839,0.5157331824302673,0.060482520610094,0.6593929529190063,0.5012809038162231,0.0549502745270729,0.6575908064842224,0.5004196166992188,0.0549482330679893,0.6557148694992065,0.4996116459369659,0.0548589006066322,0.6623302698135376,0.5015360116958618,0.0329746082425117,0.6626625657081604,0.5007712841033936,0.032990925014019,0.6629430055618286,0.4999886155128479,0.0329045355319976,0.6460541486740112,0.5019941329956055,0.04349235445261,0.6552726030349731,0.5028368830680847,-0.0547263249754905,0.6596165895462036,0.5247969031333923,0.0616752877831459,0.6618480682373047,0.5254666209220886,0.0339767634868621,0.5914161801338196,0.5759245157241821,0.0951068624854087,0.6666386723518372,0.5622256994247437,-0.1326950192451477,0.5875962972640991,0.6768836975097656,0.2256851941347122,0.6950657963752747,0.6697859168052673,-0.1071181520819664,0.625076413154602,0.6678228974342346,0.3403953909873962,0.7537363767623901,0.696471095085144,0.0110311368480324,0.6330288648605347,0.669224739074707,0.3591332733631134,0.7679190635681152,0.7063456177711487,0.0143889561295509,0.6400842070579529,0.6586254835128784,0.3482016026973724,0.7667368650436401,0.6973167657852173,0.0167073365300893,0.6395778656005859,0.6594257950782776,0.3383710086345672,0.760825514793396,0.6946232914924622,0.0173280648887157,0.6229885220527649,0.7740105390548706,0.0754029378294944,0.6725197434425354,0.7726366519927979,-0.0754422768950462,0.6259251832962036,0.9327453374862672,0.1056861877441406,0.6911926865577698,0.9355872869491576,0.0014326440868899,0.612960934638977,1.062716722488403,0.1467110812664032,0.7015272378921509,1.076285719871521,0.0554636195302009,0.6039701700210571,1.0895448923110962,0.1494948267936706,0.692068874835968,1.1045069694519043,0.0631119385361671,0.6325802803039551,1.078558087348938,0.1298135071992874,0.7397500276565552,1.086241364479065,0.0396836772561073,18.163178205490112,neutro
1761586149.0472217,0,0.6640071868896484,0.5160992741584778,0.0598501935601234,0.6594753861427307,0.5016987323760986,0.0548444166779518,0.6576802730560303,0.5008037686347961,0.0548412427306175,0.6558095812797546,0.4999576508998871,0.0547502525150775,0.6624452471733093,0.5020151138305664,0.0327700078487396,0.6627825498580933,0.5012561678886414,0.0327881164848804,0.6630533933639526,0.5004674792289734,0.032704122364521,0.64627605676651,0.5022157430648804,0.0444197691977024,0.6554101705551147,0.503149688243866,-0.0539644882082939,0.6597276329994202,0.5250452756881714,0.0616221725940704,0.6619769930839539,0.5257610082626343,0.0338104777038097,0.591643214225769,0.5759584903717041,0.0967892557382583,0.6666781306266785,0.5623623132705688,-0.1322333365678787,0.5871975421905518,0.6769159436225891,0.2276205122470855,0.6947579979896545,0.670600950717926,-0.1087648272514343,0.624857485294342,0.6679041385650635,0.3441658318042755,0.7536662817001343,0.6964474320411682,0.0016081215580925,0.6328105330467224,0.669110894203186,0.3632491528987884,0.7686057090759277,0.7062898278236389,0.0038328622467815,0.6399258971214294,0.6584571599960327,0.3520792424678802,0.7672120332717896,0.6969154477119446,0.0066696433350443,0.6394177079200745,0.6593620777130127,0.3421245217323303,0.7609288692474365,0.6942042708396912,0.0079399198293685,0.6229919791221619,0.7740161418914795,0.0754057615995407,0.6725257635116577,0.7726348638534546,-0.0754441320896148,0.6259192228317261,0.9328206777572632,0.1051172837615013,0.6910807490348816,0.9356857538223268,-0.0004988965811207,0.613001823425293,1.062973141670227,0.1443178951740265,0.7010632753372192,1.0765912532806396,0.0493620000779628,0.6040036678314209,1.0898128747940063,0.1467406302690506,0.6914948225021362,1.1049180030822754,0.0565517134964466,0.6326694488525391,1.078682541847229,0.1262221485376358,0.739505410194397,1.0864194631576538,0.0316944867372512,18.209558963775635,neutro
1761586149.096698,0,0.6640211343765259,0.5168121457099915,0.0530522242188453,0.6595823168754578,0.5023090839385986,0.0507364496588707,0.6578565239906311,0.5014141798019409,0.050738900899887,0.65606290102005,0.5005630254745483,0.0506512448191642,0.6624730825424194,0.5026546120643616,0.0274952109903097,0.6628010272979736,0.5019296407699585,0.0275162160396575,0.663061261177063,0.5011829733848572,0.0274382438510656,0.6467735767364502,0.502760112285614,0.04645886272192,0.6554690599441528,0.503772497177124,-0.0541587360203266,0.6597820520401001,0.5256221294403076,0.0584030635654926,0.6619758605957031,0.5263389945030212,0.0289883818477392,0.5927165150642395,0.5759413838386536,0.101385697722435,0.6655643582344055,0.5622298121452332,-0.1321321427822113,0.5872501134872437,0.6747430562973022,0.2363603860139846,0.6947044134140015,0.6694049835205078,-0.1136791259050369,0.6266360282897949,0.6679527759552002,0.357905626296997,0.7536519765853882,0.69633549451828,-0.0034160520881414,0.6346701383590698,0.6691272854804993,0.3789587616920471,0.7682594060897827,0.706255316734314,-0.0007376998546533,0.6417549848556519,0.6585008502006531,0.3673434257507324,0.7670160531997681,0.6969434022903442,0.0029185351449996,0.6412601470947266,0.6594039797782898,0.3558275401592254,0.7609457969665527,0.6942083835601807,0.0033314563333988,0.6234052777290344,0.7741532921791077,0.0756362751126289,0.672534167766571,0.7728263139724731,-0.0756823718547821,0.6259706616401672,0.9328301548957824,0.1053725257515907,0.6910429000854492,0.9358705878257751,-0.0073518506251275,0.6130825877189636,1.0629979372024536,0.1445604860782623,0.700987696647644,1.0782712697982788,0.0388625338673591,0.6040073037147522,1.0897561311721802,0.1468723118305206,0.6914269924163818,1.1065194606781006,0.0456014350056648,0.632705569267273,1.0791456699371338,0.1263760030269622,0.7390783429145813,1.0887057781219482,0.0187949612736701,18.259035348892212,neutro
1761586149.1429603,0,0.6642082333564758,0.5174665451049805,0.0518460571765899,0.6599111557006836,0.5029081106185913,0.0500136613845825,0.658208429813385,0.5020116567611694,0.0500150211155414,0.6564304828643799,0.501152753829956,0.0499271117150783,0.6627214550971985,0.5032387971878052,0.02622876688838,0.6630144715309143,0.5025075674057007,0.0262447241693735,0.6632273197174072,0.5017513632774353,0.0261654071509838,0.6471635699272156,0.5032359957695007,0.0478450655937194,0.655540943145752,0.5042164921760559,-0.0550649277865886,0.6598578691482544,0.5261092782020569,0.057678036391735,0.6620067358016968,0.526877760887146,0.0274377074092626,0.5934329032897949,0.5759485363960266,0.1022221818566322,0.6650565266609192,0.5622890591621399,-0.1323480904102325,0.5884259939193726,0.6748008131980896,0.236422449350357,0.6939328908920288,0.6694967746734619,-0.1157685965299606,0.629933774471283,0.6672934889793396,0.3560178875923157,0.7535175085067749,0.6963651776313782,-0.0039815041236579,0.6380866765975952,0.6678929924964905,0.3764374256134033,0.7679862976074219,0.7063702940940857,-0.0012381130363792,0.6453642249107361,0.657038688659668,0.3647915124893188,0.7667363286018372,0.6971378326416016,0.0023301052860915,0.6448850631713867,0.6581546664237976,0.3537438213825226,0.7607319951057434,0.6943331956863403,0.0026706359349191,0.6236926317214966,0.7742626667022705,0.0759269818663597,0.6725365519523621,0.7728670835494995,-0.0759714096784591,0.6262158751487732,0.932708978652954,0.1062884181737899,0.6912403702735901,0.9357736110687256,-0.0078996866941452,0.6133115291595459,1.0627102851867676,0.1468176841735839,0.70169997215271,1.0782445669174194,0.0403763875365257,0.6041514277458191,1.0892479419708252,0.1492155790328979,0.6922653913497925,1.106438398361206,0.0472939237952232,0.6328842043876648,1.0791113376617432,0.1280942559242248,0.7396367788314819,1.0887056589126587,0.0208629462867975,18.30529761314392,neutro
1761586149.1892889,0,0.6643860340118408,0.5180904865264893,0.0586788244545459,0.6602134704589844,0.5035343766212463,0.0585600510239601,0.6585370302200317,0.5025992393493652,0.0585588999092578,0.6567707657814026,0.5016885995864868,0.0584701374173164,0.6628862619400024,0.5038788318634033,0.0330467671155929,0.6631185412406921,0.503119170665741,0.033065341413021,0.6632729768753052,0.5023291110992432,0.0329814702272415,0.6475135684013367,0.5034967064857483,0.0621940866112709,0.6555281281471252,0.5044728517532349,-0.0495811589062213,0.659939706325531,0.5264727473258972,0.0659037753939628,0.6620168685913086,0.5272534489631653,0.0333401784300804,0.5939297676086426,0.5754854083061218,0.1135228723287582,0.6638016700744629,0.5622656345367432,-0.1297489702701568,0.5894920825958252,0.6721741557121277,0.2402808368206024,0.6920557618141174,0.6695157289505005,-0.1149649247527122,0.6327323913574219,0.6673458218574524,0.3543591797351837,0.7522684335708618,0.6964372396469116,-0.0010802979813888,0.6412981152534485,0.667949378490448,0.3741993010044098,0.7669861316680908,0.7069444060325623,0.0021555027924478,0.6487051248550415,0.6571105718612671,0.3628098964691162,0.7661846280097961,0.6976047158241272,0.0050873085856437,0.6479767560958862,0.6582148671150208,0.3519183993339538,0.7599998712539673,0.6945533752441406,0.0054777706973254,0.6238667964935303,0.7742627263069153,0.0774355307221412,0.6725300550460815,0.7728183269500732,-0.0774927884340286,0.6262551546096802,0.93268084526062,0.1087960749864578,0.6913238763809204,0.9356391429901124,-0.0123413801193237,0.6133137345314026,1.0625966787338257,0.1493347138166427,0.7018593549728394,1.07821786403656,0.0341573990881443,0.6041470766067505,1.0890849828720093,0.1515774726867675,0.6923161745071411,1.1064419746398926,0.0408763885498046,0.6330918073654175,1.079086422920227,0.1300318539142608,0.7399420738220215,1.0886446237564087,0.0132780950516462,18.35162615776062,neutro
1761586149.23658,0,0.6646183729171753,0.5184914469718933,0.0625089779496193,0.6604417562484741,0.5038543343544006,0.0625967681407928,0.6587895154953003,0.5029124021530151,0.0625939592719078,0.6570622324943542,0.50198894739151,0.0625061467289924,0.663090705871582,0.5042041540145874,0.0368686355650424,0.6633108854293823,0.5034295916557312,0.0368915274739265,0.6634455919265747,0.5026118755340576,0.036805871874094,0.6480904817581177,0.5036544799804688,0.0679380819201469,0.6555713415145874,0.5045678019523621,-0.0453421995043754,0.6600873470306396,0.5267446041107178,0.0702670067548751,0.6621233820915222,0.5275251269340515,0.0372954010963439,0.5939373970031738,0.5751821398735046,0.1183101907372474,0.6624563932418823,0.5613662600517273,-0.1257767975330352,0.5905976891517639,0.6695356369018555,0.2443107366561889,0.6903011798858643,0.6676415205001831,-0.1152518615126609,0.6343046426773071,0.6673728823661804,0.3628497719764709,0.750467836856842,0.6972326636314392,-0.0047395671717822,0.642826497554779,0.6679709553718567,0.3842442035675049,0.7651523351669312,0.7096053957939148,-0.0013047381071373,0.650320291519165,0.6571303009986877,0.3730735778808594,0.7652508020401001,0.7010198831558228,0.0031270957551896,0.6495855450630188,0.6582605242729187,0.360587328672409,0.7590879797935486,0.6970180869102478,0.0022124832030385,0.6239269971847534,0.774186909198761,0.0782637372612953,0.672500729560852,0.7724305987358093,-0.0783284530043602,0.6264137029647827,0.9322513341903688,0.1094730347394943,0.6915086507797241,0.935299813747406,-0.015258016064763,0.6135751605033875,1.062084436416626,0.1495639532804489,0.7024261355400085,1.0782034397125244,0.0294513795524835,0.6042231321334839,1.0884742736816406,0.1516880840063095,0.6926392316818237,1.1064459085464478,0.0359052792191505,0.6336867213249207,1.0788763761520386,0.130082905292511,0.7406909465789795,1.088633418083191,0.0080341175198555,18.398917198181152,neutro
1761586149.2835782,0,0.665741503238678,0.5187820792198181,0.0631582587957382,0.6614329218864441,0.5040755867958069,0.0628838241100311,0.6597278714179993,0.5031078457832336,0.0628826171159744,0.6579442024230957,0.502151608467102,0.0627966374158859,0.664075493812561,0.5044230818748474,0.0374890640377998,0.6642464399337769,0.5036237239837646,0.0375131964683532,0.664322018623352,0.5027614831924438,0.0374301150441169,0.6486287117004395,0.5036654472351074,0.0672235861420631,0.6559855937957764,0.5045672059059143,-0.0447016581892967,0.660932183265686,0.5269806981086731,0.0705715864896774,0.6628715395927429,0.5277137756347656,0.0379979386925697,0.5943170189857483,0.5747461318969727,0.115845501422882,0.6615983843803406,0.5603696703910828,-0.1236482113599777,0.5907979011535645,0.6667556762695312,0.2423625886440277,0.6897091269493103,0.6672253012657166,-0.1154469475150108,0.6339266896247864,0.6671823263168335,0.363669604063034,0.7491984963417053,0.6997851729393005,-0.0077815256081521,0.6423482298851013,0.667963981628418,0.3851637244224548,0.7631756067276001,0.7131399512290955,-0.0042218533344566,0.649823009967804,0.6571695804595947,0.3744171857833862,0.7645936012268066,0.7056487798690796,0.0005602512392215,0.6491323709487915,0.6582440137863159,0.3617119789123535,0.7585388422012329,0.7011735439300537,-0.000754763954319,0.6242433786392212,0.7741180062294006,0.0782604664564132,0.672500729560852,0.7723445892333984,-0.0783264189958572,0.6266832947731018,0.93205463886261,0.1107426732778549,0.6915814280509949,0.9352853894233704,-0.0149088324978947,0.6136089563369751,1.0610088109970093,0.1527499705553054,0.7027518153190613,1.078163743019104,0.0301801227033138,0.6042177081108093,1.0872479677200315,0.154975488781929,0.6928403377532959,1.106436848640442,0.0367082096636295,0.6337301731109619,1.078000783920288,0.1339411735534668,0.7409088611602783,1.088589429855347,0.0096521703526377,18.445915460586548,neutro
1761586149.3312778,0,0.6664990186691284,0.5189934968948364,0.0627751946449279,0.6623630523681641,0.504205584526062,0.0621638894081115,0.6605934500694275,0.5032057166099548,0.0621614977717399,0.6587307453155518,0.5022183060646057,0.0620743557810783,0.6651638150215149,0.5045700073242188,0.0372236333787441,0.665382981300354,0.503747284412384,0.0372514203190803,0.6654969453811646,0.5028572082519531,0.0371656529605388,0.6490879058837891,0.5036221742630005,0.0667915716767311,0.6567406058311462,0.5045371651649475,-0.0452337265014648,0.6613268852233887,0.5270866751670837,0.069728173315525,0.6633516550064087,0.5277879238128662,0.0377989336848259,0.5945232510566711,0.5737791657447815,0.1188734918832779,0.6601962447166443,0.5589879751205444,-0.1238695532083511,0.5918205976486206,0.6635599732398987,0.2534405589103699,0.6885746717453003,0.666085958480835,-0.1222409978508949,0.6339913606643677,0.6663991808891296,0.3827515840530395,0.7476034164428711,0.7015319466590881,-0.0248135775327682,0.6421087980270386,0.6676280498504639,0.4066215455532074,0.7608405351638794,0.7154275178909302,-0.0231274459511041,0.6495745182037354,0.6568053364753723,0.3952577710151672,0.7631007432937622,0.7083086371421814,-0.0177739262580871,0.6490185856819153,0.6576470732688904,0.380894124507904,0.7571603059768677,0.703558623790741,-0.0177531763911247,0.6243957281112671,0.7740127444267273,0.0792595669627189,0.6722859144210815,0.7722451686859131,-0.0793209224939346,0.6269124746322632,0.9317706227302552,0.1127988696098327,0.6918178200721741,0.9346811771392822,-0.0139987245202064,0.6139463782310486,1.0610339641571045,0.1588075906038284,0.702666163444519,1.078082799911499,0.0308280792087316,0.6043612360954285,1.0872790813446045,0.1613582670688629,0.6925920248031616,1.1063897609710691,0.0377508625388145,0.6344261765480042,1.0781372785568235,0.1398106962442398,0.7408832907676697,1.0885573625564575,0.0104474797844886,18.49361515045166,neutro
1761586149.3752062,0,0.6674939393997192,0.5198614597320557,0.0603966787457466,0.6634523868560791,0.5050255656242371,0.0602663457393646,0.6616613268852234,0.5039575695991516,0.0602715425193309,0.6597385406494141,0.5028937458992004,0.060188889503479,0.6661651134490967,0.5054355263710022,0.034931231290102,0.6663315892219543,0.5045939087867737,0.0349628590047359,0.6663761138916016,0.5036909580230713,0.0348811037838459,0.6494951844215393,0.5037454962730408,0.0647501647472381,0.6571162343025208,0.5047661066055298,-0.0460332743823528,0.6620786190032959,0.5277698040008545,0.0685021504759788,0.6640361547470093,0.5283169746398926,0.0359353460371494,0.5945035219192505,0.5736482739448547,0.1161712184548378,0.6604478359222412,0.5588524341583252,-0.1242705211043357,0.5917096138000488,0.6632562279701233,0.2525734901428222,0.6887032389640808,0.6655440926551819,-0.1214616894721984,0.6332563757896423,0.6660200357437134,0.3869515657424927,0.7473338842391968,0.7042486667633057,-0.0210613645613193,0.6406614780426025,0.6674348711967468,0.411174863576889,0.7594855427742004,0.719155490398407,-0.0185884647071361,0.6480599641799927,0.6566407084465027,0.4004125595092773,0.7617220878601074,0.7125913500785828,-0.013935200870037,0.6478705406188965,0.6574242115020752,0.3855920433998108,0.7563716173171997,0.7073164582252502,-0.0140990791842341,0.6243555545806885,0.773975670337677,0.079147882759571,0.6721891164779663,0.772243857383728,-0.079208917915821,0.6272968649864197,0.9316071271896362,0.1126217469573021,0.6918713450431824,0.9344466328620912,-0.0107270767912268,0.6141857504844666,1.06110942363739,0.1582938283681869,0.7026581764221191,1.0767651796340942,0.0387724749743938,0.6045048832893372,1.0874230861663818,0.1609676033258438,0.6925733685493469,1.1051675081253052,0.0460781976580619,0.6348714828491211,1.0781607627868652,0.1403761208057403,0.7408758401870728,1.0868383646011353,0.021766897290945,18.537543535232544,neutro
1761586149.423764,0,0.6676749587059021,0.5206004977226257,0.0612866282463073,0.6637400984764099,0.5057514905929565,0.0608235821127891,0.661958634853363,0.5046733617782593,0.0608304366469383,0.6600579023361206,0.503613293170929,0.0607491210103035,0.6665011644363403,0.5062493681907654,0.0353556312620639,0.666697084903717,0.505458652973175,0.0353862456977367,0.6667777299880981,0.5046296715736389,0.035304844379425,0.6497318148612976,0.5041497349739075,0.0646873340010643,0.6573609709739685,0.5053592324256897,-0.0464239232242107,0.6622229218482971,0.5285112857818604,0.0689402967691421,0.6642287969589233,0.5289738178253174,0.0362127870321273,0.5945631861686707,0.5735277533531189,0.1151457875967025,0.6605691313743591,0.5588781833648682,-0.1245270371437072,0.5920451283454895,0.6639532446861267,0.2491728514432907,0.6887080073356628,0.6655775904655457,-0.1214988380670547,0.6338698863983154,0.6657214760780334,0.3776337504386902,0.7462440729141235,0.7058114409446716,-0.0197409018874168,0.64119553565979,0.667099118232727,0.4001806676387787,0.7583935260772705,0.7213613986968994,-0.0171814896166324,0.6486348509788513,0.6561830043792725,0.3893768489360809,0.7606050968170166,0.714966356754303,-0.0128476303070783,0.6485072374343872,0.6568921804428101,0.3760310411453247,0.755414605140686,0.7094618678092957,-0.0129815489053726,0.6243191957473755,0.7738993167877197,0.0791373625397682,0.6720691919326782,0.7721322178840637,-0.0791989564895629,0.6276456117630005,0.9309768676757812,0.112554170191288,0.6919597387313843,0.9339045286178588,-0.0107807554304599,0.6143667101860046,1.060698628425598,0.1576674580574035,0.7026515007019043,1.0761513710021973,0.0388031862676143,0.6046551465988159,1.086974024772644,0.1603045314550399,0.6925719976425171,1.104596734046936,0.0460307784378528,0.6350206136703491,1.0777058601379397,0.139392003417015,0.7408645153045654,1.0861716270446775,0.0204841010272502,18.586101293563843,neutro
1761586149.4711308,0,0.6680697202682495,0.5212984681129456,0.0624128282070159,0.6644874811172485,0.5065541863441467,0.0609468147158622,0.6627745032310486,0.5054662227630615,0.0609547421336174,0.6609199643135071,0.5043843388557434,0.0608742609620094,0.6671507954597473,0.5071123838424683,0.0361792407929897,0.667340874671936,0.506344735622406,0.0362140722572803,0.6674076318740845,0.5055318474769592,0.0361354127526283,0.650347113609314,0.504473865032196,0.0639489218592643,0.6576685309410095,0.5057041049003601,-0.046437419950962,0.6626865267753601,0.5289366841316223,0.0689897611737251,0.6646249294281006,0.5292928218841553,0.0372665300965309,0.5945435762405396,0.5734249353408813,0.1096657142043113,0.6607032418251038,0.5588101148605347,-0.1237229332327842,0.5906575918197632,0.6641288995742798,0.2437570542097091,0.6904779076576233,0.664182722568512,-0.1202802285552024,0.6308187246322632,0.6657237410545349,0.3734000921249389,0.7457562685012817,0.7092758417129517,-0.0169465690851211,0.638043224811554,0.6671106219291687,0.3955851197242737,0.7565283179283142,0.7278395891189575,-0.014135587029159,0.6456948518753052,0.6562305688858032,0.3848403692245483,0.7590901851654053,0.7231399416923523,-0.0099623622372746,0.6456736326217651,0.656963586807251,0.3716775774955749,0.7543343305587769,0.7162737250328064,-0.0102103892713785,0.623999834060669,0.7736940383911133,0.0788280218839645,0.671640932559967,0.7719765901565552,-0.0789008289575576,0.6276556253433228,0.929902195930481,0.1125489845871925,0.6920528411865234,0.9334645867347716,-0.0094368290156126,0.614338219165802,1.059960961341858,0.1570611894130706,0.7027190923690796,1.0756157636642456,0.0388712808489799,0.604617714881897,1.0862667560577393,0.1596818268299102,0.6926066875457764,1.1041395664215088,0.0460755787789821,0.6349872350692749,1.0766818523406982,0.1400988548994064,0.7409636378288269,1.0852925777435305,0.0219483077526092,18.63346815109253,neutro
1761586149.5155342,0,0.6684829592704773,0.5216091871261597,0.062340922653675,0.6650825142860413,0.5069783926010132,0.0607539303600788,0.6634179353713989,0.5058987736701965,0.0607624761760234,0.6615968346595764,0.5048119425773621,0.0606834106147289,0.6676859855651855,0.5075430274009705,0.0361055955290794,0.6678773164749146,0.5067902207374573,0.03614042699337,0.6679385304450989,0.505994439125061,0.0360628813505172,0.650993824005127,0.504751980304718,0.0592912212014198,0.6580209136009216,0.5060678720474243,-0.0464569181203842,0.6632086038589478,0.529206395149231,0.0688444748520851,0.6650848388671875,0.5295242071151733,0.0372882410883903,0.5944074392318726,0.5734220743179321,0.1034796461462974,0.6617934107780457,0.5588753819465637,-0.1228961125016212,0.5897175669670105,0.6645990610122681,0.2356920689344406,0.6925250291824341,0.6641238927841187,-0.1137451902031898,0.6286865472793579,0.6656515598297119,0.3668899536132812,0.7454255819320679,0.7113329172134399,-0.0109017249196767,0.6360504627227783,0.6669396162033081,0.3892231583595276,0.7554013133049011,0.7302960753440857,-0.008049570955336,0.6437815427780151,0.6562513113021851,0.3788649439811706,0.7578424215316772,0.7252792716026306,-0.0047635813243687,0.6436785459518433,0.6569904685020447,0.3657550811767578,0.7534262537956238,0.7185894846916199,-0.0044971322640776,0.6230748891830444,0.7735585570335388,0.078430488705635,0.6710010766983032,0.7719475626945496,-0.0785160511732101,0.6276719570159912,0.9294252395629884,0.112984299659729,0.6920590996742249,0.9331752061843872,-0.0075098620727658,0.6143295168876648,1.0584667921066284,0.1577310562133789,0.7027155160903931,1.0746252536773682,0.0389232784509658,0.6046158075332642,1.0849087238311768,0.1605630815029144,0.6925796270370483,1.1033629179000854,0.0460903607308864,0.6349900960922241,1.0742686986923218,0.1435990631580352,0.7411406636238098,1.0834487676620483,0.0238351132720708,18.677871465682983,neutro
1761586149.563532,0,0.6684550046920776,0.5219870209693909,0.0624211244285106,0.6650750637054443,0.5073089599609375,0.0606380924582481,0.663414478302002,0.5062352418899536,0.0606462433934211,0.6615965366363525,0.505151093006134,0.0605663955211639,0.6676827073097229,0.5079028606414795,0.0360879823565483,0.6678815484046936,0.5071824193000793,0.0361223220825195,0.6679494380950928,0.5064279437065125,0.0360442213714122,0.6509984135627747,0.5049471259117126,0.0581509992480278,0.6580433249473572,0.5064247250556946,-0.046628039330244,0.6632139086723328,0.529644787311554,0.0686549246311187,0.66511070728302,0.529892086982727,0.0373897925019264,0.5938831567764282,0.5736935138702393,0.1025934219360351,0.661830723285675,0.5588681101799011,-0.1231366842985153,0.5886262655258179,0.6660629510879517,0.2349221408367157,0.6929369568824768,0.6635530591011047,-0.1140467673540115,0.6270754337310791,0.6664170622825623,0.3665914237499237,0.7452071905136108,0.7130280137062073,-0.0150114279240369,0.6341872215270996,0.6679137349128723,0.3886857032775879,0.7548483610153198,0.7324301600456238,-0.0126122925430536,0.6420923471450806,0.65761399269104,0.3782201707363128,0.7572060823440552,0.7279341220855713,-0.0086849257349967,0.6421056389808655,0.6583564281463623,0.3652671277523041,0.7529214024543762,0.7210370302200317,-0.0084603996947407,0.6228510737419128,0.7735928893089294,0.078365221619606,0.6706672310829163,0.7720271944999695,-0.0784564092755317,0.6276232004165649,0.929120659828186,0.1150857955217361,0.6920727491378784,0.9333622455596924,-0.0082022221758961,0.614324688911438,1.0576602220535278,0.1627593785524368,0.7024394273757935,1.0753133296966553,0.0361747704446315,0.6046174764633179,1.0839322805404663,0.1659916341304779,0.6921612620353699,1.104187250137329,0.0429351702332496,0.6349816918373108,1.073669672012329,0.1510632485151291,0.7409412264823914,1.084147572517395,0.0210940819233655,18.72586941719055,neutro
1761586149.611626,0,0.668497622013092,0.5220987200737,0.0624042376875877,0.6651889085769653,0.5074268579483032,0.0603779479861259,0.6635555028915405,0.5063591599464417,0.0603877417743206,0.6617776155471802,0.505279541015625,0.0603101439774036,0.6677892804145813,0.5080238580703735,0.035968504846096,0.6679935455322266,0.5073100924491882,0.0360038541257381,0.6680682897567749,0.5065639615058899,0.0359269715845584,0.6512171626091003,0.5049902200698853,0.0572763197124004,0.6581175923347473,0.5065006613731384,-0.0472526475787162,0.6632624268531799,0.529772162437439,0.0684522241353988,0.665172278881073,0.5299739837646484,0.0373272225260734,0.5937303304672241,0.57353675365448,0.1025003790855407,0.6618907451629639,0.5588771104812622,-0.1234311684966087,0.5885559916496277,0.6661341190338135,0.2350382059812545,0.6931083798408508,0.663310706615448,-0.1140844374895095,0.6272212266921997,0.6662243604660034,0.367677092552185,0.7448674440383911,0.7135772705078125,-0.0143652260303497,0.6344074606895447,0.6677263379096985,0.3906956315040588,0.7543761134147644,0.7333310842514038,-0.0118898656219244,0.6422351598739624,0.6575658917427063,0.3801116347312927,0.7568113207817078,0.7284340262413025,-0.0078841047361493,0.6422139406204224,0.6583247780799866,0.3664210438728332,0.752626359462738,0.7215994000434875,-0.0077756317332386,0.6226483583450317,0.7734280228614807,0.0783385783433914,0.6701668500900269,0.7719418406486511,-0.0784292966127395,0.6274659633636475,0.9283231496810912,0.1152097582817077,0.6920734643936157,0.9331169128417968,-0.0081187207251787,0.6142628788948059,1.0572760105133057,0.1622155457735061,0.7017834782600403,1.075227975845337,0.0364335179328918,0.6045612096786499,1.0836197137832642,0.1653311997652053,0.6913497447967529,1.1041136980056765,0.0432010777294635,0.6349638104438782,1.0732022523880005,0.149617850780487,0.7406615018844604,1.0841251611709597,0.0211728624999523,18.77396321296692,neutro
1761586149.6574016,0,0.6684017777442932,0.5228614807128906,0.0636959299445152,0.6651760935783386,0.5085226893424988,0.0603345818817615,0.663536548614502,0.5074543356895447,0.0603447929024696,0.661751389503479,0.5063794851303101,0.0602683722972869,0.6677523851394653,0.5091856122016907,0.0369571335613727,0.6679494380950928,0.5085302591323853,0.0369895547628402,0.6680344343185425,0.5078617334365845,0.0369095131754875,0.6511901617050171,0.5058372020721436,0.0523213632404804,0.6583226919174194,0.5077416300773621,-0.0470091365277767,0.663175642490387,0.5302967429161072,0.068330317735672,0.6651657819747925,0.5303447842597961,0.038477636873722,0.593471109867096,0.5735776424407959,0.0972302705049514,0.6627848744392395,0.5594415664672852,-0.1231354027986526,0.5878155827522278,0.6677437424659729,0.229613110423088,0.6942840814590454,0.6631247401237488,-0.1050057262182235,0.6272960901260376,0.6662625670433044,0.3585769534111023,0.7446259260177612,0.7137216329574585,0.0079530049115419,0.6345802545547485,0.6677895188331604,0.3816137611865997,0.754097044467926,0.7347010374069214,0.0132186543196439,0.6423676013946533,0.6578714847564697,0.3710736036300659,0.7565658092498779,0.7294079065322876,0.0162517093122005,0.6422984600067139,0.6586765646934509,0.3574570119380951,0.7524155378341675,0.7219933867454529,0.0146127520129084,0.6224172115325928,0.7734258770942688,0.0777775943279266,0.6699780821800232,0.7719544768333435,-0.0778848379850387,0.6272845268249512,0.9281960129737854,0.1132448092103004,0.6920896768569946,0.9331222772598268,-0.0058873798698186,0.6142581701278687,1.0579065084457395,0.1555020362138748,0.7012955546379089,1.0749670267105105,0.0379897803068161,0.6045975089073181,1.0843123197555542,0.1583837121725082,0.6909425258636475,1.1037200689315796,0.044733926653862,0.6349554061889648,1.074154257774353,0.1442535519599914,0.7401202917098999,1.0840742588043213,0.0248222611844539,18.81973886489868,neutro
1761586149.7033446,0,0.6683338284492493,0.5236158967018127,0.0673196837306022,0.6651533842086792,0.5096460580825806,0.0610317885875701,0.6635224223136902,0.508587121963501,0.0610429234802722,0.6617303490638733,0.5075150728225708,0.0609683878719806,0.6677110195159912,0.5103393793106079,0.0397465303540229,0.6679213643074036,0.5097223520278931,0.0397793613374233,0.668042778968811,0.5090793371200562,0.039700087159872,0.6511724591255188,0.5068319439888,0.0459945052862167,0.6587446331977844,0.5089210271835327,-0.0462775453925132,0.6630772352218628,0.5308387279510498,0.0687195733189582,0.6651560664176941,0.5307520031929016,0.0416307710111141,0.5926138162612915,0.5736518502235413,0.0879908874630928,0.6640638113021851,0.5600276589393616,-0.1218254938721656,0.5864413976669312,0.6689385175704956,0.2197805643081665,0.6951280236244202,0.662990152835846,-0.0994119495153427,0.6261452436447144,0.6662732362747192,0.3490760922431946,0.7445034980773926,0.7146437764167786,0.0117668136954307,0.6337127089500427,0.6678188443183899,0.3713633418083191,0.7541366219520569,0.7374447584152222,0.0169523544609546,0.6414315700531006,0.658189058303833,0.361195296049118,0.7565178871154785,0.7319276928901672,0.019080402329564,0.6412383317947388,0.6590509414672852,0.3482660353183746,0.7523580193519592,0.7236663103103638,0.0180001463741064,0.6219176650047302,0.7734248042106628,0.0767908841371536,0.6697083711624146,0.7719194293022156,-0.0769148916006088,0.6271027326583862,0.9278210997581482,0.1153765469789505,0.6919540762901306,0.9330319166183472,-0.0024800768587738,0.6142038106918335,1.0557303428649902,0.1628463715314865,0.7005448937416077,1.0741220712661743,0.0408368408679962,0.6045967936515808,1.0821422338485718,0.1666093170642852,0.6901748776435852,1.1028951406478882,0.047668807208538,0.6348563432693481,1.071130633354187,0.1556804031133651,0.7394707798957825,1.0828380584716797,0.0306161101907491,18.865681886672974,neutro
1761586149.749905,0,0.6683050990104675,0.5242505669593811,0.0661388635635376,0.6651076078414917,0.51048344373703,0.0581630170345306,0.6634776592254639,0.5094229578971863,0.0581787228584289,0.6616910696029663,0.5083492398262024,0.0581053420901298,0.6676835417747498,0.5111690163612366,0.0379009023308754,0.667922854423523,0.510542094707489,0.0379363521933555,0.6680944561958313,0.5098829865455627,0.0378607921302318,0.651159405708313,0.5075361132621765,0.0407573692500591,0.6592480540275574,0.5096603035926819,-0.0489687249064445,0.6630069017410278,0.531231164932251,0.0661312416195869,0.6651452779769897,0.5310602188110352,0.0404930040240287,0.5922288298606873,0.573795735836029,0.0851920172572135,0.6647354364395142,0.5602979063987732,-0.122910737991333,0.5855488181114197,0.6691291332244873,0.2231126278638839,0.6958736181259155,0.6629984974861145,-0.1017602905631065,0.6245743632316589,0.6658061146736145,0.3692048192024231,0.7444146871566772,0.7178946733474731,0.0074376775883138,0.6321266293525696,0.6673129796981812,0.3947156369686126,0.7539694309234619,0.7422933578491211,0.0119327800348401,0.6395970582962036,0.6580837965011597,0.3847176432609558,0.7562278509140015,0.7360925078392029,0.0146877449005842,0.6394778490066528,0.6589855551719666,0.3691205382347107,0.7522169947624207,0.7275449633598328,0.0137991085648536,0.6216465830802917,0.7733668684959412,0.0765316635370254,0.669401228427887,0.7718361616134644,-0.0766572803258895,0.6267037987709045,0.9277157187461852,0.117461048066616,0.6916825175285339,0.9328967928886414,0.0019007173832505,0.6141971349716187,1.0554736852645874,0.1686287224292755,0.698202908039093,1.0741000175476074,0.0498934462666511,0.604598879814148,1.081935167312622,0.1727907955646515,0.6876468062400818,1.1028575897216797,0.0571877434849739,0.6348450779914856,1.0708361864089966,0.1626292765140533,0.7378209233283997,1.0828665494918823,0.0412876196205616,18.91224241256714,neutro
1761586149.797968,0,0.6682044267654419,0.5242340564727783,0.0660944506525993,0.6650229096412659,0.5105850100517273,0.0566624514758586,0.6633744239807129,0.509540319442749,0.0566768757998943,0.6615605354309082,0.5084772706031799,0.0566032119095325,0.6676651239395142,0.5112399458885193,0.0373161770403385,0.6679090261459351,0.5106112360954285,0.0373544171452522,0.6680800318717957,0.5099557042121887,0.0372822806239128,0.6510652303695679,0.5077275633811951,0.0356193259358406,0.6594904065132141,0.5098974704742432,-0.0502219386398792,0.6629346609115601,0.5312181115150452,0.0647414550185203,0.6651371717453003,0.5310559868812561,0.0404526814818382,0.5912084579467773,0.5742835402488708,0.0796448215842247,0.6659481525421143,0.5605785250663757,-0.1232509985566139,0.5842863321304321,0.6694409847259521,0.2162531614303589,0.6969369649887085,0.6627711057662964,-0.1015912070870399,0.6235265731811523,0.6676200032234192,0.3537266254425049,0.7443957328796387,0.7200347781181335,0.0064746155403554,0.6310030817985535,0.6699610948562622,0.3769733905792236,0.7539607286453247,0.7447105646133423,0.0107290539890527,0.6384543776512146,0.6614733934402466,0.3673852086067199,0.7560961246490479,0.7385546565055847,0.0128571884706616,0.6383471488952637,0.6622551083564758,0.3536074161529541,0.7521554231643677,0.7300404906272888,0.0125208590179681,0.6213699579238892,0.773364782333374,0.0760265812277793,0.6692767143249512,0.7718230485916138,-0.0761575847864151,0.6265560388565063,0.9271952509880066,0.1207034587860107,0.6914096474647522,0.9328352808952332,0.008216243237257,0.6141926050186157,1.0545005798339844,0.1758998185396194,0.6979557871818542,1.073024034500122,0.061457522213459,0.6046217679977417,1.0810903310775757,0.1806484013795852,0.6875649094581604,1.1016147136688232,0.0694016590714454,0.6348361968994141,1.0692321062088013,0.1713762283325195,0.7373346090316772,1.0812021493911743,0.0544522292912006,18.960305213928223,neutro
1761586149.8442106,0,0.6650166511535645,0.5251568555831909,0.0713988989591598,0.661932110786438,0.5123909711837769,0.0589060261845588,0.6602689027786255,0.5114867091178894,0.0589170381426811,0.6586006879806519,0.5105817914009094,0.0588355660438537,0.6654439568519592,0.5131027698516846,0.0431672856211662,0.6662148237228394,0.5126797556877136,0.0432160906493663,0.6669272184371948,0.5122206807136536,0.0431459918618202,0.650098979473114,0.511055588722229,0.0297321639955043,0.6596567630767822,0.5131509304046631,-0.0431249402463436,0.6603369116783142,0.5321155190467834,0.0661843344569206,0.6636290550231934,0.5320811867713928,0.0466339662671089,0.5893287062644958,0.576431155204773,0.0689506828784942,0.6687687039375305,0.5612359642982483,-0.1176029071211814,0.5814287066459656,0.6707382798194885,0.1948428004980087,0.7012346982955933,0.6627229452133179,-0.0868592709302902,0.6169813871383667,0.6819227933883667,0.3331983089447021,0.7442670464515686,0.7282388806343079,0.0299992319196462,0.6240723729133606,0.6877111792564392,0.356580376625061,0.7535046339035034,0.7538645267486572,0.0376164279878139,0.6310199499130249,0.6812750697135925,0.3487698137760162,0.7546190023422241,0.7491938471794128,0.0396803207695484,0.630800724029541,0.6808338761329651,0.3339646458625793,0.750991940498352,0.7403286099433899,0.036147404462099,0.6210350394248962,0.7733628153800964,0.0726738050580024,0.669289231300354,0.7717013955116272,-0.0728587061166763,0.6252457499504089,0.926152765750885,0.1275483518838882,0.6909283995628357,0.9326840043067932,0.0205005127936601,0.6110115647315979,1.0513572692871094,0.1903097629547119,0.6975240111351013,1.070641279220581,0.0792714059352874,0.6019377708435059,1.0778353214263916,0.1962586492300033,0.6874591708183289,1.099316120147705,0.0882266387343406,0.6291569471359253,1.0655195713043213,0.1911196559667587,0.7352708578109741,1.0777510404586792,0.0765242204070091,19.006547927856445,neutro
1761586149.8904326,0,0.6635400056838989,0.5261055827140808,0.0709777325391769,0.6606672406196594,0.5137325525283813,0.0588105618953704,0.6590296030044556,0.5128647089004517,0.0588208027184009,0.6574525237083435,0.5120265483856201,0.0587378442287445,0.6644264459609985,0.5144641399383545,0.0428995117545127,0.6653910875320435,0.5141430497169495,0.0429469272494316,0.6663252115249634,0.5137830376625061,0.042877335101366,0.6498252749443054,0.5130304098129272,0.0251075979322195,0.6598259210586548,0.5151321887969971,-0.0428236201405525,0.659070611000061,0.5330297946929932,0.0660641640424728,0.6627921462059021,0.533088743686676,0.0464973151683807,0.5881926417350769,0.5777419209480286,0.0651608854532241,0.6697877049446106,0.5618096590042114,-0.1170583516359329,0.5800072550773621,0.6720519661903381,0.1951492726802826,0.7034415006637573,0.6630666255950928,-0.0856162905693054,0.6150609850883484,0.6839227080345154,0.3362929224967956,0.7442782521247864,0.731980562210083,0.0301283635199069,0.6220982670783997,0.6894379258155823,0.3601270914077759,0.7533960342407227,0.7566782832145691,0.037065539509058,0.629013180732727,0.6827970147132874,0.351893812417984,0.754188597202301,0.7519856691360474,0.038959115743637,0.6288495063781738,0.6825451254844666,0.3369586169719696,0.7506281137466431,0.7434440851211548,0.0360864512622356,0.6205587387084961,0.7735254764556885,0.0718415156006813,0.6692951321601868,0.771706223487854,-0.0720343887805938,0.6242346167564392,0.925797700881958,0.1335997283458709,0.6905544400215149,0.9327426552772522,0.0260465554893016,0.6099849343299866,1.050551414489746,0.2031767666339874,0.695065975189209,1.070111632347107,0.0898365601897239,0.6010878682136536,1.0771445035934448,0.2099304646253585,0.6851122975349426,1.0987921953201294,0.0993371754884719,0.6278657913208008,1.0643190145492554,0.2061716318130493,0.7321709990501404,1.0769686698913574,0.0883511304855346,19.052769899368286,neutro
1761586149.938696,0,0.6629417538642883,0.5268047451972961,0.0711698234081268,0.6603212952613831,0.5145028233528137,0.0588104501366615,0.6587019562721252,0.5136516690254211,0.0588205829262733,0.6571566462516785,0.5128152966499329,0.0587376542389392,0.6640916466712952,0.5152203440666199,0.043169017881155,0.6650844216346741,0.514926016330719,0.0432154573500156,0.6660637259483337,0.514595091342926,0.0431463085114955,0.6497136354446411,0.5138674378395081,0.0239953510463237,0.6598348617553711,0.5160933136940002,-0.042367685586214,0.6583647131919861,0.5338945984840393,0.0660506039857864,0.662174642086029,0.5339751839637756,0.046783410012722,0.5875032544136047,0.5781728029251099,0.0634201765060424,0.6703125238418579,0.5624566674232483,-0.1163336262106895,0.5789109468460083,0.6725561618804932,0.1919136941432953,0.704636812210083,0.6630822420120239,-0.0835964232683181,0.6126950979232788,0.6851218342781067,0.3340319097042084,0.744239330291748,0.733246922492981,0.0339220874011516,0.6196020841598511,0.6909197568893433,0.3581158518791199,0.7531284093856812,0.7575037479400635,0.0412986986339092,0.6264852285385132,0.6845762133598328,0.3503287434577942,0.7535838484764099,0.7530838251113892,0.0430068001151084,0.6263376474380493,0.6841809153556824,0.3349885940551758,0.7500110864639282,0.7447436451911926,0.0399027839303016,0.6198679208755493,0.7735399007797241,0.0707448199391365,0.6692935228347778,0.7716684937477112,-0.0709479078650474,0.623623251914978,0.9250118732452391,0.1333251446485519,0.6903360486030579,0.9326451420783995,0.024751927703619,0.6091324687004089,1.0490562915802002,0.2022342234849929,0.6948138475418091,1.069954752922058,0.0866532772779464,0.6003859639167786,1.0754684209823608,0.208770751953125,0.6849781274795532,1.0986346006393433,0.0957925468683242,0.6266862154006958,1.062764048576355,0.2045675963163375,0.7315555810928345,1.0768811702728271,0.0841084495186805,19.101033210754395,neutro
1761586149.983532,0,0.6629012823104858,0.5268509387969971,0.0732774510979652,0.6603534817695618,0.514634370803833,0.0594491176307201,0.6587345004081726,0.5137832760810852,0.0594575814902782,0.6571765542030334,0.5129252076148987,0.0593749806284904,0.6640949249267578,0.5153480172157288,0.0449714325368404,0.6650802493095398,0.5150630474090576,0.0450198128819465,0.6660566329956055,0.5147327780723572,0.0449501276016235,0.6497122049331665,0.5138598084449768,0.0219691284000873,0.6600214242935181,0.5162160396575928,-0.0415340140461921,0.658220112323761,0.5340005159378052,0.0664568245410919,0.6620665192604065,0.5341625213623047,0.0486724935472011,0.5874391198158264,0.578127920627594,0.0602611117064952,0.6715198755264282,0.5628677010536194,-0.1153985857963562,0.5780776739120483,0.672541618347168,0.1902510225772857,0.70576012134552,0.6634337306022644,-0.0799407362937927,0.611465334892273,0.6841462850570679,0.3343836665153503,0.744108259677887,0.7358595728874207,0.0386315211653709,0.6183690428733826,0.6895189881324768,0.3587749302387237,0.7526590824127197,0.7585031986236572,0.0461894050240516,0.6254564523696899,0.6829067468643188,0.3509309291839599,0.7527985572814941,0.7543226480484009,0.0474346354603767,0.6253089308738708,0.6826328635215759,0.3354199230670929,0.7493187785148621,0.746768593788147,0.0444287247955799,0.6194795370101929,0.7736040353775024,0.0698242262005806,0.6691972613334656,0.7716763019561768,-0.0700258985161781,0.6226584315299988,0.9247426390647888,0.1343868374824524,0.6902874708175659,0.9326195120811462,0.0279400050640106,0.608150839805603,1.0475523471832275,0.2052819281816482,0.6943302750587463,1.0696090459823608,0.0913779586553573,0.5996023416519165,1.073905110359192,0.2120886296033859,0.6845124363899231,1.098286271095276,0.1006223112344741,0.6255747079849243,1.0609840154647827,0.2091448605060577,0.7310998439788818,1.07671320438385,0.0901205092668533,19.145869255065918,neutro
1761586150.0309942,0,0.662983238697052,0.5268513560295105,0.0799015387892723,0.6604186296463013,0.5146912336349487,0.0639727339148521,0.6587904095649719,0.5138087868690491,0.0639828294515609,0.6572033166885376,0.5129027962684631,0.0639015585184097,0.6641376614570618,0.5154246091842651,0.0511629991233348,0.6652053594589233,0.5151321291923523,0.0512165501713752,0.6662744283676147,0.5147834420204163,0.0511507876217365,0.6497053503990173,0.5137309432029724,0.0219523217529058,0.6609159708023071,0.5162222981452942,-0.0369798466563224,0.6581895351409912,0.5339672565460205,0.0704735666513443,0.6620956659317017,0.534164547920227,0.0549358502030372,0.5875071883201599,0.5778251886367798,0.0580722317099571,0.6732279062271118,0.5631153583526611,-0.1093975156545639,0.577204167842865,0.6719786524772644,0.1903604567050933,0.7066458463668823,0.6635614037513733,-0.0682284459471702,0.6097689867019653,0.678974449634552,0.3372759222984314,0.7435821890830994,0.737307608127594,0.0552570931613445,0.616597592830658,0.6836904287338257,0.3604150712490082,0.751841127872467,0.7597851157188416,0.0643474161624908,0.623731255531311,0.677838921546936,0.352156788110733,0.7515836954116821,0.7558626532554626,0.0647498965263366,0.6236998438835144,0.6777922511100769,0.3371761441230774,0.7481962442398071,0.7485849857330322,0.0608822517096996,0.6189533472061157,0.7734273076057434,0.0681088119745254,0.6691258549690247,0.7715030908584595,-0.0683086961507797,0.6217299699783325,0.9246845245361328,0.1348277330398559,0.6901900768280029,0.9326207637786864,0.0322131291031837,0.6069609522819519,1.046034574508667,0.2070695161819458,0.6930747032165527,1.0691584348678589,0.0988062694668769,0.5985678434371948,1.0722302198410034,0.2140851765871048,0.6833440065383911,1.0977036952972412,0.108396291732788,0.6239839196205139,1.0594453811645508,0.211697906255722,0.7293106913566589,1.076554536819458,0.0989418774843216,19.193331480026245,neutro
1761586150.077887,0,0.6628214120864868,0.5268277525901794,0.0844934806227684,0.6602677702903748,0.5146845579147339,0.0676555708050727,0.6585870981216431,0.5137929320335388,0.0676691010594368,0.6569388508796692,0.5128757357597351,0.0675888061523437,0.664130687713623,0.5154541730880737,0.0552278459072113,0.6652148962020874,0.5151805281639099,0.0552845373749733,0.6662789583206177,0.5148512721061707,0.0552213117480278,0.6495605111122131,0.5138146281242371,0.0224277004599571,0.6613761186599731,0.5164144039154053,-0.0339966230094432,0.658004641532898,0.5339533090591431,0.0743140205740928,0.6620699167251587,0.5341765284538269,0.0593183822929859,0.5875874161720276,0.5777971744537354,0.0582743473351001,0.6741387844085693,0.5633773803710938,-0.1072350516915321,0.5770258903503418,0.6697695255279541,0.1920793056488037,0.7069841027259827,0.663589596748352,-0.0646931678056716,0.61014324426651,0.6696256995201111,0.3419671356678009,0.7423139810562134,0.738581657409668,0.0607218742370605,0.6169027090072632,0.6725205779075623,0.3676841557025909,0.7503577470779419,0.7608638405799866,0.0702493637800216,0.6241743564605713,0.6663849353790283,0.3613912761211395,0.7494850158691406,0.7571161389350891,0.0703924149274826,0.6242133378982544,0.6669162511825562,0.3438060581684112,0.7459341287612915,0.7498253583908081,0.0662948042154312,0.6187535524368286,0.7734205722808838,0.0676084384322166,0.6690247058868408,0.771437406539917,-0.067804180085659,0.6206209063529968,0.9246512055397034,0.1410784423351287,0.6898045539855957,0.9324668049812316,0.0327741727232933,0.6055378317832947,1.0435386896133425,0.2202528715133667,0.6917909383773804,1.0691001415252686,0.1004682332277298,0.5971370339393616,1.0694527626037598,0.2281123399734497,0.6820217370986938,1.0975489616394043,0.1103327050805091,0.6225234270095825,1.057202696800232,0.2285058200359344,0.7279452085494995,1.076695203781128,0.1012524515390396,19.240224361419678,neutro
1761586150.124076,0,0.6628746390342712,0.5267834663391113,0.086678422987461,0.6603043079376221,0.5146164298057556,0.0705560967326164,0.6586225032806396,0.5137230753898621,0.0705622807145118,0.6569595336914062,0.5128065943717957,0.0704884976148605,0.6642402410507202,0.5153777599334717,0.0579186081886291,0.6654201149940491,0.5150941610336304,0.0579723194241523,0.6665900349617004,0.5147567391395569,0.0579002499580383,0.6495665311813354,0.5137079954147339,0.023499920964241,0.6620807647705078,0.5163071751594543,-0.0323247499763965,0.6580314040184021,0.5339024662971497,0.0761290565133094,0.6620938181877136,0.5341655015945435,0.0608091242611408,0.5876491069793701,0.5773543119430542,0.0537521466612815,0.6745465397834778,0.5634034276008606,-0.1064312309026718,0.5768097639083862,0.6697322130203247,0.1556570827960968,0.7077326774597168,0.6636991500854492,-0.0676201954483985,0.6034872531890869,0.6973407864570618,0.2757908701896667,0.741739809513092,0.7394598722457886,0.0550538524985313,0.6090773344039917,0.7068617343902588,0.2968648970127105,0.7495890259742737,0.761756181716919,0.0641363710165023,0.6160696744918823,0.7027369141578674,0.2906568646430969,0.7483865022659302,0.7579917907714844,0.0662487894296646,0.6159394979476929,0.7007869482040405,0.2769048810005188,0.7447928190231323,0.7506900429725647,0.06116758659482,0.618483304977417,0.7732284069061279,0.0657162889838218,0.6686904430389404,0.7711125612258911,-0.0659390240907669,0.6199876070022583,0.924510657787323,0.1405769884586334,0.6894291639328003,0.932019591331482,0.0387805327773094,0.6044524908065796,1.0411365032196045,0.2224276512861251,0.6902011632919312,1.067671537399292,0.1094548255205154,0.5961254239082336,1.0669151544570925,0.23052279651165,0.6807300448417664,1.0960439443588257,0.1195132136344909,0.6207777857780457,1.0545450448989868,0.2271877527236938,0.7252222299575806,1.0754069089889526,0.1071247234940528,19.286413192749023,neutro
1761586150.1700978,0,0.6627746820449829,0.5269357562065125,0.1011430472135543,0.6603145003318787,0.5148576498031616,0.0813440904021263,0.6585966348648071,0.5139028429985046,0.0813563242554664,0.6568817496299744,0.5129247903823853,0.0812824517488479,0.6642608046531677,0.515757143497467,0.070844180881977,0.6654999852180481,0.5155266523361206,0.0709023922681808,0.6667371392250061,0.5152267217636108,0.0708295255899429,0.6495497822761536,0.513968825340271,0.0240662209689617,0.6625620126724243,0.5167533755302429,-0.0225644074380397,0.6577364206314087,0.5340465903282166,0.087273471057415,0.662007212638855,0.5344799160957336,0.0748123303055763,0.5876909494400024,0.5756082534790039,0.0547307059168815,0.6757075190544128,0.5635954737663269,-0.0952440798282623,0.5737970471382141,0.6651391386985779,0.1736403405666351,0.7078952193260193,0.6646046042442322,-0.0445915311574935,0.6045774817466736,0.6693989634513855,0.3236508369445801,0.7398617267608643,0.7404595613479614,0.0889202654361724,0.6107847690582275,0.6725636720657349,0.3524436950683594,0.747539758682251,0.7626225352287292,0.1018159836530685,0.6182624101638794,0.6667261719703674,0.349034309387207,0.746264636516571,0.7592620253562927,0.1024775877594947,0.6181210875511169,0.6669484972953796,0.328108549118042,0.7423351407051086,0.7521368861198425,0.0950696766376495,0.6171074509620667,0.7720527052879333,0.0640507787466049,0.6671687364578247,0.7699277400970459,-0.0642573684453964,0.6179934144020081,0.9243812561035156,0.1388697922229766,0.6876791715621948,0.9314917325973512,0.0346344523131847,0.6033045053482056,1.041218876838684,0.2164060175418853,0.6884493827819824,1.0677777528762815,0.1005301102995872,0.5953063368797302,1.0668549537658691,0.2239703685045242,0.6788748502731323,1.0961228609085083,0.1100431904196739,0.6193603873252869,1.0552871227264404,0.223316952586174,0.7237471342086792,1.0763700008392334,0.0994855687022209,19.332435131072998,neutro
1761586150.2165258,0,0.6626306176185608,0.52707839012146,0.1053347811102867,0.6602400541305542,0.5150516629219055,0.0842119455337524,0.6584630608558655,0.5140441656112671,0.0842286571860313,0.6566866636276245,0.5130295157432556,0.0841512829065322,0.6642808318138123,0.5161235928535461,0.074050523340702,0.6655315160751343,0.5159667134284973,0.0741149336099624,0.6668245792388916,0.5157349705696106,0.07404775172472,0.6495217680931091,0.5143128037452698,0.0227689184248447,0.662885844707489,0.5172410011291504,-0.0214943848550319,0.6574326157569885,0.5341630578041077,0.0906176418066024,0.6619204878807068,0.5347586870193481,0.0785329863429069,0.5878051519393921,0.5744686126708984,0.0538412220776081,0.6763929128646851,0.5638225078582764,-0.0950898826122284,0.5729292631149292,0.6627800464630127,0.1803923994302749,0.7087932825088501,0.6660634279251099,-0.0416630692780017,0.6059383153915405,0.6574242115020752,0.3443285524845123,0.7383506298065186,0.7414993047714233,0.0938804820179939,0.612257719039917,0.6573398113250732,0.3731459975242615,0.7456953525543213,0.7635557055473328,0.1063757911324501,0.618887722492218,0.6508874893188477,0.369015634059906,0.7438727617263794,0.7600821852684021,0.1068487614393234,0.6189277172088623,0.6523227095603943,0.3482882678508758,0.7400302290916443,0.7527719140052795,0.0998573824763298,0.6161224246025085,0.7712005972862244,0.064293049275875,0.6661373972892761,0.7693184614181519,-0.0644855573773384,0.6173405051231384,0.923905611038208,0.1492424607276916,0.6869003772735596,0.9304437637329102,0.0390127934515476,0.6026102900505066,1.0397478342056274,0.2384861707687378,0.6881265044212341,1.0678352117538452,0.1131827607750892,0.5947660803794861,1.065255641937256,0.2476510554552078,0.6783970594406128,1.0960679054260254,0.1239285618066787,0.6189182996749878,1.0542426109313965,0.2511972784996032,0.7239164710044861,1.076744794845581,0.1164395213127136,19.378863096237183,neutro
1761586150.2629583,0,0.662455141544342,0.5271250605583191,0.1165719628334045,0.6600264310836792,0.5152769684791565,0.0953850224614143,0.6581419706344604,0.5142683386802673,0.095393992960453,0.6562626957893372,0.5132492780685425,0.0953111201524734,0.6642971634864807,0.5164016485214233,0.0859361067414283,0.6656090021133423,0.5162922143936157,0.0859957933425903,0.6670334935188293,0.5160995125770569,0.0859246850013732,0.6492757797241211,0.5148352384567261,0.026395758613944,0.6636631488800049,0.5177735090255737,-0.0103839645162224,0.6571786999702454,0.5342482924461365,0.100320816040039,0.6619236469268799,0.534855306148529,0.0892719253897667,0.5878370404243469,0.5742960572242737,0.0555674508213996,0.6771107316017151,0.5642178654670715,-0.0865046605467796,0.573339581489563,0.6631297469139099,0.1808712631464004,0.7097823619842529,0.6665842533111572,-0.0345419012010097,0.6056098937988281,0.6730233430862427,0.3365495800971985,0.7381521463394165,0.741936981678009,0.0988835543394088,0.612481951713562,0.6783832907676697,0.36382856965065,0.7454310655593872,0.7642959356307983,0.1109935790300369,0.6198751926422119,0.6724112629890442,0.3587791919708252,0.7437995076179504,0.7606930136680603,0.1127199977636337,0.6196497082710266,0.6716076135635376,0.3396390378475189,0.7399671077728271,0.7532801032066345,0.1051695719361305,0.6151067018508911,0.7710731029510498,0.0626159608364105,0.6655657887458801,0.7691805958747864,-0.0627994164824485,0.6173213720321655,0.9237762689590454,0.1457611620426178,0.686228334903717,0.9304255247116088,0.0393355749547481,0.6017245650291443,1.0399198532104492,0.226773664355278,0.6885114312171936,1.0679852962493896,0.1077752485871315,0.594261884689331,1.0653913021087646,0.2349365502595901,0.6788025498390198,1.096113920211792,0.1178661733865737,0.6169665455818176,1.0544289350509644,0.2358576506376266,0.7240381240844727,1.0776691436767578,0.1098284125328064,19.42529559135437,neutro
1761586150.311221,0,0.6624739766120911,0.527380108833313,0.116273820400238,0.6600309610366821,0.515650749206543,0.0967634543776512,0.6581308245658875,0.5146222114562988,0.0967675521969795,0.6562334895133972,0.5135825276374817,0.0966955125331878,0.6643943190574646,0.5168410539627075,0.0868190750479698,0.6658086180686951,0.5167658925056458,0.086871713399887,0.6673325300216675,0.5166101455688477,0.0867925360798835,0.6492289304733276,0.5152008533477783,0.0305901169776916,0.6642469167709351,0.5183215737342834,-0.0078016212210059,0.657201886177063,0.534536600112915,0.100889042019844,0.6620410084724426,0.5351829528808594,0.0891364067792892,0.5878124833106995,0.5742257833480835,0.0559227354824543,0.6775020956993103,0.5646730065345764,-0.0852288156747818,0.5723806619644165,0.6645141243934631,0.1578170955181121,0.7101818919181824,0.6666281223297119,-0.0397803410887718,0.5982369184494019,0.7020979523658752,0.2867228388786316,0.7381471991539001,0.7427805662155151,0.0884108021855354,0.604368269443512,0.7133285999298096,0.3101622462272644,0.7453921437263489,0.7650516629219055,0.1000885143876075,0.6116735339164734,0.7097187042236328,0.3048107028007507,0.7436296939849854,0.761488139629364,0.1030971556901931,0.6110504865646362,0.7067130208015442,0.2886439859867096,0.7399432063102722,0.7542036771774292,0.0950565785169601,0.6142253279685974,0.7710986733436584,0.0610139593482017,0.6650692820549011,0.7692014575004578,-0.0612305924296379,0.6168869733810425,0.9242594242095948,0.1361818164587021,0.6858888864517212,0.9304796457290648,0.0372299812734127,0.6006292104721069,1.0402278900146484,0.2167783677577972,0.6887738108634949,1.0682271718978882,0.105728842318058,0.5935107469558716,1.0656393766403198,0.2249273955821991,0.679067850112915,1.096226453781128,0.1163535863161087,0.6147043704986572,1.055029034614563,0.2248694002628326,0.7236288785934448,1.0790197849273682,0.1073216795921325,19.47355818748474,neutro
1761586150.357503,0,0.6624879837036133,0.5275248885154724,0.1180653795599937,0.6600369215011597,0.5158150792121887,0.0979896560311317,0.6581335067749023,0.5147770643234253,0.09799325466156,0.6562358736991882,0.5137361884117126,0.0979134291410446,0.6644548177719116,0.5170835852622986,0.0884294658899307,0.6659283638000488,0.5170509219169617,0.0884850397706031,0.6674975752830505,0.5169403553009033,0.0884099528193473,0.6492546200752258,0.5154369473457336,0.0315163284540176,0.6644436717033386,0.5186150670051575,-0.0060495249927043,0.6572211384773254,0.5347217917442322,0.1021510139107704,0.6621724367141724,0.5354198217391968,0.0910376831889152,0.5877364873886108,0.5742321610450745,0.0566273257136344,0.6776994466781616,0.5650845170021057,-0.0837026312947273,0.5719166398048401,0.665107011795044,0.1665379852056503,0.7101953029632568,0.6674215197563171,-0.036684513092041,0.5990067720413208,0.6992074251174927,0.3052042126655578,0.7380995154380798,0.743552029132843,0.0900925248861312,0.6054911017417908,0.7085970640182495,0.3295976519584656,0.7452632784843445,0.7654365301132202,0.1022672280669212,0.6129262447357178,0.7039884924888611,0.3234386146068573,0.7434385418891907,0.7618627548217773,0.1046040877699852,0.6122797131538391,0.7017003893852234,0.3069663643836975,0.739774227142334,0.7546627521514893,0.0965320765972137,0.6139308214187622,0.7711057662963867,0.0607685633003711,0.665028989315033,0.7692020535469055,-0.0609723627567291,0.6169313192367554,0.9243881106376648,0.1326645910739898,0.6852596402168274,0.9309013485908508,0.0360148623585701,0.6007248759269714,1.0405972003936768,0.2105617076158523,0.6889247298240662,1.0715184211730957,0.098834678530693,0.5935240983963013,1.066081166267395,0.2183419018983841,0.6792457699775696,1.0998610258102417,0.1080536618828773,0.6151445508003235,1.055351734161377,0.2200992554426193,0.7238739728927612,1.0828155279159546,0.1004859209060669,19.519840240478516,neutro
1761586150.4051852,0,0.663072943687439,0.5277566313743591,0.1150464192032814,0.6604707837104797,0.5160010457038879,0.0950590148568153,0.6585288643836975,0.514941394329071,0.0950633659958839,0.6566112637519836,0.5138891339302063,0.094983771443367,0.6651611924171448,0.5173240900039673,0.0851053670048713,0.6666802167892456,0.5172895193099976,0.0851594880223274,0.6682408452033997,0.5171708464622498,0.0850844904780387,0.6496626138687134,0.5155261754989624,0.0308568067848682,0.6650005578994751,0.5186782479286194,-0.0094374176114797,0.6577610969543457,0.5348705053329468,0.0996422916650772,0.6629471182823181,0.5356041789054871,0.0880449041724205,0.5877479314804077,0.5740004181861877,0.0551792904734611,0.678514838218689,0.5653262734413147,-0.0857134014368057,0.5699367523193359,0.6653105616569519,0.168717935681343,0.7103763222694397,0.6677334308624268,-0.0374718979001045,0.599319338798523,0.6963487863540649,0.310307115316391,0.7374469041824341,0.7455742359161377,0.0921154916286468,0.6062073707580566,0.7048596143722534,0.3353083729743957,0.7447444200515747,0.7677228450775146,0.1052130684256553,0.613636314868927,0.7002850770950317,0.3289413750171661,0.742622971534729,0.7645891904830933,0.1071151867508888,0.6128729581832886,0.6984197497367859,0.312123566865921,0.7387904524803162,0.7571325302124023,0.0985664054751396,0.6135080456733704,0.771022379398346,0.0607397630810737,0.6648935675621033,0.7692681550979614,-0.0609392412006855,0.6166861653327942,0.924562692642212,0.1308556050062179,0.6847365498542786,0.9311858415603638,0.0354089736938476,0.6004756689071655,1.04084312915802,0.2059445679187774,0.6879358887672424,1.073730230331421,0.0925863161683082,0.5931757688522339,1.0663447380065918,0.2132921516895294,0.6782360076904297,1.1020961999893188,0.1011011600494384,0.6151385307312012,1.0555875301361084,0.2153000831604004,0.7230433821678162,1.085314393043518,0.0932161137461662,19.567522525787354,neutro
1761586150.4495952,0,0.663689911365509,0.5282794237136841,0.1116875559091568,0.6610763072967529,0.5163814425468445,0.0924627929925918,0.6591342091560364,0.5152994990348816,0.0924678444862365,0.6572153568267822,0.5142236351966858,0.0923887342214584,0.6658052802085876,0.517699122428894,0.0817506313323974,0.6672748923301697,0.51763916015625,0.0818035081028938,0.6687642335891724,0.5174949169158936,0.0817297995090484,0.6500662565231323,0.5156623721122742,0.0302532613277435,0.6653199791908264,0.5187853574752808,-0.0116924662142992,0.6582702398300171,0.5353707671165466,0.0974182561039924,0.6634589433670044,0.5360497236251831,0.0848143547773361,0.5877324342727661,0.573903501033783,0.0552463419735431,0.6784456372261047,0.565360963344574,-0.0879312828183174,0.569628119468689,0.6657516360282898,0.1705470383167266,0.7102993726730347,0.6678038835525513,-0.0416452102363109,0.6002361178398132,0.6958516836166382,0.3128142952919006,0.7368040680885315,0.7470395565032959,0.0863936617970466,0.6071037650108337,0.7042850255966187,0.3380271792411804,0.7436925768852234,0.7691737413406372,0.0983771532773971,0.6145657300949097,0.6998956203460693,0.3312179744243622,0.7412800192832947,0.7664818167686462,0.1002339944243431,0.6138702034950256,0.6980575323104858,0.314460277557373,0.7375581860542297,0.7590027451515198,0.0927574411034584,0.6131480932235718,0.7708633542060852,0.0610228553414344,0.6647689938545227,0.7691596746444702,-0.0612202696502208,0.6161147356033325,0.9244774580001832,0.1329859346151352,0.683984100818634,0.9312248826026917,0.0348367467522621,0.6005481481552124,1.038760781288147,0.2123051583766937,0.6855038404464722,1.0748530626296997,0.0917802900075912,0.5930603742599487,1.0638365745544434,0.2199645936489105,0.6757428050041199,1.103002429008484,0.1003244072198867,0.6155060529708862,1.0543344020843506,0.2206918746232986,0.7208455801010132,1.0871639251708984,0.0901331603527069,19.611932516098022,neutro
1761586150.49738,0,0.6637493968009949,0.5279845595359802,0.1358953416347503,0.6610769033432007,0.5162009596824646,0.117384634912014,0.6591283082962036,0.5151296257972717,0.1173763871192932,0.6571941375732422,0.51406329870224,0.1173164993524551,0.6659247875213623,0.517570436000824,0.1058854013681411,0.6674671173095703,0.5175379514694214,0.1059184223413467,0.6690336465835571,0.5174219012260437,0.1058287769556045,0.6500622034072876,0.5156400799751282,0.0527539625763893,0.6658104658126831,0.5187607407569885,0.0048056421801447,0.6583432555198669,0.5351248979568481,0.119427815079689,0.6636936068534851,0.5358607172966003,0.1055706143379211,0.5877386331558228,0.5736626982688904,0.0643132776021957,0.6784684658050537,0.5654717683792114,-0.0753448158502578,0.5682111978530884,0.6666896939277649,0.1403304189443588,0.7104823589324951,0.6681000590324402,-0.0326321981847286,0.5825204849243164,0.7320700287818909,0.2292818576097488,0.7361964583396912,0.746927797794342,0.0936185121536254,0.5852407217025757,0.7534791231155396,0.2461696118116378,0.7426310777664185,0.7690432667732239,0.1055771932005882,0.6007272005081177,0.7338626980781555,0.2403390854597091,0.7399584054946899,0.7658782601356506,0.1090936884284019,0.6000092625617981,0.7297579050064087,0.2296784669160843,0.7362422347068787,0.7583214640617371,0.1004043966531753,0.6131714582443237,0.7702991366386414,0.0609415471553802,0.6646958589553833,0.7679449319839478,-0.0611623413860797,0.6161656379699707,0.924479365348816,0.1230940669775009,0.6836442351341248,0.930414855480194,0.0246541798114776,0.6006672382354736,1.0390681028366089,0.1938703805208206,0.6861196756362915,1.074815273284912,0.073127306997776,0.5934866666793823,1.064232349395752,0.2006018906831741,0.6766760349273682,1.1029295921325684,0.0809686407446861,0.6156933903694153,1.0545437335968018,0.1948347389698028,0.7212255001068115,1.0873878002166748,0.0629885196685791,19.659717321395874,neutro
1761586150.54411,0,0.6637306213378906,0.5279808640480042,0.1329739987850189,0.6610495448112488,0.5161985158920288,0.1157359853386879,0.6590883731842041,0.5151291489601135,0.1157257333397865,0.6571398973464966,0.5140644311904907,0.1156416088342666,0.6659255623817444,0.5175596475601196,0.1043409705162048,0.6674729585647583,0.5175211429595947,0.1043886691331863,0.6690483093261719,0.5173986554145813,0.1043082624673843,0.6500540971755981,0.5156373381614685,0.0563786439597606,0.6660551428794861,0.5187455415725708,0.0092760296538472,0.6583479642868042,0.5351259708404541,0.1183678954839706,0.6636942028999329,0.5358569025993347,0.104807898402214,0.5878188610076904,0.5733173489570618,0.0759436413645744,0.6786588430404663,0.5656188726425171,-0.0741362869739532,0.5684660077095032,0.6667769551277161,0.1484690606594085,0.7109458446502686,0.6680164337158203,-0.0343699418008327,0.5882384777069092,0.7174635529518127,0.2715092599391937,0.7361884117126465,0.7505419254302979,0.064491257071495,0.5926717519760132,0.7315831780433655,0.2922924160957336,0.7428188323974609,0.7732028961181641,0.0731416717171669,0.6038774251937866,0.7214208245277405,0.2860274314880371,0.7400254011154175,0.7706125974655151,0.0797759741544723,0.6033632755279541,0.718180239200592,0.2726904153823852,0.736383318901062,0.7632030248641968,0.0719199106097221,0.6125142574310303,0.7701296210289001,0.06111691147089,0.6641254425048828,0.767578661441803,-0.0613351836800575,0.6160854697227478,0.9244261980056764,0.1189489364624023,0.6828736662864685,0.9303100109100342,0.0197955109179019,0.6000462174415588,1.0373066663742063,0.1892158538103103,0.6865451335906982,1.074589490890503,0.0662619397044181,0.5927900075912476,1.062440276145935,0.195780262351036,0.6770822405815125,1.1025620698928833,0.0738660022616386,0.6150897741317749,1.0528004169464111,0.1909995675086975,0.7225802540779114,1.0871105194091797,0.0581172034144401,19.70644736289978,neutro
1761586150.590286,0,0.6637462377548218,0.527873694896698,0.1146177873015403,0.6610919237136841,0.5160613059997559,0.0915225222706794,0.6591356992721558,0.5149742364883423,0.0915220230817794,0.6572033762931824,0.5139027833938599,0.0914440900087356,0.6659983396530151,0.5175222754478455,0.0847945660352706,0.6675540208816528,0.517510175704956,0.0848160982131958,0.6691425442695618,0.5173791646957397,0.0847521275281906,0.6502534747123718,0.5155820250511169,0.0210224352777004,0.6661899089813232,0.5187498331069946,-0.0080501176416873,0.6583795547485352,0.5350770950317383,0.0965457111597061,0.663719892501831,0.5358628630638123,0.0887111648917198,0.5878418684005737,0.5729336142539978,0.0406928546726703,0.6801207065582275,0.5662804245948792,-0.077974796295166,0.56785649061203,0.6669378876686096,0.1562097072601318,0.710904061794281,0.670881986618042,-0.0278265718370676,0.5969809293746948,0.6983841061592102,0.2997574210166931,0.7280348539352417,0.7496572732925415,0.0908302590250969,0.6051603555679321,0.7051643133163452,0.3248529732227325,0.7343130111694336,0.7725967168807983,0.1025063022971153,0.615714967250824,0.6993035078048706,0.3164801597595215,0.7304500937461853,0.7694967985153198,0.1039853319525718,0.614533543586731,0.6980575919151306,0.3011979460716247,0.724511981010437,0.7621362209320068,0.0964414030313491,0.6115914583206177,0.7691672444343567,0.0554052963852882,0.6634870767593384,0.7670456767082214,-0.0555680394172668,0.6157553195953369,0.9229577779769896,0.1167413741350174,0.6799699664115906,0.9236818552017212,0.0378301367163658,0.6001656651496887,1.0373446941375732,0.1927657425403595,0.6755781173706055,1.0650317668914795,0.1012262254953384,0.5931092500686646,1.0626519918441772,0.1997600793838501,0.6664974093437195,1.0910346508026123,0.1098497286438942,0.6151549220085144,1.0534379482269287,0.1957746148109436,0.708915114402771,1.0797438621520996,0.0977093204855918,19.752623319625854,neutro
1761586150.6373348,0,0.6635368466377258,0.5280776023864746,0.1334202140569687,0.6611588001251221,0.5163116455078125,0.1123867481946945,0.6593990921974182,0.515319287776947,0.1123604178428649,0.6578148603439331,0.5143783092498779,0.1123095750808715,0.6659032106399536,0.5176624059677124,0.1026370674371719,0.6673482060432434,0.5176588892936707,0.1026398912072181,0.6688305139541626,0.5175632834434509,0.1025240793824195,0.6516399383544922,0.515978217124939,0.0444831103086471,0.6658747792243958,0.5188525319099426,0.0022894344292581,0.6583508253097534,0.5353681445121765,0.1157931685447692,0.6631181836128235,0.536275327205658,0.1036563068628311,0.5899920463562012,0.5708872675895691,0.0427747815847396,0.6799960136413574,0.5666194558143616,-0.0575087182223796,0.5701631903648376,0.6653826832771301,0.1346483826637268,0.6930280327796936,0.6726301312446594,-0.0237899515777826,0.6149594187736511,0.6827570796012878,0.2304324805736541,0.6740006804466248,0.7087253332138062,0.0711433812975883,0.6215964555740356,0.688827395439148,0.2439291030168533,0.6741330027580261,0.7176524996757507,0.0801449418067932,0.631516695022583,0.6800788640975952,0.2389168441295623,0.6692696809768677,0.7090256810188293,0.077590212225914,0.6312357187271118,0.6777101159095764,0.2301470935344696,0.6670407056808472,0.7049790620803833,0.0726419016718864,0.6116513609886169,0.765428900718689,0.056235022842884,0.658051073551178,0.7669305801391602,-0.0564490184187889,0.6147640943527222,0.907813310623169,0.1046821251511573,0.661504864692688,0.9125028848648072,-0.0068290554918348,0.6061340570449829,1.0000383853912354,0.1671728789806366,0.6607011556625366,1.0472631454467771,0.0365432202816009,0.5896853804588318,1.0500669479370115,0.1714254766702652,0.6507518887519836,1.0708584785461426,0.041837740689516,0.6190211176872253,1.011975646018982,0.1511406749486923,0.6918576955795288,1.0704834461212158,0.0134484218433499,19.79967212677002,neutro
1761586150.6825535,0,0.6637915372848511,0.5306792855262756,0.181780532002449,0.662247359752655,0.518853485584259,0.1706087738275528,0.6610776782035828,0.5181459188461304,0.1706104725599289,0.660150408744812,0.5174959897994995,0.1705798655748367,0.6659125089645386,0.51934814453125,0.1536110192537307,0.6672317981719971,0.519069254398346,0.1535499542951584,0.6683803796768188,0.5187591910362244,0.1533900201320648,0.6545628309249878,0.5183060765266418,0.1313210129737854,0.6646748781204224,0.5193719267845154,0.0523914285004138,0.6590228080749512,0.5382481217384338,0.1722148954868316,0.6630452871322632,0.5385864973068237,0.1494489461183548,0.5936664938926697,0.569721519947052,0.126965045928955,0.6670517921447754,0.5590587854385376,-0.0068227848969399,0.5852434635162354,0.6559697985649109,0.139546662569046,0.6477744579315186,0.6341439485549927,-0.0885928720235824,0.6373907327651978,0.664730429649353,0.1504974067211151,0.6304664015769958,0.6412951350212097,-0.1589610278606414,0.641343891620636,0.6706991791725159,0.1536502689123153,0.6279415488243103,0.6453567147254944,-0.169541984796524,0.6473202705383301,0.6630710959434509,0.1525050699710846,0.6256378889083862,0.6391207575798035,-0.1646721810102462,0.6478773355484009,0.6606391668319702,0.1491657942533493,0.6241894364356995,0.637790858745575,-0.1582723259925842,0.6117227673530579,0.7645683288574219,0.0546008646488189,0.6547698378562927,0.7632021307945251,-0.054677277803421,0.6058304309844971,0.8935850262641907,0.0669034272432327,0.6520686745643616,0.9108125567436218,-0.0483489409089088,0.600265622138977,1.0060216188430786,0.093157447874546,0.6492871642112732,1.0503313541412354,-0.04634715244174,0.5900696516036987,1.0341044664382937,0.0920879989862442,0.6398768424987793,1.0756304264068604,-0.0470848865807056,0.6106238961219788,1.020790934562683,0.0480504110455513,0.6753813028335571,1.0721741914749146,-0.1036797165870666,19.844890832901,neutro
1761586150.7299874,0,0.6649380922317505,0.5344480872154236,0.3354717493057251,0.6640774607658386,0.5216686129570007,0.3326019644737243,0.6631271243095398,0.5208516716957092,0.3326195478439331,0.6623212099075317,0.5200468897819519,0.3326167166233063,0.6665828824043274,0.5220652222633362,0.3104978203773498,0.6674581170082092,0.5216355919837952,0.3104496598243713,0.6683942675590515,0.5211453437805176,0.3102887272834778,0.6556732058525085,0.5199235081672668,0.3066304624080658,0.6636502146720886,0.5202314853668213,0.206488698720932,0.6599258780479431,0.5422638654708862,0.3284057676792145,0.6631601452827454,0.5431912541389465,0.2992686331272125,0.5941182374954224,0.5714256763458252,0.2794626355171203,0.6605967879295349,0.5594218969345093,0.0903664454817771,0.5846600532531738,0.6516522169113159,0.2352065593004226,0.6361755132675171,0.6216419339179993,-0.0808889716863632,0.6261006593704224,0.6603289246559143,0.1802253425121307,0.6203242540359497,0.6451231837272644,-0.1390295773744583,0.6313815712928772,0.6670942306518555,0.1756973266601562,0.6163177490234375,0.6547732949256897,-0.1582069993019104,0.638729453086853,0.661573588848114,0.1723356544971466,0.615254282951355,0.6499997973442078,-0.1455848515033722,0.6387542486190796,0.6590257287025452,0.1757030338048935,0.6131325960159302,0.6472112536430359,-0.1349910795688629,0.6112817525863647,0.7720747590065002,0.0598399117588996,0.648770272731781,0.7642633318901062,-0.0597946532070636,0.6094092726707458,0.9061710834503174,0.0440736263990402,0.6564558744430542,0.9348880648612976,-0.0774374157190322,0.5984756946563721,1.039333462715149,-0.0161036364734172,0.6426905989646912,1.0863362550735474,-0.1485318690538406,0.5899204015731812,1.059733271598816,-0.0281598176807165,0.6305340528488159,1.1109098196029663,-0.1575404405593872,0.6053308248519897,1.062927484512329,-0.0842010900378227,0.6654510498046875,1.1223870515823364,-0.2208069562911987,19.892324686050415,neutro
1761586150.7768946,0,0.0,0.0,0.0,0.0,0.0,0.0,0.0,0.0,0.0,0.0,0.0,0.0,0.0,0.0,0.0,0.0,0.0,0.0,0.0,0.0,0.0,0.0,0.0,0.0,0.0,0.0,0.0,0.0,0.0,0.0,0.0,0.0,0.0,0.0,0.0,0.0,0.0,0.0,0.0,0.0,0.0,0.0,0.0,0.0,0.0,0.0,0.0,0.0,0.0,0.0,0.0,0.0,0.0,0.0,0.0,0.0,0.0,0.0,0.0,0.0,0.0,0.0,0.0,0.0,0.0,0.0,0.0,0.0,0.0,0.0,0.0,0.0,0.0,0.0,0.0,0.0,0.0,0.0,0.0,0.0,0.0,0.0,0.0,0.0,0.0,0.0,0.0,0.0,0.0,0.0,0.0,0.0,0.0,0.0,0.0,0.0,0.0,0.0,0.0,19.939231872558594,neutro
1761586150.8415914,0,0.9124324917793274,0.3268300890922546,-0.9179414510726928,0.9319317936897278,0.2539941072463989,-0.907555103302002,0.947972297668457,0.2463195323944091,-0.9074691534042358,0.9612943530082704,0.2399734109640121,-0.9084112048149108,0.8771370649337769,0.2714065909385681,-0.8960512280464172,0.8569010496139526,0.2759033441543579,-0.8955930471420288,0.8389719724655151,0.2803627252578735,-0.8962051272392273,0.981742262840271,0.2346809953451156,-0.5709050297737122,0.8128892779350281,0.288209855556488,-0.4856966137886047,0.9495956301689148,0.3691020011901855,-0.7677080631256104,0.8867586255073547,0.3916080594062805,-0.7436334490776062,1.0877842903137207,0.4426683783531189,-0.3006567060947418,0.7209246158599854,0.5130194425582886,-0.2018656283617019,1.3177158832550049,0.7664838433265686,-0.1316753923892974,0.6073230504989624,0.8622761964797974,-0.0531660541892051,1.259345531463623,0.955871045589447,-0.2514047026634216,0.557506263256073,1.2152657508850098,-0.4456695914268493,1.2707077264785769,1.0253325700759888,-0.3084162473678589,0.5160430073738098,1.3307427167892456,-0.5181566476821899,1.230027437210083,1.0225210189819336,-0.3210435509681701,0.5567134022712708,1.3251780271530151,-0.6424412131309509,1.215099215507507,0.9963500499725342,-0.26492440700531,0.5818659067153931,1.2830466032028198,-0.5069833993911743,1.1654436588287354,1.1953773498535156,-0.1418865025043487,0.8892399072647095,1.240450382232666,0.1452907770872116,1.2122271060943604,1.779655933380127,0.1108457818627357,0.9411834478378296,1.8282417058944704,0.493472158908844,1.251761555671692,2.3113226890563965,0.893707275390625,0.9936013221740724,2.359407901763916,1.194443941116333,1.2667313814163208,2.389601469039917,0.945786476135254,1.0026875734329224,2.4425690174102783,1.2543907165527344,1.2238560914993286,2.506815195083618,0.4126339554786682,1.0313403606414795,2.5457699298858643,0.658512532711029,20.003928661346436,neutro
1761586150.887826,0,0.8942207098007202,0.3590809106826782,-1.904520392417908,0.910025119781494,0.2831006646156311,-1.9158079624176023,0.9287497401237488,0.2750186920166015,-1.91501784324646,0.9445465207099916,0.267391949892044,-1.9158697128295896,0.8494712710380554,0.2993156611919403,-1.9056545495986936,0.8291112184524536,0.3020365834236145,-1.9055776596069336,0.8105854988098145,0.3035390973091125,-1.9058640003204343,0.9634868502616882,0.2472807317972183,-1.5403048992156982,0.7799122333526611,0.2940898537635803,-1.4755460023880005,0.9333279728889464,0.3987986445426941,-1.7267882823944092,0.8649080991744995,0.4180113971233368,-1.7084392309188845,1.1002743244171145,0.4747299253940582,-1.095625638961792,0.6887872219085693,0.5152666568756104,-1.0802464485168457,1.313046097755432,0.8874306082725525,-0.8235973119735718,0.5426305532455444,0.8799903988838196,-0.8958953619003296,1.2589961290359497,1.2720627784729004,-0.8608377575874329,0.4933602809906006,1.2569223642349243,-1.141349196434021,1.271200180053711,1.3976160287857056,-0.9187337160110474,0.4516956210136413,1.3662772178649902,-1.220015287399292,1.227185845375061,1.415107250213623,-0.9718057513237,0.4874720573425293,1.3743408918380735,-1.3385087251663208,1.2118632793426514,1.361639380455017,-0.8880139589309692,0.5124315023422241,1.3383595943450928,-1.1971766948699951,1.1541804075241089,1.2025974988937378,-0.1044934839010238,0.8643699884414673,1.2407100200653076,0.1077868491411209,1.172544240951538,1.8551384210586548,0.2854219079017639,0.8896248936653137,1.8911147117614744,0.4934748709201813,1.1920570135116575,2.4148378372192383,1.223863959312439,0.9319851994514464,2.4728615283966064,1.2206671237945557,1.207013487815857,2.499844789505005,1.291684865951538,0.9402867555618286,2.55849552154541,1.2789283990859983,1.148583173751831,2.63984751701355,0.694881796836853,0.9806202054023744,2.702333927154541,0.6192755699157715,20.05016326904297,neutro
1761586150.932864,0,0.8867996335029602,0.3803819119930267,-2.016830921173096,0.9025166630744934,0.2996378540992737,-2.021019220352173,0.9222815632820128,0.2910920977592468,-2.020115375518799,0.9384462237358092,0.2833128571510315,-2.0209059715271,0.8377938270568848,0.3168511986732483,-2.0178234577178955,0.8164017796516418,0.3194223642349243,-2.017761707305908,0.7972621321678162,0.3206377327442169,-2.0180587768554688,0.9541759490966796,0.2624289393424988,-1.6119741201400757,0.7627975344657898,0.3082948327064514,-1.579128980636597,0.9258877038955688,0.4220300912857055,-1.827416181564331,0.8542177081108093,0.4401243031024933,-1.817947626113892,1.0996531248092651,0.4917201399803161,-1.1279622316360474,0.6663711667060852,0.5306444764137268,-1.1832154989242554,1.3098312616348269,0.915318489074707,-0.8455168604850769,0.5098423957824707,0.9100474715232848,-1.0130587816238403,1.2610111236572266,1.3104981184005735,-0.9269198179244996,0.483376681804657,1.3088895082473757,-1.264196515083313,1.2793532609939575,1.4383347034454346,-0.9932953715324402,0.4500691294670105,1.4213337898254397,-1.3543806076049805,1.2290606498718262,1.458198070526123,-1.0577958822250366,0.490319162607193,1.4262375831604004,-1.4672709703445437,1.2134829759597778,1.406673550605774,-0.9607613682746888,0.5113095641136169,1.3908501863479614,-1.316858172416687,1.1420934200286863,1.2322089672088623,-0.0739715546369552,0.8384814262390137,1.2703479528427124,0.0777214765548706,1.164124846458435,1.906716465950012,0.3490589261054992,0.869404137134552,1.9481831789016724,0.4914758205413818,1.1849703788757324,2.470881700515747,1.3369945287704468,0.9153698682785034,2.538208246231079,1.2670741081237793,1.1980383396148682,2.5589404106140137,1.408325433731079,0.9216268658638,2.6290571689605717,1.3295012712478638,1.1487510204315186,2.7020864486694336,0.7871183156967163,0.9770864248275756,2.768099546432495,0.6176291704177856,20.09520125389099,neutro
1761586150.9800954,0,0.8692970275878906,0.3956844508647918,-1.6398519277572632,0.8874247670173645,0.3100214004516601,-1.637546181678772,0.9089199900627136,0.3010166585445404,-1.6368894577026367,0.9269862174987792,0.2929435074329376,-1.6378446817398071,0.8204205632209778,0.3277470767498016,-1.6306079626083374,0.8000332117080688,0.3299570679664612,-1.6303284168243408,0.7806159257888794,0.3311329185962677,-1.6305863857269287,0.944738507270813,0.271630585193634,-1.2624996900558472,0.7463385462760925,0.3180214762687683,-1.2039425373077393,0.9128349423408508,0.4384617209434509,-1.4677613973617554,0.838657021522522,0.4545997381210327,-1.4511364698410034,1.0953572988510132,0.5057275891304016,-0.8805462718009949,0.6469336152076721,0.5552834272384644,-0.8715567588806152,1.294485092163086,0.9471845626831056,-0.627270519733429,0.4923325479030609,0.932686984539032,-0.6866867542266846,1.2606630325317385,1.359766721725464,-0.6660988330841064,0.4300311505794525,1.332959771156311,-0.9417689442634584,1.2837265729904177,1.495533108711243,-0.7199785709381104,0.3831260800361633,1.4386569261550903,-1.019372820854187,1.2286196947097778,1.5284208059310913,-0.7723262906074524,0.4267638325691223,1.452655792236328,-1.1317654848098757,1.2127454280853271,1.4684956073760986,-0.6950990557670593,0.450237363576889,1.4180395603179932,-0.9972704648971558,1.1208223104476929,1.2745321989059448,-0.0799687504768371,0.8126708269119263,1.31041157245636,0.0840988680720329,1.1485251188278198,1.945262670516968,0.3013306260108948,0.8503443002700806,1.9864493608474727,0.5360065698623657,1.1696398258209229,2.503291368484497,1.2690632343292236,0.8931711912155151,2.565229654312134,1.372154951095581,1.1844470500946045,2.5938761234283447,1.3408766984939575,0.8966989517211914,2.6584365367889404,1.441206455230713,1.125183343887329,2.7356317043304443,0.7450045943260193,0.9625030755996704,2.79451060295105,0.7418864965438843,20.142432689666748,neutro
1761586151.0287087,0,0.8572758436203003,0.4241405129432678,-1.9041624069213867,0.8805707097053528,0.3376441895961761,-1.914708375930786,0.9026378393173218,0.32780322432518,-1.913900136947632,0.9214707612991332,0.3186385035514831,-1.9146476984024048,0.8109492063522339,0.3525551855564117,-1.9082056283950808,0.7901551723480225,0.3522006869316101,-1.9082170724868772,0.7703387141227722,0.3510215878486633,-1.908421277999878,0.9401528239250184,0.2960716187953949,-1.5489037036895752,0.7367614507675171,0.332278162240982,-1.501417875289917,0.9012486338615416,0.4680114686489105,-1.7305948734283447,0.8264278173446655,0.4812946021556854,-1.717214822769165,1.0891484022140503,0.5504810214042664,-1.1355239152908323,0.6384967565536499,0.5665547847747803,-1.113195300102234,1.27618670463562,0.9838173389434814,-0.8444167971611023,0.4780409336090088,0.9437922835350036,-0.8987711071968079,1.2378625869750977,1.4091962575912476,-0.7987435460090637,0.3892503380775451,1.3385378122329712,-1.063485860824585,1.260743260383606,1.5439982414245603,-0.8352394104003906,0.3398564159870147,1.43694269657135,-1.12103533744812,1.2035109996795654,1.5668959617614746,-0.8914843797683716,0.3723154366016388,1.4512956142425537,-1.2350261211395264,1.1886473894119265,1.5097081661224363,-0.8248999714851379,0.3990817070007324,1.4204485416412354,-1.117439866065979,1.1109662055969238,1.294785737991333,-0.0780167430639267,0.8036249279975891,1.329094648361206,0.0814653038978576,1.133754014968872,1.967863202095032,0.338622123003006,0.8351696133613586,2.005101442337036,0.5120181441307068,1.150026559829712,2.528671264648437,1.3402560949325562,0.8755770921707153,2.5858964920043945,1.3553673028945925,1.163021445274353,2.613691806793213,1.4162189960479736,0.8788619041442871,2.673458814620972,1.4148237705230713,1.1091525554656982,2.76604437828064,0.8435596227645874,0.9413024187088012,2.8187713623046875,0.6826151609420776,20.191045999526978,neutro
1761586151.0741909,0,0.8486447334289551,0.4440135955810547,-1.6113767623901367,0.8746391534805298,0.3544899225234985,-1.620808243751526,0.8969019651412964,0.3448417484760284,-1.620134949684143,0.9160109758377076,0.3354000449180603,-1.621074914932251,0.8016688227653503,0.3676243424415588,-1.6151841878890991,0.7792190313339233,0.3658434748649597,-1.6150556802749634,0.7576643228530884,0.3629797399044037,-1.6152671575546265,0.933923363685608,0.3138792216777801,-1.2952313423156738,0.7187422513961792,0.3419784009456634,-1.252139925956726,0.8910374641418457,0.4895448982715606,-1.4530234336853027,0.8166064023971558,0.5021654963493347,-1.4397135972976685,1.0844404697418213,0.53973388671875,-0.9315487146377563,0.6190227270126343,0.5819929838180542,-0.9213205575942992,1.2349116802215576,0.959222972393036,-0.6274377107620239,0.4689138829708099,0.9609326124191284,-0.7456332445144653,1.2049051523208618,1.3532938957214355,-0.4062444269657135,0.4141716361045837,1.3692576885223389,-0.915380835533142,1.2332055568695068,1.4713268280029297,-0.4017651975154876,0.3712420761585235,1.4708536863327026,-0.9782460927963256,1.1811702251434326,1.4977869987487793,-0.4499578475952148,0.4061258733272552,1.4830204248428345,-1.1040302515029907,1.1620383262634275,1.447887301445007,-0.4234016835689544,0.4313576221466064,1.4476984739303589,-0.9676511883735656,1.060283064842224,1.2875558137893677,-0.0681524127721786,0.764284074306488,1.3176902532577517,0.0710399895906448,1.077452540397644,1.9604812860488887,0.3053315877914428,0.8015105128288269,1.995127558708191,0.4528455138206482,1.1034891605377195,2.530245065689087,1.2335453033447266,0.8434715270996094,2.5925304889678955,1.123808979988098,1.1156171560287476,2.613532543182373,1.302321195602417,0.8457606434822083,2.677703857421875,1.173342227935791,1.0680124759674072,2.754584550857544,0.7233895063400269,0.9046196937561036,2.821820020675659,0.5212960243225098,20.236528158187866,neutro
1761586151.1204052,0,0.8357542753219604,0.4762863516807556,-1.7109801769256592,0.8666207194328308,0.3885966539382934,-1.7311866283416748,0.8906396627426147,0.3764173090457916,-1.7303634881973269,0.9105385541915894,0.3649854660034179,-1.731106162071228,0.7899742126464844,0.4015845060348511,-1.7262846231460571,0.7666276097297668,0.397556722164154,-1.7259937524795532,0.7441577315330505,0.3918823599815368,-1.726122498512268,0.930541217327118,0.3304411470890045,-1.3999813795089722,0.7041300535202026,0.3602010905742645,-1.3547399044036863,0.8793312311172485,0.5220136642456055,-1.546084761619568,0.8018537759780884,0.529869556427002,-1.5330408811569214,1.0788511037826538,0.553573489189148,-0.9924839735031128,0.6020500063896179,0.5929717421531677,-0.987622082233429,1.2386655807495115,0.9655179381370544,-0.6330605745315552,0.4640559256076813,0.9646195769309998,-0.7540819644927979,1.1987366676330566,1.3821539878845217,-0.4430931210517883,0.4322254061698913,1.4171489477157593,-0.8885917663574219,1.223636507987976,1.512692928314209,-0.4708830714225769,0.3912630677223205,1.5305559635162354,-0.9415130615234376,1.170079469680786,1.5362080335617063,-0.5133944749832153,0.4278561174869537,1.5409696102142334,-1.054291844367981,1.1534303426742554,1.481010913848877,-0.4640176296234131,0.4525829255580902,1.4996417760849,-0.9363850355148317,1.0492820739746094,1.3045542240142822,-0.0721605271100997,0.7402750849723816,1.3330929279327393,0.0754515677690506,1.0623912811279297,1.9801315069198608,0.2810704112052917,0.7716131210327148,2.0155670642852783,0.4584917426109314,1.0751272439956665,2.555380582809448,1.1928279399871826,0.8057182431221008,2.6156327724456787,1.1592556238174438,1.0864640474319458,2.6436121463775635,1.255394697189331,0.8076298832893372,2.7056679725646973,1.21492600440979,1.0369471311569214,2.7880842685699463,0.686282753944397,0.8690675497055054,2.850228309631348,0.5612515211105347,20.282742500305176,neutro
1761586151.169981,0,0.8248506784439087,0.4944505095481872,-1.9278042316436768,0.8573160171508789,0.4056581258773803,-1.967995285987854,0.8822054862976074,0.3945160806179046,-1.967130422592163,0.9025465846061708,0.3834142982959747,-1.967660903930664,0.7760083675384521,0.4184494018554687,-1.9522063732147217,0.7526606321334839,0.4153119325637817,-1.9520165920257568,0.7305173277854919,0.4108032584190368,-1.9521751403808596,0.9244222640991212,0.3445068299770355,-1.683611512184143,0.6929100751876831,0.3817081153392792,-1.5859134197235107,0.870081901550293,0.5431258678436279,-1.7754240036010742,0.7902804017066956,0.5511165857315063,-1.7477102279663086,1.0782043933868408,0.5496835112571716,-1.255770921707153,0.5885506868362427,0.6027995944023132,-1.153072476387024,1.2970387935638428,0.9650859236717224,-0.9844128489494324,0.4462671875953674,0.9725745916366576,-0.8622696995735168,1.2039825916290283,1.371440291404724,-0.8128620982170105,0.4274994730949402,1.4742310047149658,-0.9274810552597046,1.224855899810791,1.4922086000442505,-0.8155761957168579,0.3941540122032165,1.6011096239089966,-0.9527794718742372,1.1747990846633911,1.5022263526916504,-0.8144891858100891,0.4279705584049225,1.597605586051941,-1.0482107400894165,1.1607407331466677,1.4581283330917358,-0.8092276453971863,0.4530383944511413,1.5566227436065674,-0.9662826657295228,1.0585100650787354,1.2962490320205688,-0.0741799399256706,0.7416425347328186,1.328134536743164,0.0776667594909668,1.0727927684783936,1.980955958366394,0.269187718629837,0.7763277888298035,2.010343313217163,0.4494832158088684,1.0774071216583252,2.552253246307373,1.1791090965270996,0.8016781806945801,2.603062629699707,1.136404037475586,1.087064504623413,2.633908748626709,1.2468624114990234,0.8033439517021179,2.687655448913574,1.195316195487976,1.0385377407073977,2.7991740703582764,0.6890864968299866,0.8676272630691528,2.849125623703003,0.5437448620796204,20.33231830596924,neutro
1761586151.215917,0,0.8018250465393066,0.5368425250053406,-1.742307424545288,0.835342288017273,0.4399671256542206,-1.7749897241592407,0.8629015684127808,0.4257942736148834,-1.7741581201553345,0.885346531867981,0.413482517004013,-1.7748372554779053,0.7530336380004883,0.4526020884513855,-1.7742443084716797,0.7287971377372742,0.4480985999107361,-1.7741587162017822,0.7058838605880737,0.4422505497932434,-1.7742226123809814,0.9091886281967164,0.3691835105419159,-1.496187448501587,0.664676308631897,0.4055184721946716,-1.4877454042434692,0.8464657664299011,0.5832889676094055,-1.592149019241333,0.7722440361976624,0.5881912112236023,-1.5859391689300537,1.0405977964401243,0.566571056842804,-1.0342419147491455,0.55916428565979,0.6141099333763123,-1.0875838994979858,1.181830644607544,0.9547359347343444,-0.420232206583023,0.4443540573120117,0.9687906503677368,-0.7921379804611206,1.1439404487609863,1.337791919708252,-0.0351400934159755,0.4186792969703674,1.4527363777160645,-0.5609570145606995,1.1686809062957764,1.4495590925216677,0.0311669707298278,0.3836574852466583,1.5664769411087036,-0.5622757077217102,1.131082534790039,1.4618737697601318,-0.028850520029664,0.4151254296302795,1.569080471992493,-0.6465260982513428,1.1079500913619995,1.419406771659851,-0.0499471127986907,0.442859023809433,1.527169704437256,-0.5927454233169556,0.9829317331314088,1.2900774478912354,-0.0147898700088262,0.6707068681716919,1.3264405727386477,0.0170837324112653,0.9803060293197632,1.97184157371521,0.3336807489395141,0.697235107421875,1.9997825622558596,0.2927847504615783,0.9957219362258912,2.54849910736084,1.182121515274048,0.7250784635543823,2.604461431503296,0.8678715825080872,0.9938675165176392,2.6357460021972656,1.2457420825958252,0.728470504283905,2.688603162765503,0.9043009877204896,0.9898205995559692,2.769172430038452,0.7546326518058777,0.7891274094581604,2.829601287841797,0.2739900052547455,20.378254413604736,neutro
1761586151.2630937,0,0.7961773872375488,0.532041609287262,-1.84610915184021,0.8333231806755066,0.4405818879604339,-1.891309142112732,0.859811007976532,0.429611325263977,-1.890463590621948,0.8803685903549194,0.4194988310337066,-1.8910375833511357,0.7439449429512024,0.4509874880313873,-1.8818209171295168,0.7194563150405884,0.4483290016651153,-1.8817002773284912,0.6975575685501099,0.4444847702980041,-1.881640672683716,0.908020317554474,0.3717290461063385,-1.6183029413223269,0.6588579416275024,0.4092120826244354,-1.5548899173736572,0.8470100164413452,0.583753228187561,-1.6958119869232178,0.7612993717193604,0.5895042419433594,-1.6768388748168943,1.0459080934524536,0.5588645935058594,-1.1700962781906128,0.5487684011459351,0.6116403341293335,-1.0884922742843628,1.2047741413116455,0.955238938331604,-0.6107196807861328,0.4441502690315246,0.9806414842605592,-0.6836737394332886,1.1655155420303345,1.385920166969299,-0.2955968081951141,0.4119108617305755,1.4563778638839722,-0.529650092124939,1.187096357345581,1.507051944732666,-0.2651699483394623,0.379702478647232,1.5723100900650024,-0.5271956324577332,1.1462323665618896,1.526589035987854,-0.3145135045051574,0.4011881947517395,1.5734080076217651,-0.6277819275856018,1.125152349472046,1.481652855873108,-0.3085971772670746,0.4306578040122986,1.5317330360412598,-0.5689612627029419,0.990526020526886,1.2999507188796997,-0.0326266586780548,0.6705463528633118,1.3277664184570312,0.0357315726578235,0.984094738960266,1.989912867546081,0.3365234136581421,0.6963861584663391,2.009479761123657,0.3377853035926819,0.9860578775405884,2.5606582164764404,1.275866985321045,0.7092954516410828,2.608081579208374,0.9623290300369264,0.9850699305534364,2.6437675952911377,1.347067952156067,0.7162951827049255,2.687969207763672,1.0113414525985718,0.9621397852897644,2.7898824214935303,0.8395101428031921,0.7605605125427246,2.8464035987854004,0.3395447134971618,20.4254310131073,neutro
1761586151.3114574,0,0.7877117395401001,0.5437721014022827,-1.915157914161682,0.8281357884407043,0.4501674771308899,-1.9649797677993772,0.8540996313095093,0.4400494992733001,-1.964117407798767,0.8741364479064941,0.4310666024684906,-1.964734435081482,0.736727237701416,0.4591524004936218,-1.9538791179656985,0.7128065824508667,0.4562488496303558,-1.9538997411727903,0.6917334198951721,0.4525344967842102,-1.953864812850952,0.9023035764694214,0.3853075802326202,-1.7045862674713137,0.654600977897644,0.4164238572120666,-1.6368389129638672,0.8385549783706665,0.5983438491821289,-1.7684364318847656,0.7521674036979675,0.6026140451431274,-1.7485554218292236,1.0427273511886597,0.5704919099807739,-1.2431604862213137,0.5441679358482361,0.6125839948654175,-1.1815567016601562,1.2064129114151,0.9701578617095948,-0.8077707290649414,0.4364272952079773,0.9775217771530152,-0.8457589149475098,1.1677618026733398,1.4024276733398438,-0.5694124698638916,0.3789256513118744,1.4455342292785645,-0.9373456239700316,1.185421586036682,1.5202178955078125,-0.5572722554206848,0.3432467579841614,1.5546120405197144,-0.977065920829773,1.1465163230895996,1.5338178873062134,-0.6175092458724976,0.3668608069419861,1.5527998208999634,-1.070373773574829,1.1253082752227783,1.4902392625808716,-0.5888415575027466,0.3976768851280212,1.51322340965271,-0.97975891828537,0.9762579202651978,1.2984191179275513,-0.0445119477808475,0.6629420518875122,1.318997502326965,0.0475522987544536,0.9605033993721008,1.9818341732025144,0.2955369055271148,0.6800187826156616,2.002671718597412,0.3330451846122741,0.9531310796737672,2.5524938106536865,1.1693648099899292,0.6853625774383545,2.5970652103424072,0.9500306844711304,0.9519104957580566,2.6327362060546875,1.232422113418579,0.6911145448684692,2.676805257797241,0.9961159825325012,0.9221633672714232,2.780970573425293,0.721561074256897,0.726306676864624,2.830494880676269,0.3440575301647186,20.47379469871521,neutro
1761586151.3561134,0,0.7890585064888,0.5570658445358276,-1.9081014394760127,0.8274378776550293,0.4607239067554474,-1.958941102027893,0.8522236943244934,0.4492973089218139,-1.9582054615020752,0.871945858001709,0.4385076761245727,-1.958892822265625,0.7342670559883118,0.4712590873241424,-1.9537360668182373,0.7097046375274658,0.4680364727973938,-1.9538953304290767,0.6882957220077515,0.4636564254760742,-1.9540380239486692,0.8991589546203613,0.3858708143234253,-1.700950026512146,0.648942232131958,0.426561176776886,-1.6592212915420532,0.8391208648681641,0.6061925888061523,-1.7597135305404663,0.7528359293937683,0.616405189037323,-1.7473068237304688,1.0446912050247192,0.5692432522773743,-1.1788004636764526,0.5409126281738281,0.6130710244178772,-1.21785569190979,1.1935113668441772,0.9536299109458924,-0.6110193133354187,0.4361741542816162,0.9768221378326416,-0.7907673120498657,1.13684344291687,1.398169994354248,-0.210027813911438,0.3937229514122009,1.4550502300262451,-0.7504020929336548,1.1488584280014038,1.4986021518707275,-0.1529736816883087,0.3581867814064026,1.5638823509216309,-0.7518462538719177,1.1179012060165403,1.5128405094146729,-0.2041904181241989,0.3844939172267914,1.560426115989685,-0.8359867930412292,1.0960742235183716,1.4823483228683472,-0.2198383510112762,0.4137521684169769,1.5194014310836792,-0.7793459892272949,0.9877094030380248,1.2818686962127686,-0.0330997481942176,0.676853597164154,1.3011906147003174,0.0351820774376392,0.964896321296692,1.976997137069702,0.3846236169338226,0.6854661107063293,1.997093677520752,0.3643544316291809,0.9530564546585084,2.544350862503052,1.320812702178955,0.6861743330955505,2.5896859169006348,1.0225059986114502,0.9489097595214844,2.6269352436065674,1.3943002223968506,0.6903828382492065,2.672955274581909,1.0739047527313232,0.9314147233963012,2.7759084701538086,0.9171427488327026,0.7327325344085693,2.8205254077911377,0.4152918457984924,20.51845073699951,neutro
1761586151.4034922,0,0.795021653175354,0.584541916847229,-1.9318615198135376,0.831768810749054,0.4774752259254455,-1.9918920993804927,0.8554341197013855,0.4634111523628235,-1.9910919666290283,0.874923586845398,0.4501360654830932,-1.9917585849761963,0.7412713766098022,0.4986960291862488,-1.981683373451233,0.7151206731796265,0.4959428608417511,-1.9818264245986936,0.692890465259552,0.4904090464115143,-1.982006311416626,0.9015579223632812,0.3935342729091644,-1.761884689331055,0.648486852645874,0.4449156820774078,-1.696618676185608,0.8431464433670044,0.6220263838768005,-1.7916110754013062,0.7581926584243774,0.6400712132453918,-1.7728683948516846,1.0478956699371338,0.5637149810791016,-1.2716968059539795,0.5386936664581299,0.6121547222137451,-1.2145583629608154,1.20394766330719,0.9695323705673218,-0.7708157300949097,0.4375273585319519,0.9743636846542358,-0.7489917874336243,1.1311805248260498,1.3855769634246826,-0.4450880885124206,0.4007185995578766,1.446103572845459,-0.635177493095398,1.1346714496612549,1.495267391204834,-0.3813454508781433,0.3655430674552917,1.5558803081512451,-0.6224626302719116,1.099098563194275,1.5022187232971191,-0.4117908477783203,0.392162948846817,1.551341533660889,-0.7071795463562012,1.0821959972381592,1.4625492095947266,-0.4445868134498596,0.4204382002353668,1.510481357574463,-0.6639242768287659,0.9937060475349426,1.2765498161315918,-0.0400312654674053,0.6764405965805054,1.2942439317703247,0.0424324795603752,0.9689608812332152,1.971576452255249,0.3491175174713135,0.6819994449615479,1.9946788549423216,0.3725021183490753,0.951423168182373,2.540818691253662,1.2751760482788086,0.6803697347640991,2.5857670307159424,1.0481144189834597,0.9481375813484192,2.6214120388031006,1.347383737564087,0.6859312057495117,2.6676833629608154,1.1011414527893066,0.9205960035324096,2.7726473808288574,0.8415428400039673,0.7202122211456299,2.82033634185791,0.451685756444931,20.565829515457153,neutro
1761586151.4496412,0,0.7912908792495728,0.585422694683075,-1.9027087688446045,0.8319236636161804,0.4743694961071014,-1.9663217067718504,0.855631947517395,0.4614740014076233,-1.9655370712280276,0.875261127948761,0.449284940958023,-1.9661657810211184,0.7342414259910583,0.492011547088623,-1.950024366378784,0.7076738476753235,0.4890324175357818,-1.950139403343201,0.6850844621658325,0.483936458826065,-1.950291395187378,0.9031111001968384,0.3962698578834533,-1.7565810680389404,0.6438549160957336,0.4434725940227508,-1.6622978448867798,0.8416486978530884,0.6284698843955994,-1.770229697227478,0.7528584003448486,0.643772304058075,-1.7434968948364258,1.0533863306045532,0.5660039782524109,-1.292097091674805,0.5387612581253052,0.6111522912979126,-1.17676043510437,1.211130142211914,0.9806796312332152,-0.7956486940383911,0.438995212316513,0.9718447327613832,-0.6155864596366882,1.1380704641342163,1.3908684253692627,-0.4461962282657623,0.4045230448246002,1.447787880897522,-0.351771593093872,1.1362707614898682,1.5051120519638062,-0.3966034054756164,0.3697863221168518,1.564805269241333,-0.3085666298866272,1.0985370874404907,1.506767511367798,-0.4259560108184814,0.3959029018878937,1.5597174167633057,-0.3945052027702331,1.0843040943145752,1.4632333517074585,-0.4467352330684662,0.4241527616977691,1.516762375831604,-0.3778747618198395,0.998824954032898,1.276733636856079,-0.0450518801808357,0.6787962913513184,1.2942349910736084,0.0471345111727714,0.9696298837661744,1.9732112884521484,0.3387452661991119,0.6747940182685852,1.9920296669006348,0.3969334959983825,0.9475523233413696,2.54144549369812,1.25836443901062,0.6700415015220642,2.5841619968414307,1.1074916124343872,0.944247543811798,2.620105743408203,1.331896185874939,0.6761452555656433,2.664358377456665,1.165363907814026,0.9157074093818665,2.7764058113098145,0.8314352035522461,0.7141126394271851,2.8243112564086914,0.5436319708824158,20.61197853088379,neutro
1761586151.4952228,0,0.7900899052619934,0.6359199285507202,-2.0146844387054443,0.8289519548416138,0.531160295009613,-2.08996319770813,0.8531895875930786,0.5148130059242249,-2.0892114639282227,0.8736046552658081,0.4984324276447296,-2.089860439300537,0.7335361242294312,0.5465313196182251,-2.0792887210845947,0.706350564956665,0.5379725098609924,-2.079365491867065,0.6827443838119507,0.5261924266815186,-2.079495429992676,0.9040558934211732,0.4273432791233063,-1.8809373378753664,0.6394237279891968,0.4642868340015411,-1.8105499744415283,0.8401992917060852,0.6678224205970764,-1.8774373531341555,0.7504390478134155,0.6786834001541138,-1.8573421239852903,1.0539435148239136,0.5752533674240112,-1.3734972476959229,0.5309336185455322,0.6150802969932556,-1.3140586614608765,1.2111167907714844,0.9787534475326538,-0.8449138402938843,0.4422740340232849,0.9817920923233032,-0.7662203311920166,1.1375112533569336,1.3994667530059814,-0.4981296062469482,0.4490740895271301,1.495644211769104,-0.5337270498275757,1.1383235454559326,1.522670030593872,-0.4521093368530273,0.4350512623786926,1.6222366094589231,-0.5217118263244629,1.1010656356811523,1.5234860181808472,-0.4854735732078552,0.4599839746952057,1.602613091468811,-0.6038623452186584,1.0851924419403076,1.4752312898635864,-0.4996288418769836,0.4821259975433349,1.552046298980713,-0.5639738440513611,1.0025129318237305,1.2922248840332031,-0.0472025275230407,0.6832554936408997,1.3061527013778689,0.0486855506896972,0.974587082862854,1.996040225028992,0.3187080025672912,0.6836074590682983,2.010408401489258,0.3988111615180969,0.9545931816101074,2.559788227081299,1.2549574375152588,0.6820939183235168,2.5956170558929443,1.10186767578125,0.95386803150177,2.635101079940796,1.3258224725723269,0.6860641837120056,2.669818639755249,1.1597949266433716,0.9183491468429564,2.80366587638855,0.815405547618866,0.7243160605430603,2.84770941734314,0.5397323369979858,20.657560110092163,neutro
1761586151.5412652,0,0.7893100380897522,0.6553478837013245,-1.9752721786499023,0.8269907236099243,0.5509006381034851,-2.042553424835205,0.8517367243766785,0.5336361527442932,-2.0418477058410645,0.872829258441925,0.5161044001579285,-2.0425891876220703,0.7325666546821594,0.5688149333000183,-2.0376534461975098,0.705753743648529,0.5613053441047668,-2.0377752780914307,0.6821274757385254,0.5500701665878296,-2.038025379180908,0.9047125577926636,0.4410632252693176,-1.8080787658691408,0.636473536491394,0.4827422201633453,-1.766686201095581,0.8395048975944519,0.6865755915641785,-1.8298276662826536,0.7493295669555664,0.6982889771461487,-1.8178707361221316,1.0550203323364258,0.5734166502952576,-1.2795188426971436,0.5329148769378662,0.6202260255813599,-1.2904411554336548,1.2044081687927246,0.9683024883270264,-0.6877536177635193,0.4428609013557434,0.9798271656036376,-0.7436079978942871,1.1287602186203003,1.3754440546035769,-0.2521511912345886,0.463005393743515,1.4824033975601196,-0.3913082480430603,1.129115343093872,1.4940719604492188,-0.1754806488752365,0.4511551856994629,1.6041947603225708,-0.3393933773040771,1.098810791969299,1.493152737617493,-0.2137943804264068,0.4722992777824402,1.589301586151123,-0.4086763262748718,1.082827091217041,1.4486948251724243,-0.2529370188713074,0.4941678941249847,1.5415644645690918,-0.4033806920051574,1.0039360523223877,1.3068654537200928,-0.0476925708353519,0.687305748462677,1.3150821924209597,0.049160897731781,0.9680204391479492,2.002615213394165,0.3531843423843384,0.6788361072540283,2.0107340812683105,0.399019181728363,0.9508522152900696,2.566519260406494,1.3271172046661377,0.6824702024459839,2.5991785526275635,1.1329799890518188,0.9507082104682922,2.641213893890381,1.4038745164871216,0.6856845617294312,2.669141292572021,1.1950483322143557,0.9144887924194336,2.8027420043945312,0.888835072517395,0.725654125213623,2.853521585464477,0.5668365359306335,20.70360255241394,neutro
1761586151.588414,0,0.7894412279129028,0.6600378155708313,-2.0949079990386963,0.8259462118148804,0.5578028559684753,-2.169405460357666,0.8511316180229187,0.5398986339569092,-2.1686384677886963,0.8726233243942261,0.5215360522270203,-2.169328212738037,0.7327066659927368,0.573560893535614,-2.164491415023804,0.7062099575996399,0.5655927658081055,-2.1647064685821533,0.6827747821807861,0.5539178252220154,-2.164909839630127,0.9053485989570618,0.4435877203941345,-1.9505211114883425,0.6373476982116699,0.4874874353408813,-1.9090044498443604,0.8396069407463074,0.6927473545074463,-1.9514760971069336,0.7497541904449463,0.7029355764389038,-1.9399573802948,1.0559457540512085,0.5832526683807373,-1.3958728313446045,0.5336282849311829,0.6217424273490906,-1.3845100402832031,1.2008262872695925,0.9715070128440856,-0.8264724016189575,0.4433088302612304,0.9791420102119446,-0.8234946131706238,1.108978033065796,1.3706494569778442,-0.4596493244171142,0.485893964767456,1.476318597793579,-0.5025889873504639,1.1025902032852173,1.4879944324493408,-0.3966445922851562,0.4801702499389648,1.595307469367981,-0.4807962775230407,1.0719704627990725,1.4907506704330444,-0.419181764125824,0.500458836555481,1.5813549757003784,-0.5531532168388367,1.0584479570388794,1.4473530054092407,-0.4545293748378753,0.5193110704421997,1.5358045101165771,-0.5274618268013,1.0059373378753662,1.29170823097229,-0.0491851605474948,0.6903458833694458,1.3019005060195925,0.0509853959083557,0.970268726348877,1.9984737634658811,0.3413254916667938,0.6823163032531738,2.009678363800049,0.4080261588096618,0.9515838623046876,2.5614614486694336,1.3053295612335205,0.6852917671203613,2.596975803375244,1.1328214406967163,0.9514392614364624,2.6380631923675537,1.3809807300567627,0.6901218891143799,2.6677470207214355,1.1929333209991455,0.9130212664604188,2.7978298664093018,0.8678892850875854,0.7253059148788452,2.852004051208496,0.5641145706176758,20.75075125694275,neutro
1761586151.6352208,0,0.7897043228149414,0.6676470041275024,-2.124408483505249,0.8256168365478516,0.567435622215271,-2.191857099533081,0.8507459759712219,0.5505164861679077,-2.1911232471466064,0.8723193407058716,0.5327001214027405,-2.1918556690216064,0.7324389219284058,0.5813282132148743,-2.1942169666290283,0.7061218619346619,0.5735291838645935,-2.194463014602661,0.6829656958580017,0.5631288290023804,-2.1946520805358887,0.905764937400818,0.4546934962272644,-1.9381595849990845,0.6367513537406921,0.4993560016155243,-1.9327175617218015,0.8392083048820496,0.7013891935348511,-1.9689531326293943,0.750259518623352,0.7122661471366882,-1.9679161310195925,1.0537304878234863,0.5916845202445984,-1.359772801399231,0.5332543849945068,0.6256754994392395,-1.422263503074646,1.1704015731811523,0.9702679514884948,-0.7342835068702698,0.4444057047367096,0.9781861901283264,-0.8372998237609863,1.080078363418579,1.3651221990585327,-0.2715023159980774,0.4828179478645324,1.47183096408844,-0.5108028650283813,1.0763944387435913,1.481918454170227,-0.1935945600271225,0.4712934494018554,1.590175747871399,-0.4686389565467834,1.0482555627822876,1.4780290126800537,-0.2366817742586136,0.4936692118644714,1.5789716243743896,-0.535621702671051,1.033284068107605,1.4338431358337402,-0.2725718021392822,0.5144897699356079,1.5342508554458618,-0.5239641070365906,1.0032808780670166,1.292197346687317,-0.0436548441648483,0.690821647644043,1.3030022382736206,0.0450438186526298,0.9579078555107116,1.9981067180633545,0.3688440918922424,0.6741107702255249,2.008181571960449,0.3943580389022827,0.936514973640442,2.5604350566864014,1.3089191913604736,0.6742353439331055,2.59762978553772,1.0869567394256592,0.9351547956466676,2.6353609561920166,1.3822101354599,0.6799594163894653,2.666625499725342,1.1416410207748413,0.8978146314620972,2.7977163791656494,0.8788995742797852,0.7097747921943665,2.8535866737365723,0.520548403263092,20.797558069229126,neutro
1761586151.6806552,0,0.7906492352485657,0.6619142889976501,-2.164741039276123,0.8265240788459778,0.560184895992279,-2.227468729019165,0.8514447212219238,0.5443000197410583,-2.2266688346862797,0.8728634715080261,0.5279209017753601,-2.227428913116455,0.7338854074478149,0.5753467082977295,-2.229595422744751,0.7074664831161499,0.5688445568084717,-2.229825496673584,0.6843982934951782,0.5596445202827454,-2.2298974990844727,0.905992329120636,0.4571346938610077,-1.962374687194824,0.6376566290855408,0.5019350647926331,-1.9559686183929443,0.8399736285209656,0.6991965770721436,-2.0071568489074707,0.7512728571891785,0.7109748721122742,-2.0056700706481934,1.0542484521865845,0.6047254800796509,-1.3831068277359009,0.5302023887634277,0.6367841362953186,-1.43553364276886,1.1728423833847046,0.9735175371170044,-0.7326983213424683,0.4442424774169922,0.988280475139618,-0.8442085981369019,1.095811128616333,1.3816128969192505,-0.2986477315425873,0.4822768270969391,1.4927655458450315,-0.5363821387290955,1.0929447412490845,1.499305009841919,-0.2326396703720092,0.4694448113441467,1.6107286214828491,-0.506794810295105,1.0608664751052856,1.503298282623291,-0.2862868905067444,0.4929571151733398,1.5996062755584717,-0.5811534523963928,1.0480296611785889,1.4571632146835327,-0.3057548999786377,0.5127968192100525,1.5514148473739624,-0.5552371740341187,0.992576777935028,1.300788640975952,-0.0389894470572471,0.678294837474823,1.311248540878296,0.0402750298380851,0.945102870464325,2.0123348236083984,0.3861256241798401,0.6597118377685547,2.0192580223083496,0.3858646750450134,0.9223889112472534,2.575496196746826,1.344143629074097,0.655491292476654,2.6097326278686523,1.084979772567749,0.919472336769104,2.650001287460327,1.4177035093307495,0.6616818308830261,2.6766843795776367,1.138392210006714,0.8848960995674133,2.814016580581665,0.9103406071662904,0.6903529763221741,2.867384910583496,0.505353569984436,20.842992544174194,neutro
1761586151.7289407,0,0.7901641130447388,0.6707649230957031,-2.230858564376831,0.8261017799377441,0.5750361084938049,-2.304466724395752,0.8509246110916138,0.5592540502548218,-2.303652763366699,0.8724974393844604,0.542806088924408,-2.3043501377105717,0.73488849401474,0.5889338254928589,-2.3023195266723637,0.7086056470870972,0.5818172097206116,-2.302591562271118,0.6856905817985535,0.5726202130317688,-2.3027586936950684,0.9062698483467102,0.4695545434951782,-2.058494329452514,0.6394925713539124,0.5107621550559998,-2.0288732051849365,0.8387809991836548,0.7063649892807007,-2.076157093048096,0.7517446875572205,0.7166050672531128,-2.067984104156494,1.0545361042022705,0.607620894908905,-1.505818247795105,0.5290775895118713,0.6469241380691528,-1.5080795288085938,1.1787292957305908,0.9864549040794371,-0.938469409942627,0.4418407082557678,1.009375810623169,-0.983110785484314,1.10379958152771,1.4149112701416016,-0.6289564967155457,0.4774956107139587,1.5390567779541016,-0.7925973534584045,1.1033732891082764,1.5391110181808472,-0.5989060401916504,0.4616189897060394,1.6620042324066162,-0.7783597111701965,1.0707018375396729,1.5442078113555908,-0.6479640603065491,0.4855639934539795,1.6426358222961426,-0.8539042472839355,1.0564124584197998,1.4942305088043213,-0.6375716328620911,0.50660240650177,1.590471863746643,-0.812309741973877,0.993718147277832,1.311246037483215,-0.0396922379732131,0.6805147528648376,1.3312561511993408,0.0411820188164711,0.9528266191482544,2.027902126312256,0.3892913162708282,0.6673828959465027,2.0441195964813232,0.4376842081546783,0.9343957901000975,2.5940537452697754,1.389479637145996,0.6657248735427856,2.632789373397827,1.1943275928497314,0.9327465295791626,2.668958902359009,1.468748688697815,0.6710664629936218,2.7012407779693604,1.2572969198226929,0.8976954221725464,2.841180324554444,0.95550537109375,0.7033575773239136,2.891258716583252,0.6222491264343262,20.89127802848816,neutro
1761586151.775502,0,0.7904433608055115,0.6793664693832397,-2.173551559448242,0.8260887265205383,0.5857470035552979,-2.2338781356811523,0.8508882522583008,0.570063591003418,-2.2331137657165527,0.872557520866394,0.5536096692085266,-2.2338509559631348,0.7356231212615967,0.5992209315299988,-2.234913825988769,0.7093998193740845,0.5916165113449097,-2.2350785732269287,0.686428427696228,0.5819860696792603,-2.2352328300476074,0.9063602685928344,0.4802115559577942,-1.9562963247299197,0.6406792998313904,0.5181769132614136,-1.939467191696167,0.8385680913925171,0.7136126160621643,-2.0100998878479004,0.7523105144500732,0.7230406999588013,-2.006479263305664,1.0519797801971436,0.6101939678192139,-1.43904709815979,0.5290682911872864,0.6522682905197144,-1.4320123195648191,1.157538652420044,0.9866339564323424,-0.7463815808296204,0.442007452249527,1.0097423791885376,-0.9337310791015624,1.093104124069214,1.4098848104476929,-0.4042595326900482,0.4748892188072204,1.5232489109039309,-0.7833603620529175,1.097344994544983,1.5256246328353882,-0.3546721935272217,0.457223504781723,1.643307089805603,-0.7814563512802124,1.069032907485962,1.5320404767990112,-0.4240606725215912,0.4817782342433929,1.6270015239715576,-0.8599813580513,1.052125334739685,1.4868260622024536,-0.4212766289710998,0.5038642287254333,1.5768834352493286,-0.8051419258117676,0.9890397787094116,1.311761736869812,-0.037071369588375,0.6786888837814331,1.3292288780212402,0.0385603010654449,0.9400557279586792,2.023364543914795,0.4127067625522613,0.6559814214706421,2.0386250019073486,0.4319980144500732,0.9204146265983582,2.589686155319214,1.3869879245758057,0.6563742160797119,2.627387762069702,1.1798415184020996,0.9188657999038696,2.6646158695220947,1.460911989212036,0.6606779098510742,2.696734666824341,1.2445520162582395,0.8805228471755981,2.8319690227508545,0.9306546449661256,0.6962315440177917,2.882982015609741,0.576784610748291,20.93783926963806,neutro
1761586151.8213649,0,0.7907350659370422,0.6806758046150208,-2.2198891639709477,0.8263675570487976,0.5870901942253113,-2.27407455444336,0.8510910272598267,0.5713615417480469,-2.2733325958251958,0.8727609515190125,0.5548918843269348,-2.2740254402160645,0.7358476519584656,0.6003431081771851,-2.281118392944336,0.7097692489624023,0.592810332775116,-2.28137755393982,0.6865630745887756,0.5836142897605896,-2.2815847396850586,0.9065173864364624,0.4845387041568756,-1.9647760391235352,0.6413007378578186,0.5231533050537109,-1.9804414510726929,0.8388110995292664,0.7163019776344299,-2.045461177825928,0.7523866891860962,0.7248660326004028,-2.0510826110839844,1.0519719123840332,0.6125137209892273,-1.3885654211044312,0.5303101539611816,0.65366530418396,-1.4482901096343994,1.1453845500946045,0.9854631423950196,-0.6729787588119507,0.4463106691837311,0.9929382801055908,-0.8908506631851196,1.078493356704712,1.382838010787964,-0.3134670853614807,0.4794818758964538,1.487964153289795,-0.6105650663375854,1.0809712409973145,1.4945882558822632,-0.2564743161201477,0.4633048474788666,1.6004539728164673,-0.581782341003418,1.0556132793426514,1.4956326484680176,-0.3233359754085541,0.4871696531772613,1.585560917854309,-0.6600583791732788,1.03973650932312,1.452715516090393,-0.3289329707622528,0.5086623430252075,1.5376406908035278,-0.6262131929397583,0.98823344707489,1.316008448600769,-0.0326605252921581,0.6799767017364502,1.3320242166519165,0.0341563448309898,0.9402983784675598,2.0230929851531982,0.4232917428016662,0.6589378714561462,2.034940242767334,0.4227854609489441,0.9194242358207704,2.5900354385375977,1.4036657810211182,0.6598395109176636,2.626944065093994,1.164931058883667,0.915899097919464,2.665967464447021,1.4779233932495115,0.6633226871490479,2.6963469982147217,1.226374864578247,0.8866657018661499,2.826651096343994,0.9441500902175904,0.7024191617965698,2.878087043762207,0.569124162197113,20.983702182769775,neutro
1761586151.8691723,0,0.7917611002922058,0.675954282283783,-2.200403213500977,0.8268583416938782,0.5820897817611694,-2.257601022720337,0.8515484929084778,0.5671350955963135,-2.257344484329224,0.8735147714614868,0.5513702034950256,-2.2575879096984863,0.7377515435218811,0.5959638953208923,-2.252668619155884,0.7114555835723877,0.5898552536964417,-2.253307819366455,0.6891286969184875,0.5819315314292908,-2.2530903816223145,0.9087287187576294,0.4846108555793762,-1.9110138416290283,0.64519202709198,0.5249457955360413,-1.9290498495101929,0.8391879200935364,0.7134107947349548,-1.9982469081878664,0.75361567735672,0.722366213798523,-2.046149969100952,1.0523438453674316,0.610126256942749,-1.2710795402526855,0.531265914440155,0.6557022333145142,-1.417385220527649,1.153313398361206,0.9575026035308838,-0.5516093969345093,0.4535163044929504,0.9837916493415833,-0.8809478878974915,1.0851117372512815,1.3360981941223145,-0.1561251729726791,0.4877485334873199,1.4853028059005735,-0.5984928607940674,1.0877463817596436,1.4506691694259644,-0.0866013467311859,0.4728763103485107,1.5998880863189695,-0.5677905678749084,1.061672925949097,1.4487597942352295,-0.1435052454471588,0.4956378936767578,1.5853968858718872,-0.6518713235855103,1.0454248189926147,1.4067484140396118,-0.1670308262109756,0.51768958568573,1.5366573333740234,-0.617804765701294,0.9898232221603394,1.316763401031494,-0.0343446806073188,0.6807470321655273,1.3316895961761477,0.0358996354043483,0.94444739818573,2.0211429595947266,0.3324884474277496,0.6615979671478271,2.034392833709717,0.3676490187644958,0.925310492515564,2.587286233901977,1.2401983737945557,0.6637619733810425,2.62463903427124,1.0438547134399414,0.9226058125495912,2.663630962371826,1.3047560453414917,0.6675713658332825,2.6942009925842285,1.0979111194610596,0.8921952247619629,2.823759794235229,0.7686389088630676,0.7062367796897888,2.8763322830200195,0.4458962082862854,21.03150963783264,neutro
1761586151.913529,0,0.7918720245361328,0.6777533888816833,-2.229399919509888,0.8270000219345093,0.5849067568778992,-2.288827657699585,0.8516668081283569,0.570323646068573,-2.288322687149048,0.8736459612846375,0.5549620985984802,-2.288949728012085,0.7381243705749512,0.5979687571525574,-2.2931370735168457,0.7118045091629028,0.5920873880386353,-2.293421506881714,0.6892553567886353,0.5840243101119995,-2.293668746948242,0.9090032577514648,0.4868168830871582,-1.9755983352661133,0.6460351347923279,0.5262455940246582,-1.9867362976074217,0.8393521308898926,0.7143160104751587,-2.0490589141845703,0.7539476156234741,0.7232192754745483,-2.0595548152923584,1.0585492849349976,0.6077185869216919,-1.3361586332321167,0.5315157175064087,0.6540808081626892,-1.426203727722168,1.1582361459732056,0.9574442505836488,-0.6480768918991089,0.4557750821113586,0.9736387729644777,-0.833645224571228,1.0882065296173096,1.3345657587051392,-0.3707360327243805,0.486200749874115,1.4644182920455933,-0.498249351978302,1.088616132736206,1.4501208066940308,-0.3219733238220215,0.4717743396759033,1.5836020708084106,-0.4548890590667724,1.062299132347107,1.444779634475708,-0.3899247646331787,0.4933885633945465,1.5704662799835205,-0.5402317047119141,1.0468342304229736,1.4005640745162964,-0.3872698247432709,0.5155123472213745,1.520662784576416,-0.5161358118057251,0.9952207803726196,1.3159751892089844,-0.039099134504795,0.6864992380142212,1.3311699628829956,0.0407414212822914,0.949896514415741,2.020395040512085,0.3284249901771545,0.6690478324890137,2.028010368347168,0.3746238946914673,0.9278342127799988,2.5854833126068115,1.249683499336243,0.6682608723640442,2.621954917907715,1.070268988609314,0.9254575967788696,2.6589808464050293,1.31280255317688,0.6731372475624084,2.6892478466033936,1.1310052871704102,0.894129753112793,2.821834087371826,0.7995482683181763,0.7083592414855957,2.87349009513855,0.448918730020523,21.075866222381592,neutro
1761586151.9608507,0,0.7921167612075806,0.6781126856803894,-2.218471050262451,0.827041506767273,0.58402419090271,-2.2758452892303467,0.8517799377441406,0.5693541765213013,-2.275320291519165,0.8737564086914062,0.5538797974586487,-2.276022434234619,0.7383984327316284,0.5963693857192993,-2.2785139083862305,0.7121662497520447,0.5904533267021179,-2.2786355018615723,0.6896376609802246,0.5822901129722595,-2.2788898944854736,0.9093594551086426,0.4863569140434265,-1.9643758535385127,0.6467623710632324,0.5263844132423401,-1.9603779315948489,0.8395463228225708,0.7147584557533264,-2.0412368774414062,0.7542386054992676,0.7235609889030457,-2.042532444000244,1.0596129894256592,0.6077722311019897,-1.3428512811660769,0.5335315465927124,0.6537389755249023,-1.412223219871521,1.1596839427947998,0.9656215906143188,-0.6906526684761047,0.4591189324855804,0.9511509537696838,-0.739810585975647,1.1000422239303589,1.3581205606460571,-0.4147041440010071,0.4846619665622711,1.444648027420044,-0.4102326333522796,1.102466106414795,1.4828925132751465,-0.3682836592197418,0.4693535268306732,1.56441330909729,-0.3590597510337829,1.0712169408798218,1.4791151285171509,-0.4350461065769195,0.4915200173854828,1.5562255382537842,-0.4461843073368072,1.0558803081512451,1.4280109405517578,-0.4310955107212066,0.5140005350112915,1.5067399740219116,-0.4287457466125488,0.9971302151679992,1.3177298307418823,-0.0488571487367153,0.6890655159950256,1.330319881439209,0.0507272891700267,0.952039361000061,2.0188841819763184,0.2804009318351745,0.6704463958740234,2.026728868484497,0.3711771667003631,0.9285232424736024,2.584599256515503,1.217196702957153,0.6697219014167786,2.6215391159057617,1.0657730102539062,0.926627516746521,2.658245325088501,1.284576416015625,0.6746042370796204,2.6888816356658936,1.1227506399154663,0.8893620371818542,2.8206124305725098,0.7303786277770996,0.7070887088775635,2.8715600967407227,0.4522099494934082,21.123188018798828,neutro
1761586152.0089066,0,0.7936158776283264,0.676950991153717,-2.200592279434204,0.8274305462837219,0.582592785358429,-2.2600605487823486,0.8521884679794312,0.568007230758667,-2.2595055103302,0.8743466138839722,0.5525864958763123,-2.260217428207397,0.7397090196609497,0.5953288674354553,-2.265255689620972,0.7136777639389038,0.589866578578949,-2.2653911113739014,0.691720724105835,0.5822121500968933,-2.2656142711639404,0.9101750254631042,0.4851265549659729,-1.9578765630722048,0.6501761078834534,0.5274796485900879,-1.9649314880371092,0.8403795957565308,0.7141959071159363,-2.026949644088745,0.7562867403030396,0.7228411436080933,-2.030280590057373,1.0618035793304443,0.6072267889976501,-1.34449565410614,0.5357401967048645,0.6532219648361206,-1.401731014251709,1.1620160341262815,0.9646703004837036,-0.6774230003356934,0.4617356359958648,0.9413273930549622,-0.7278599739074707,1.109378457069397,1.3594762086868286,-0.3214204907417297,0.4857760369777679,1.433663845062256,-0.3518379628658294,1.114641547203064,1.484466314315796,-0.2531661987304687,0.4724064767360687,1.5508631467819214,-0.2850389778614044,1.0849436521530151,1.4828212261199951,-0.3174336850643158,0.4932087957859039,1.5449119806289673,-0.368246853351593,1.0679314136505127,1.4314645528793335,-0.3332857489585876,0.5145243406295776,1.49625825881958,-0.3659281134605407,1.0005916357040403,1.3193141222000122,-0.0516976341605186,0.6939243078231812,1.3313735723495483,0.0534132719039917,0.953729510307312,2.0190346240997314,0.2872338891029358,0.6728091239929199,2.0261404514312744,0.3741129040718078,0.9305011630058287,2.587351560592652,1.2359154224395752,0.6706019043922424,2.625168800354004,1.0721240043640137,0.928881287574768,2.66066575050354,1.3057562112808228,0.6760236024856567,2.6920835971832275,1.1285841464996338,0.8913049697875977,2.8228135108947754,0.7620528936386108,0.7085261940956116,2.8761661052703857,0.4675920903682709,21.171243906021118,neutro
